<?xml version="1.0" encoding="UTF-8"?>
<gpx version="1.1" creator="Velodash">
  <trk>
    <name>環騎臺北-挑戰騎(官方推薦路線，含基隆河及景美溪右岸)</name>
    <trkseg>
      <trkpt lat="24.976960000000002" lon="121.55488000000001">
        <time>2023-05-01T04:24:35.924Z</time>
        <ele>12.74528312683105</ele>
      </trkpt>
      <trkpt lat="24.976950000000002" lon="121.55488000000001">
        <time>2023-05-01T04:24:41.924Z</time>
        <ele>12.767530794363982</ele>
      </trkpt>
      <trkpt lat="24.976910000000004" lon="121.55496000000001">
        <time>2023-05-01T04:24:47.924Z</time>
        <ele>12.952565338934827</ele>
      </trkpt>
      <trkpt lat="24.97681" lon="121.55517">
        <time>2023-05-01T04:24:53.924Z</time>
        <ele>13.433030320924924</ele>
      </trkpt>
      <trkpt lat="24.976740000000003" lon="121.55536000000001">
        <time>2023-05-01T04:24:59.924Z</time>
        <ele>13.848609215223924</ele>
      </trkpt>
      <trkpt lat="24.97671" lon="121.55554000000001">
        <time>2023-05-01T04:25:05.924Z</time>
        <ele>14.219678197186088</ele>
      </trkpt>
      <trkpt lat="24.9767" lon="121.55571">
        <time>2023-05-01T04:25:11.924Z</time>
        <ele>14.56513385560423</ele>
      </trkpt>
      <trkpt lat="24.976720000000004" lon="121.55590000000001">
        <time>2023-05-01T04:25:17.924Z</time>
        <ele>14.952990572055427</ele>
      </trkpt>
      <trkpt lat="24.976750000000003" lon="121.55607">
        <time>2023-05-01T04:25:23.924Z</time>
        <ele>15.304130464024055</ele>
      </trkpt>
      <trkpt lat="24.97681" lon="121.55641000000001">
        <time>2023-05-01T04:25:29.924Z</time>
        <ele>16.006410001863635</ele>
      </trkpt>
      <trkpt lat="24.976860000000002" lon="121.55663000000001">
        <time>2023-05-01T04:25:35.924Z</time>
        <ele>16.466200716348627</ele>
      </trkpt>
      <trkpt lat="24.976950000000002" lon="121.55679">
        <time>2023-05-01T04:25:41.924Z</time>
        <ele>16.401271042914317</ele>
      </trkpt>
      <trkpt lat="24.97716" lon="121.55702000000001">
        <time>2023-05-01T04:25:47.924Z</time>
        <ele>15.774518958280996</ele>
      </trkpt>
      <trkpt lat="24.977330000000002" lon="121.55713000000002">
        <time>2023-05-01T04:25:53.924Z</time>
        <ele>15.35764994050228</ele>
      </trkpt>
      <trkpt lat="24.977330000000002" lon="121.55714">
        <time>2023-05-01T04:25:59.924Z</time>
        <ele>15.338397599883653</ele>
      </trkpt>
      <trkpt lat="24.977520000000002" lon="121.55720000000001">
        <time>2023-05-01T04:26:05.924Z</time>
        <ele>14.920790863281745</ele>
      </trkpt>
      <trkpt lat="24.9784" lon="121.55730000000001">
        <time>2023-05-01T04:26:11.924Z</time>
        <ele>13.052135122727199</ele>
      </trkpt>
      <trkpt lat="24.978730000000002" lon="121.55735000000001">
        <time>2023-05-01T04:26:17.924Z</time>
        <ele>12.67782140622483</ele>
      </trkpt>
      <trkpt lat="24.97896" lon="121.55743000000001">
        <time>2023-05-01T04:26:23.924Z</time>
        <ele>12.635843368198904</ele>
      </trkpt>
      <trkpt lat="24.979180000000003" lon="121.55754">
        <time>2023-05-01T04:26:29.924Z</time>
        <ele>12.593780497285872</ele>
      </trkpt>
      <trkpt lat="24.979630000000004" lon="121.55785000000002">
        <time>2023-05-01T04:26:35.924Z</time>
        <ele>12.501335702394488</ele>
      </trkpt>
      <trkpt lat="24.97997" lon="121.55818000000001">
        <time>2023-05-01T04:26:41.924Z</time>
        <ele>12.422357498220151</ele>
      </trkpt>
      <trkpt lat="24.980050000000002" lon="121.55828000000001">
        <time>2023-05-01T04:26:47.924Z</time>
        <ele>12.45329040797802</ele>
      </trkpt>
      <trkpt lat="24.980150000000002" lon="121.55845000000001">
        <time>2023-05-01T04:26:53.924Z</time>
        <ele>12.87267068455655</ele>
      </trkpt>
      <trkpt lat="24.980220000000003" lon="121.55863000000001">
        <time>2023-05-01T04:26:59.924Z</time>
        <ele>13.27830903688077</ele>
      </trkpt>
      <trkpt lat="24.98027" lon="121.55890000000001">
        <time>2023-05-01T04:27:05.924Z</time>
        <ele>13.849390064592427</ele>
      </trkpt>
      <trkpt lat="24.980290000000004" lon="121.55908000000001">
        <time>2023-05-01T04:27:11.924Z</time>
        <ele>14.225249980825783</ele>
      </trkpt>
      <trkpt lat="24.980290000000004" lon="121.55908000000001">
        <time>2023-05-01T04:27:17.924Z</time>
        <ele>14.225249980825783</ele>
      </trkpt>
      <trkpt lat="24.98028" lon="121.55918000000001">
        <time>2023-05-01T04:27:23.924Z</time>
        <ele>14.433770366636315</ele>
      </trkpt>
      <trkpt lat="24.980200000000004" lon="121.55953000000001">
        <time>2023-05-01T04:27:29.924Z</time>
        <ele>15.181702119198556</ele>
      </trkpt>
      <trkpt lat="24.979920000000003" lon="121.56054">
        <time>2023-05-01T04:27:35.924Z</time>
        <ele>16.77365536591619</ele>
      </trkpt>
      <trkpt lat="24.979860000000002" lon="121.56095">
        <time>2023-05-01T04:27:41.924Z</time>
        <ele>16.781023857074864</ele>
      </trkpt>
      <trkpt lat="24.979860000000002" lon="121.56111000000001">
        <time>2023-05-01T04:27:47.924Z</time>
        <ele>16.78386300594372</ele>
      </trkpt>
      <trkpt lat="24.979860000000002" lon="121.56111000000001">
        <time>2023-05-01T04:27:53.924Z</time>
        <ele>16.78386300594372</ele>
      </trkpt>
      <trkpt lat="24.97988" lon="121.56144">
        <time>2023-05-01T04:27:59.924Z</time>
        <ele>16.789731680493475</ele>
      </trkpt>
      <trkpt lat="24.979930000000003" lon="121.56168000000001">
        <time>2023-05-01T04:28:05.924Z</time>
        <ele>16.79410023012243</ele>
      </trkpt>
      <trkpt lat="24.980020000000003" lon="121.56195000000001">
        <time>2023-05-01T04:28:11.924Z</time>
        <ele>16.79920162180807</ele>
      </trkpt>
      <trkpt lat="24.980770000000003" lon="121.56347000000001">
        <time>2023-05-01T04:28:17.924Z</time>
        <ele>15.801758758763148</ele>
      </trkpt>
      <trkpt lat="24.980770000000003" lon="121.56348000000001">
        <time>2023-05-01T04:28:23.924Z</time>
        <ele>15.77512078434113</ele>
      </trkpt>
      <trkpt lat="24.98141" lon="121.56479000000002">
        <time>2023-05-01T04:28:29.924Z</time>
        <ele>14.949838207502538</ele>
      </trkpt>
      <trkpt lat="24.981450000000002" lon="121.56489">
        <time>2023-05-01T04:28:35.924Z</time>
        <ele>15.548848499122226</ele>
      </trkpt>
      <trkpt lat="24.981460000000002" lon="121.56495000000001">
        <time>2023-05-01T04:28:41.924Z</time>
        <ele>15.88341399638118</ele>
      </trkpt>
      <trkpt lat="24.981460000000002" lon="121.56496000000001">
        <time>2023-05-01T04:28:47.924Z</time>
        <ele>15.938265434928041</ele>
      </trkpt>
      <trkpt lat="24.9814" lon="121.56518000000001">
        <time>2023-05-01T04:28:53.924Z</time>
        <ele>17.197860040143716</ele>
      </trkpt>
      <trkpt lat="24.98131" lon="121.56578">
        <time>2023-05-01T04:28:59.924Z</time>
        <ele>18.327056231457128</ele>
      </trkpt>
      <trkpt lat="24.981260000000002" lon="121.56597000000001">
        <time>2023-05-01T04:29:05.924Z</time>
        <ele>18.338334779448743</ele>
      </trkpt>
      <trkpt lat="24.980950000000004" lon="121.56698000000002">
        <time>2023-05-01T04:29:11.924Z</time>
        <ele>18.39911472349661</ele>
      </trkpt>
      <trkpt lat="24.980950000000004" lon="121.56698000000002">
        <time>2023-05-01T04:29:17.924Z</time>
        <ele>18.39911472349661</ele>
      </trkpt>
      <trkpt lat="24.980880000000003" lon="121.5673">
        <time>2023-05-01T04:29:23.924Z</time>
        <ele>18.417883032135894</ele>
      </trkpt>
      <trkpt lat="24.980870000000003" lon="121.56744">
        <time>2023-05-01T04:29:29.924Z</time>
        <ele>18.425891922577275</ele>
      </trkpt>
      <trkpt lat="24.980880000000003" lon="121.56755000000001">
        <time>2023-05-01T04:29:35.924Z</time>
        <ele>18.432196514748618</ele>
      </trkpt>
      <trkpt lat="24.981340000000003" lon="121.56866000000001">
        <time>2023-05-01T04:29:41.924Z</time>
        <ele>17.582654219820398</ele>
      </trkpt>
      <trkpt lat="24.981340000000003" lon="121.56867000000001">
        <time>2023-05-01T04:29:47.924Z</time>
        <ele>17.56762426284883</ele>
      </trkpt>
      <trkpt lat="24.982100000000003" lon="121.57052000000002">
        <time>2023-05-01T04:29:53.924Z</time>
        <ele>15.470105392950915</ele>
      </trkpt>
      <trkpt lat="24.982190000000003" lon="121.57069000000001">
        <time>2023-05-01T04:29:59.924Z</time>
        <ele>15.491958940065581</ele>
      </trkpt>
      <trkpt lat="24.982280000000003" lon="121.57084">
        <time>2023-05-01T04:30:05.924Z</time>
        <ele>15.607201859800732</ele>
      </trkpt>
      <trkpt lat="24.98241" lon="121.57097000000002">
        <time>2023-05-01T04:30:11.924Z</time>
        <ele>15.810002157249057</ele>
      </trkpt>
      <trkpt lat="24.982540000000004" lon="121.57109000000001">
        <time>2023-05-01T04:30:17.924Z</time>
        <ele>16.00587747548371</ele>
      </trkpt>
      <trkpt lat="24.982640000000004" lon="121.57115">
        <time>2023-05-01T04:30:23.924Z</time>
        <ele>16.137286911988713</ele>
      </trkpt>
      <trkpt lat="24.982740000000003" lon="121.57119000000002">
        <time>2023-05-01T04:30:29.924Z</time>
        <ele>16.26000535435815</ele>
      </trkpt>
      <trkpt lat="24.98316" lon="121.57124">
        <time>2023-05-01T04:30:35.924Z</time>
        <ele>16.74708637242769</ele>
      </trkpt>
      <trkpt lat="24.98317" lon="121.57124">
        <time>2023-05-01T04:30:41.924Z</time>
        <ele>16.758615866570658</ele>
      </trkpt>
      <trkpt lat="24.98325" lon="121.57125">
        <time>2023-05-01T04:30:47.924Z</time>
        <ele>16.851448517753834</ele>
      </trkpt>
      <trkpt lat="24.983600000000003" lon="121.57136000000001">
        <time>2023-05-01T04:30:53.924Z</time>
        <ele>17.27121071664537</ele>
      </trkpt>
      <trkpt lat="24.9843" lon="121.57136000000001">
        <time>2023-05-01T04:30:59.924Z</time>
        <ele>17.88874905925138</ele>
      </trkpt>
      <trkpt lat="24.9843" lon="121.57137000000002">
        <time>2023-05-01T04:31:05.924Z</time>
        <ele>17.895536987777653</ele>
      </trkpt>
      <trkpt lat="24.9844" lon="121.57137000000002">
        <time>2023-05-01T04:31:11.924Z</time>
        <ele>17.97001154821126</ele>
      </trkpt>
      <trkpt lat="24.98486" lon="121.57144000000001">
        <time>2023-05-01T04:31:17.924Z</time>
        <ele>18.31587397215708</ele>
      </trkpt>
      <trkpt lat="24.98524" lon="121.57155000000002">
        <time>2023-05-01T04:31:23.924Z</time>
        <ele>18.608561561283846</ele>
      </trkpt>
      <trkpt lat="24.985550000000003" lon="121.57172000000001">
        <time>2023-05-01T04:31:29.924Z</time>
        <ele>18.866664675453592</ele>
      </trkpt>
      <trkpt lat="24.9861" lon="121.57197000000001">
        <time>2023-05-01T04:31:35.924Z</time>
        <ele>17.520758350994775</ele>
      </trkpt>
      <trkpt lat="24.9861" lon="121.57198000000001">
        <time>2023-05-01T04:31:41.924Z</time>
        <ele>17.49976036384628</ele>
      </trkpt>
      <trkpt lat="24.986680000000003" lon="121.57206000000001">
        <time>2023-05-01T04:31:47.924Z</time>
        <ele>16.153007978511088</ele>
      </trkpt>
      <trkpt lat="24.987240000000003" lon="121.57211000000001">
        <time>2023-05-01T04:31:53.924Z</time>
        <ele>14.85815424073636</ele>
      </trkpt>
      <trkpt lat="24.987240000000003" lon="121.57212000000001">
        <time>2023-05-01T04:31:59.924Z</time>
        <ele>14.836840226799756</ele>
      </trkpt>
      <trkpt lat="24.987440000000003" lon="121.57212000000001">
        <time>2023-05-01T04:32:05.924Z</time>
        <ele>14.369130468597714</ele>
      </trkpt>
      <trkpt lat="24.98769" lon="121.57204000000002">
        <time>2023-05-01T04:32:11.924Z</time>
        <ele>13.760135476049705</ele>
      </trkpt>
      <trkpt lat="24.987830000000002" lon="121.57198000000001">
        <time>2023-05-01T04:32:17.924Z</time>
        <ele>13.408648779096021</ele>
      </trkpt>
      <trkpt lat="24.98832" lon="121.5716">
        <time>2023-05-01T04:32:23.924Z</time>
        <ele>12.005422678907053</ele>
      </trkpt>
      <trkpt lat="24.98832" lon="121.5716">
        <time>2023-05-01T04:32:29.924Z</time>
        <ele>12.005422678907053</ele>
      </trkpt>
      <trkpt lat="24.988570000000003" lon="121.57141000000001">
        <time>2023-05-01T04:32:35.924Z</time>
        <ele>11.2942298549312</ele>
      </trkpt>
      <trkpt lat="24.98898" lon="121.57125">
        <time>2023-05-01T04:32:41.924Z</time>
        <ele>10.276584522167246</ele>
      </trkpt>
      <trkpt lat="24.98908" lon="121.57124">
        <time>2023-05-01T04:32:47.924Z</time>
        <ele>10.041760325471342</ele>
      </trkpt>
      <trkpt lat="24.98919" lon="121.57124">
        <time>2023-05-01T04:32:53.924Z</time>
        <ele>9.784519896418256</ele>
      </trkpt>
      <trkpt lat="24.990080000000003" lon="121.57136000000001">
        <time>2023-05-01T04:32:59.924Z</time>
        <ele>9.270892250034743</ele>
      </trkpt>
      <trkpt lat="24.990090000000002" lon="121.57136000000001">
        <time>2023-05-01T04:33:05.924Z</time>
        <ele>9.268372769653872</ele>
      </trkpt>
      <trkpt lat="24.990190000000002" lon="121.57138">
        <time>2023-05-01T04:33:11.924Z</time>
        <ele>9.242762825661666</ele>
      </trkpt>
      <trkpt lat="24.99042" lon="121.57154000000001">
        <time>2023-05-01T04:33:17.924Z</time>
        <ele>9.174149399513368</ele>
      </trkpt>
      <trkpt lat="24.990550000000002" lon="121.57159000000001">
        <time>2023-05-01T04:33:23.924Z</time>
        <ele>9.139442142318373</ele>
      </trkpt>
      <trkpt lat="24.990930000000002" lon="121.57167000000001">
        <time>2023-05-01T04:33:29.924Z</time>
        <ele>9.04195546634497</ele>
      </trkpt>
      <trkpt lat="24.990940000000002" lon="121.57167000000001">
        <time>2023-05-01T04:33:35.924Z</time>
        <ele>9.039435985676237</ele>
      </trkpt>
      <trkpt lat="24.991100000000003" lon="121.57168000000001">
        <time>2023-05-01T04:33:41.924Z</time>
        <ele>8.999058948384382</ele>
      </trkpt>
      <trkpt lat="24.99198" lon="121.57158000000001">
        <time>2023-05-01T04:33:47.924Z</time>
        <ele>9.028688360448385</ele>
      </trkpt>
      <trkpt lat="24.99219" lon="121.57159000000001">
        <time>2023-05-01T04:33:53.924Z</time>
        <ele>9.041108866281952</ele>
      </trkpt>
      <trkpt lat="24.9922" lon="121.57159000000001">
        <time>2023-05-01T04:33:59.924Z</time>
        <ele>9.041699762736041</ele>
      </trkpt>
      <trkpt lat="24.99248" lon="121.57162000000001">
        <time>2023-05-01T04:34:05.924Z</time>
        <ele>9.058323556660454</ele>
      </trkpt>
      <trkpt lat="24.992720000000002" lon="121.57171000000001">
        <time>2023-05-01T04:34:11.924Z</time>
        <ele>9.07331044070557</ele>
      </trkpt>
      <trkpt lat="24.99376" lon="121.57191000000002">
        <time>2023-05-01T04:34:17.924Z</time>
        <ele>9.435818116561897</ele>
      </trkpt>
      <trkpt lat="24.994290000000003" lon="121.57199000000001">
        <time>2023-05-01T04:34:23.924Z</time>
        <ele>9.663792585667359</ele>
      </trkpt>
      <trkpt lat="24.994300000000003" lon="121.57199000000001">
        <time>2023-05-01T04:34:29.924Z</time>
        <ele>9.668053859289573</ele>
      </trkpt>
      <trkpt lat="24.994500000000002" lon="121.57202000000001">
        <time>2023-05-01T04:34:35.924Z</time>
        <ele>9.762382568888409</ele>
      </trkpt>
      <trkpt lat="24.99517" lon="121.57230000000001">
        <time>2023-05-01T04:34:41.924Z</time>
        <ele>10.12185562708793</ele>
      </trkpt>
      <trkpt lat="24.99529" lon="121.57237">
        <time>2023-05-01T04:34:47.924Z</time>
        <ele>10.189996673273363</ele>
      </trkpt>
      <trkpt lat="24.995440000000002" lon="121.57252000000001">
        <time>2023-05-01T04:34:53.924Z</time>
        <ele>10.29175325381825</ele>
      </trkpt>
      <trkpt lat="24.995810000000002" lon="121.57295">
        <time>2023-05-01T04:34:59.924Z</time>
        <ele>10.561981134828432</ele>
      </trkpt>
      <trkpt lat="24.995810000000002" lon="121.57296000000001">
        <time>2023-05-01T04:35:05.924Z</time>
        <ele>10.566550601826837</ele>
      </trkpt>
      <trkpt lat="24.99689" lon="121.57423000000001">
        <time>2023-05-01T04:35:11.924Z</time>
        <ele>9.930076633028365</ele>
      </trkpt>
      <trkpt lat="24.996950000000002" lon="121.57428000000002">
        <time>2023-05-01T04:35:17.924Z</time>
        <ele>9.83914692109927</ele>
      </trkpt>
      <trkpt lat="24.99705" lon="121.57429">
        <time>2023-05-01T04:35:23.924Z</time>
        <ele>10.22870450887545</ele>
      </trkpt>
      <trkpt lat="24.99705" lon="121.57429">
        <time>2023-05-01T04:35:29.924Z</time>
        <ele>10.22870450887545</ele>
      </trkpt>
      <trkpt lat="24.997100000000003" lon="121.57428000000002">
        <time>2023-05-01T04:35:35.924Z</time>
        <ele>10.427283106997532</ele>
      </trkpt>
      <trkpt lat="24.997600000000002" lon="121.57486000000002">
        <time>2023-05-01T04:35:41.924Z</time>
        <ele>13.27014819270249</ele>
      </trkpt>
      <trkpt lat="24.997690000000002" lon="121.57495000000002">
        <time>2023-05-01T04:35:47.924Z</time>
        <ele>13.745919628069636</ele>
      </trkpt>
      <trkpt lat="24.997880000000002" lon="121.575">
        <time>2023-05-01T04:35:53.924Z</time>
        <ele>14.50933847739181</ele>
      </trkpt>
      <trkpt lat="24.99792" lon="121.57502000000001">
        <time>2023-05-01T04:35:59.924Z</time>
        <ele>14.681087214474296</ele>
      </trkpt>
      <trkpt lat="24.99801" lon="121.57512000000001">
        <time>2023-05-01T04:36:05.924Z</time>
        <ele>15.181535455079318</ele>
      </trkpt>
      <trkpt lat="24.9983" lon="121.57528">
        <time>2023-05-01T04:36:11.924Z</time>
        <ele>15.866015849615097</ele>
      </trkpt>
      <trkpt lat="24.998310000000004" lon="121.57528">
        <time>2023-05-01T04:36:17.924Z</time>
        <ele>15.867415777043078</ele>
      </trkpt>
      <trkpt lat="24.998430000000003" lon="121.57535000000001">
        <time>2023-05-01T04:36:23.924Z</time>
        <ele>15.88644120975742</ele>
      </trkpt>
      <trkpt lat="24.998690000000003" lon="121.57556000000001">
        <time>2023-05-01T04:36:29.924Z</time>
        <ele>15.931636647912896</ele>
      </trkpt>
      <trkpt lat="24.998900000000003" lon="121.57576000000002">
        <time>2023-05-01T04:36:35.924Z</time>
        <ele>15.9705639934649</ele>
      </trkpt>
      <trkpt lat="24.99922" lon="121.57608">
        <time>2023-05-01T04:36:41.924Z</time>
        <ele>16.031173881824337</ele>
      </trkpt>
      <trkpt lat="25.001040000000003" lon="121.57913">
        <time>2023-05-01T04:36:47.924Z</time>
        <ele>17.532625835059665</ele>
      </trkpt>
      <trkpt lat="25.001040000000003" lon="121.57914000000001">
        <time>2023-05-01T04:36:53.924Z</time>
        <ele>17.54327830565611</ele>
      </trkpt>
      <trkpt lat="25.00127" lon="121.57962">
        <time>2023-05-01T04:36:59.924Z</time>
        <ele>18.12096860240255</ele>
      </trkpt>
      <trkpt lat="25.00194" lon="121.58087">
        <time>2023-05-01T04:37:05.924Z</time>
        <ele>21.04932045460105</ele>
      </trkpt>
      <trkpt lat="25.00194" lon="121.58088000000001">
        <time>2023-05-01T04:37:11.924Z</time>
        <ele>21.073763198345752</ele>
      </trkpt>
      <trkpt lat="25.002060000000004" lon="121.58106000000001">
        <time>2023-05-01T04:37:17.924Z</time>
        <ele>21.61889229383611</ele>
      </trkpt>
      <trkpt lat="25.00222" lon="121.58142000000001">
        <time>2023-05-01T04:37:23.924Z</time>
        <ele>22.597899355116127</ele>
      </trkpt>
      <trkpt lat="25.00243" lon="121.58202000000001">
        <time>2023-05-01T04:37:29.924Z</time>
        <ele>24.16890271089036</ele>
      </trkpt>
      <trkpt lat="25.0028" lon="121.58328000000002">
        <time>2023-05-01T04:37:35.924Z</time>
        <ele>23.851561234349223</ele>
      </trkpt>
      <trkpt lat="25.002810000000004" lon="121.58328000000002">
        <time>2023-05-01T04:37:41.924Z</time>
        <ele>23.860411732714525</ele>
      </trkpt>
      <trkpt lat="25.0029" lon="121.58369">
        <time>2023-05-01T04:37:47.924Z</time>
        <ele>24.20055503505027</ele>
      </trkpt>
      <trkpt lat="25.00296" lon="121.58401">
        <time>2023-05-01T04:37:53.924Z</time>
        <ele>24.464056888893083</ele>
      </trkpt>
      <trkpt lat="25.00296" lon="121.58401">
        <time>2023-05-01T04:37:59.924Z</time>
        <ele>24.464056888893083</ele>
      </trkpt>
      <trkpt lat="25.00277" lon="121.58398000000001">
        <time>2023-05-01T04:38:05.924Z</time>
        <ele>24.63394825567667</ele>
      </trkpt>
      <trkpt lat="25.002360000000003" lon="121.58416000000001">
        <time>2023-05-01T04:38:11.924Z</time>
        <ele>25.024783171426453</ele>
      </trkpt>
      <trkpt lat="25.002270000000003" lon="121.58421000000001">
        <time>2023-05-01T04:38:17.924Z</time>
        <ele>24.945817748502193</ele>
      </trkpt>
      <trkpt lat="25.002100000000002" lon="121.58427">
        <time>2023-05-01T04:38:23.924Z</time>
        <ele>24.36706506578948</ele>
      </trkpt>
      <trkpt lat="25.001990000000003" lon="121.58429000000001">
        <time>2023-05-01T04:38:29.924Z</time>
        <ele>24.005703954389215</ele>
      </trkpt>
      <trkpt lat="25.001880000000003" lon="121.58432">
        <time>2023-05-01T04:38:35.924Z</time>
        <ele>23.638357560239797</ele>
      </trkpt>
      <trkpt lat="25.001730000000002" lon="121.58431000000002">
        <time>2023-05-01T04:38:41.924Z</time>
        <ele>23.151324103425132</ele>
      </trkpt>
      <trkpt lat="25.00149" lon="121.58424000000001">
        <time>2023-05-01T04:38:47.924Z</time>
        <ele>22.346497393347594</ele>
      </trkpt>
      <trkpt lat="25.001350000000002" lon="121.58415000000001">
        <time>2023-05-01T04:38:53.924Z</time>
        <ele>21.82063978557596</ele>
      </trkpt>
      <trkpt lat="25.00121" lon="121.58404000000002">
        <time>2023-05-01T04:38:59.924Z</time>
        <ele>21.262590602987057</ele>
      </trkpt>
      <trkpt lat="25.00102" lon="121.58373000000002">
        <time>2023-05-01T04:39:05.924Z</time>
        <ele>20.15919945491317</ele>
      </trkpt>
      <trkpt lat="25.00092" lon="121.58358000000001">
        <time>2023-05-01T04:39:11.924Z</time>
        <ele>19.610285445096807</ele>
      </trkpt>
      <trkpt lat="25.0008" lon="121.58335000000001">
        <time>2023-05-01T04:39:17.924Z</time>
        <ele>18.6526694943396</ele>
      </trkpt>
      <trkpt lat="25.000690000000002" lon="121.58318000000001">
        <time>2023-05-01T04:39:23.924Z</time>
        <ele>17.7113837743206</ele>
      </trkpt>
      <trkpt lat="25.00061" lon="121.58312000000001">
        <time>2023-05-01T04:39:29.924Z</time>
        <ele>17.231333015077347</ele>
      </trkpt>
      <trkpt lat="25.00053" lon="121.58305000000001">
        <time>2023-05-01T04:39:35.924Z</time>
        <ele>16.724434397829626</ele>
      </trkpt>
      <trkpt lat="25.000420000000002" lon="121.58281000000001">
        <time>2023-05-01T04:39:41.924Z</time>
        <ele>15.511585276138652</ele>
      </trkpt>
      <trkpt lat="25.000300000000003" lon="121.58258000000001">
        <time>2023-05-01T04:39:47.924Z</time>
        <ele>14.315067765574515</ele>
      </trkpt>
      <trkpt lat="25.000210000000003" lon="121.58246000000001">
        <time>2023-05-01T04:39:53.924Z</time>
        <ele>13.613423604440941</ele>
      </trkpt>
      <trkpt lat="25.00016" lon="121.58237000000001">
        <time>2023-05-01T04:39:59.924Z</time>
        <ele>13.137549514865249</ele>
      </trkpt>
      <trkpt lat="24.99997" lon="121.58209000000001">
        <time>2023-05-01T04:40:05.924Z</time>
        <ele>11.561481549211857</ele>
      </trkpt>
      <trkpt lat="24.999830000000003" lon="121.58183000000001">
        <time>2023-05-01T04:40:11.924Z</time>
        <ele>11.240856563778015</ele>
      </trkpt>
      <trkpt lat="24.99968" lon="121.58157000000001">
        <time>2023-05-01T04:40:17.924Z</time>
        <ele>12.130347887810009</ele>
      </trkpt>
      <trkpt lat="24.999620000000004" lon="121.58146">
        <time>2023-05-01T04:40:23.924Z</time>
        <ele>12.500914743159022</ele>
      </trkpt>
      <trkpt lat="24.99952" lon="121.58130000000001">
        <time>2023-05-01T04:40:29.924Z</time>
        <ele>13.061724204085202</ele>
      </trkpt>
      <trkpt lat="24.99942" lon="121.58114">
        <time>2023-05-01T04:40:35.924Z</time>
        <ele>13.6225339713383</ele>
      </trkpt>
      <trkpt lat="24.99933" lon="121.58097000000001">
        <time>2023-05-01T04:40:41.924Z</time>
        <ele>14.190835018784721</ele>
      </trkpt>
      <trkpt lat="24.999380000000002" lon="121.58091">
        <time>2023-05-01T04:40:47.924Z</time>
        <ele>14.425848775239777</ele>
      </trkpt>
      <trkpt lat="24.999360000000003" lon="121.58087">
        <time>2023-05-01T04:40:53.924Z</time>
        <ele>14.557731721394068</ele>
      </trkpt>
      <trkpt lat="24.999280000000002" lon="121.58056">
        <time>2023-05-01T04:40:59.924Z</time>
        <ele>15.4890514078795</ele>
      </trkpt>
      <trkpt lat="24.99922" lon="121.58044000000001">
        <time>2023-05-01T04:41:05.924Z</time>
        <ele>15.88470054023242</ele>
      </trkpt>
      <trkpt lat="24.999100000000002" lon="121.5802">
        <time>2023-05-01T04:41:11.924Z</time>
        <ele>16.675999245775735</ele>
      </trkpt>
      <trkpt lat="24.99904" lon="121.58011">
        <time>2023-05-01T04:41:17.924Z</time>
        <ele>16.82646476259326</ele>
      </trkpt>
      <trkpt lat="24.99904" lon="121.57995000000001">
        <time>2023-05-01T04:41:23.924Z</time>
        <ele>16.729025601863455</ele>
      </trkpt>
      <trkpt lat="24.99902" lon="121.57981000000001">
        <time>2023-05-01T04:41:29.924Z</time>
        <ele>16.642725166925892</ele>
      </trkpt>
      <trkpt lat="24.99911" lon="121.57968000000001">
        <time>2023-05-01T04:41:35.924Z</time>
        <ele>16.54330251297913</ele>
      </trkpt>
      <trkpt lat="24.999200000000002" lon="121.57948">
        <time>2023-05-01T04:41:41.924Z</time>
        <ele>16.4074642170372</ele>
      </trkpt>
      <trkpt lat="24.99933" lon="121.57836">
        <time>2023-05-01T04:41:47.924Z</time>
        <ele>15.717677395829073</ele>
      </trkpt>
      <trkpt lat="24.99933" lon="121.57836">
        <time>2023-05-01T04:41:53.924Z</time>
        <ele>15.717677395829073</ele>
      </trkpt>
      <trkpt lat="24.99932" lon="121.57817000000001">
        <time>2023-05-01T04:41:59.924Z</time>
        <ele>15.596080110833409</ele>
      </trkpt>
      <trkpt lat="24.999290000000002" lon="121.57808000000001">
        <time>2023-05-01T04:42:05.924Z</time>
        <ele>15.534851405984213</ele>
      </trkpt>
      <trkpt lat="24.99922" lon="121.57799000000001">
        <time>2023-05-01T04:42:11.924Z</time>
        <ele>15.459253484050858</ele>
      </trkpt>
      <trkpt lat="24.999070000000003" lon="121.57788000000001">
        <time>2023-05-01T04:42:17.924Z</time>
        <ele>15.33276740737493</ele>
      </trkpt>
      <trkpt lat="24.99914" lon="121.57742">
        <time>2023-05-01T04:42:23.924Z</time>
        <ele>15.034794001579067</ele>
      </trkpt>
      <trkpt lat="24.999150000000004" lon="121.57732000000001">
        <time>2023-05-01T04:42:29.924Z</time>
        <ele>14.970518301382082</ele>
      </trkpt>
      <trkpt lat="24.99911" lon="121.57712000000001">
        <time>2023-05-01T04:42:35.924Z</time>
        <ele>14.839692871355417</ele>
      </trkpt>
      <trkpt lat="24.99911" lon="121.57713000000001">
        <time>2023-05-01T04:42:41.924Z</time>
        <ele>14.833303649389805</ele>
      </trkpt>
      <trkpt lat="24.998870000000004" lon="121.57664000000001">
        <time>2023-05-01T04:42:47.924Z</time>
        <ele>14.6100836017203</ele>
      </trkpt>
      <trkpt lat="24.998780000000004" lon="121.57650000000001">
        <time>2023-05-01T04:42:53.924Z</time>
        <ele>14.626603059392131</ele>
      </trkpt>
      <trkpt lat="24.998630000000002" lon="121.57631">
        <time>2023-05-01T04:42:59.924Z</time>
        <ele>14.650841199530129</ele>
      </trkpt>
      <trkpt lat="24.99848" lon="121.57617">
        <time>2023-05-01T04:43:05.924Z</time>
        <ele>14.671675964977398</ele>
      </trkpt>
      <trkpt lat="24.998310000000004" lon="121.57603">
        <time>2023-05-01T04:43:11.924Z</time>
        <ele>14.694164401270026</ele>
      </trkpt>
      <trkpt lat="24.99808" lon="121.57591000000001">
        <time>2023-05-01T04:43:17.924Z</time>
        <ele>14.721109577205151</ele>
      </trkpt>
      <trkpt lat="24.99809" lon="121.57591000000001">
        <time>2023-05-01T04:43:23.924Z</time>
        <ele>14.722167596054026</ele>
      </trkpt>
      <trkpt lat="24.99789" lon="121.57583000000001">
        <time>2023-05-01T04:43:29.924Z</time>
        <ele>14.744690095897187</ele>
      </trkpt>
      <trkpt lat="24.997690000000002" lon="121.57580000000002">
        <time>2023-05-01T04:43:35.924Z</time>
        <ele>14.766047271217142</ele>
      </trkpt>
      <trkpt lat="24.99763" lon="121.57577">
        <time>2023-05-01T04:43:41.924Z</time>
        <ele>14.773023371296105</ele>
      </trkpt>
      <trkpt lat="24.99744" lon="121.57569000000001">
        <time>2023-05-01T04:43:47.924Z</time>
        <ele>14.794554897893448</ele>
      </trkpt>
      <trkpt lat="24.997220000000002" lon="121.57560000000001">
        <time>2023-05-01T04:43:53.924Z</time>
        <ele>14.784867733610286</ele>
      </trkpt>
      <trkpt lat="24.996930000000003" lon="121.57543000000001">
        <time>2023-05-01T04:43:59.924Z</time>
        <ele>14.690627273305378</ele>
      </trkpt>
      <trkpt lat="24.996840000000002" lon="121.57536">
        <time>2023-05-01T04:44:05.924Z</time>
        <ele>14.659007490069966</ele>
      </trkpt>
      <trkpt lat="24.996850000000002" lon="121.57536">
        <time>2023-05-01T04:44:11.924Z</time>
        <ele>14.656141210505414</ele>
      </trkpt>
      <trkpt lat="24.996760000000002" lon="121.57529000000001">
        <time>2023-05-01T04:44:17.924Z</time>
        <ele>14.624521420653839</ele>
      </trkpt>
      <trkpt lat="24.99658" lon="121.57509">
        <time>2023-05-01T04:44:23.924Z</time>
        <ele>14.551096345160342</ele>
      </trkpt>
      <trkpt lat="24.996360000000003" lon="121.57479000000001">
        <time>2023-05-01T04:44:29.924Z</time>
        <ele>14.450510552087724</ele>
      </trkpt>
      <trkpt lat="24.99594" lon="121.57415">
        <time>2023-05-01T04:44:35.924Z</time>
        <ele>14.460911448672361</ele>
      </trkpt>
      <trkpt lat="24.99594" lon="121.57416">
        <time>2023-05-01T04:44:41.924Z</time>
        <ele>14.461667801211386</ele>
      </trkpt>
      <trkpt lat="24.99557" lon="121.57360000000001">
        <time>2023-05-01T04:44:47.924Z</time>
        <ele>14.513983552447659</ele>
      </trkpt>
      <trkpt lat="24.99537" lon="121.57335">
        <time>2023-05-01T04:44:53.924Z</time>
        <ele>14.539144100431667</ele>
      </trkpt>
      <trkpt lat="24.9951" lon="121.57311000000001">
        <time>2023-05-01T04:44:59.924Z</time>
        <ele>14.56798205267088</ele>
      </trkpt>
      <trkpt lat="24.99499" lon="121.57304">
        <time>2023-05-01T04:45:05.924Z</time>
        <ele>14.5785353802056</ele>
      </trkpt>
      <trkpt lat="24.995" lon="121.57304">
        <time>2023-05-01T04:45:11.924Z</time>
        <ele>14.57936530067285</ele>
      </trkpt>
      <trkpt lat="24.99482" lon="121.57292000000001">
        <time>2023-05-01T04:45:17.924Z</time>
        <ele>14.59684500759225</ele>
      </trkpt>
      <trkpt lat="24.994500000000002" lon="121.57276000000002">
        <time>2023-05-01T04:45:23.924Z</time>
        <ele>14.817766060850143</ele>
      </trkpt>
      <trkpt lat="24.994510000000002" lon="121.57276000000002">
        <time>2023-05-01T04:45:29.924Z</time>
        <ele>14.83278944096841</ele>
      </trkpt>
      <trkpt lat="24.99433" lon="121.57270000000001">
        <time>2023-05-01T04:45:35.924Z</time>
        <ele>15.115413206107743</ele>
      </trkpt>
      <trkpt lat="24.99396" lon="121.57261000000001">
        <time>2023-05-01T04:45:41.924Z</time>
        <ele>15.6847731300196</ele>
      </trkpt>
      <trkpt lat="24.993720000000003" lon="121.57258000000002">
        <time>2023-05-01T04:45:47.924Z</time>
        <ele>16.047666373977634</ele>
      </trkpt>
      <trkpt lat="24.993730000000003" lon="121.57258000000002">
        <time>2023-05-01T04:45:53.924Z</time>
        <ele>16.062689752527042</ele>
      </trkpt>
      <trkpt lat="24.992610000000003" lon="121.57245">
        <time>2023-05-01T04:45:59.924Z</time>
        <ele>16.896184925718597</ele>
      </trkpt>
      <trkpt lat="24.992420000000003" lon="121.57243000000001">
        <time>2023-05-01T04:46:05.924Z</time>
        <ele>16.891424651134518</ele>
      </trkpt>
      <trkpt lat="24.992430000000002" lon="121.57243000000001">
        <time>2023-05-01T04:46:11.924Z</time>
        <ele>16.891175255397638</ele>
      </trkpt>
      <trkpt lat="24.992070000000002" lon="121.57240000000002">
        <time>2023-05-01T04:46:17.924Z</time>
        <ele>16.88217115220737</ele>
      </trkpt>
      <trkpt lat="24.99208" lon="121.57240000000002">
        <time>2023-05-01T04:46:23.924Z</time>
        <ele>16.88192175648211</ele>
      </trkpt>
      <trkpt lat="24.991090000000003" lon="121.57228">
        <time>2023-05-01T04:46:29.924Z</time>
        <ele>13.202493006377717</ele>
      </trkpt>
      <trkpt lat="24.991100000000003" lon="121.57228">
        <time>2023-05-01T04:46:35.924Z</time>
        <ele>13.156731393512027</ele>
      </trkpt>
      <trkpt lat="24.99069" lon="121.57223">
        <time>2023-05-01T04:46:41.924Z</time>
        <ele>11.268952072249961</ele>
      </trkpt>
      <trkpt lat="24.99069" lon="121.57224000000001">
        <time>2023-05-01T04:46:47.924Z</time>
        <ele>11.227245183562594</ele>
      </trkpt>
      <trkpt lat="24.989770000000004" lon="121.57213000000002">
        <time>2023-05-01T04:46:53.924Z</time>
        <ele>10.838093538418113</ele>
      </trkpt>
      <trkpt lat="24.98964" lon="121.57212000000001">
        <time>2023-05-01T04:46:59.924Z</time>
        <ele>11.237199232555884</ele>
      </trkpt>
      <trkpt lat="24.98965" lon="121.57212000000001">
        <time>2023-05-01T04:47:05.924Z</time>
        <ele>11.267824499283149</ele>
      </trkpt>
      <trkpt lat="24.98926" lon="121.57211000000001">
        <time>2023-05-01T04:47:11.924Z</time>
        <ele>12.462535968915887</ele>
      </trkpt>
      <trkpt lat="24.98927" lon="121.57211000000001">
        <time>2023-05-01T04:47:17.924Z</time>
        <ele>12.493161234087145</ele>
      </trkpt>
      <trkpt lat="24.98917" lon="121.57211000000001">
        <time>2023-05-01T04:47:23.924Z</time>
        <ele>12.799413883874575</ele>
      </trkpt>
      <trkpt lat="24.98899" lon="121.57214">
        <time>2023-05-01T04:47:29.924Z</time>
        <ele>13.356992186821966</ele>
      </trkpt>
      <trkpt lat="24.988760000000003" lon="121.57219">
        <time>2023-05-01T04:47:35.924Z</time>
        <ele>14.075065887970894</ele>
      </trkpt>
      <trkpt lat="24.98853" lon="121.57228">
        <time>2023-05-01T04:47:41.924Z</time>
        <ele>14.724825998969171</ele>
      </trkpt>
      <trkpt lat="24.98853" lon="121.57228">
        <time>2023-05-01T04:47:47.924Z</time>
        <ele>14.724825998969171</ele>
      </trkpt>
      <trkpt lat="24.988300000000002" lon="121.57241">
        <time>2023-05-01T04:47:53.924Z</time>
        <ele>14.80481202720932</ele>
      </trkpt>
      <trkpt lat="24.98815" lon="121.57251000000001">
        <time>2023-05-01T04:47:59.924Z</time>
        <ele>14.859074490015265</ele>
      </trkpt>
      <trkpt lat="24.98816" lon="121.57252000000001">
        <time>2023-05-01T04:48:05.924Z</time>
        <ele>14.863257435877884</ele>
      </trkpt>
      <trkpt lat="24.9874" lon="121.57283000000001">
        <time>2023-05-01T04:48:11.924Z</time>
        <ele>15.113926547021688</ele>
      </trkpt>
      <trkpt lat="24.98693" lon="121.57291000000001">
        <time>2023-05-01T04:48:17.924Z</time>
        <ele>15.163835674573043</ele>
      </trkpt>
      <trkpt lat="24.986410000000003" lon="121.57286">
        <time>2023-05-01T04:48:23.924Z</time>
        <ele>13.897011105344454</ele>
      </trkpt>
      <trkpt lat="24.98544" lon="121.57240000000002">
        <time>2023-05-01T04:48:29.924Z</time>
        <ele>11.332435219741335</ele>
      </trkpt>
      <trkpt lat="24.985450000000004" lon="121.57240000000002">
        <time>2023-05-01T04:48:35.924Z</time>
        <ele>11.308166230409867</ele>
      </trkpt>
      <trkpt lat="24.984820000000003" lon="121.5721">
        <time>2023-05-01T04:48:41.924Z</time>
        <ele>12.36060025265483</ele>
      </trkpt>
      <trkpt lat="24.98469" lon="121.57206000000001">
        <time>2023-05-01T04:48:47.924Z</time>
        <ele>12.71081050304292</ele>
      </trkpt>
      <trkpt lat="24.984520000000003" lon="121.57203000000001">
        <time>2023-05-01T04:48:53.924Z</time>
        <ele>13.157433139459666</ele>
      </trkpt>
      <trkpt lat="24.98357" lon="121.57202000000001">
        <time>2023-05-01T04:48:59.924Z</time>
        <ele>14.850608948306663</ele>
      </trkpt>
      <trkpt lat="24.983580000000003" lon="121.57202000000001">
        <time>2023-05-01T04:49:05.924Z</time>
        <ele>14.854333994485431</ele>
      </trkpt>
      <trkpt lat="24.983330000000002" lon="121.57202000000001">
        <time>2023-05-01T04:49:11.924Z</time>
        <ele>14.947460147459454</ele>
      </trkpt>
      <trkpt lat="24.98326" lon="121.57206000000001">
        <time>2023-05-01T04:49:17.924Z</time>
        <ele>14.976860145230326</ele>
      </trkpt>
      <trkpt lat="24.98319" lon="121.57219">
        <time>2023-05-01T04:49:23.924Z</time>
        <ele>15.028124607155895</ele>
      </trkpt>
      <trkpt lat="24.983060000000002" lon="121.57230000000001">
        <time>2023-05-01T04:49:29.924Z</time>
        <ele>15.08927892375787</ele>
      </trkpt>
      <trkpt lat="24.983060000000002" lon="121.57230000000001">
        <time>2023-05-01T04:49:35.924Z</time>
        <ele>15.08927892375787</ele>
      </trkpt>
      <trkpt lat="24.983050000000002" lon="121.57231000000002">
        <time>2023-05-01T04:49:41.924Z</time>
        <ele>15.094319097532127</ele>
      </trkpt>
      <trkpt lat="24.983010000000004" lon="121.57231000000002">
        <time>2023-05-01T04:49:47.924Z</time>
        <ele>15.109219281156879</ele>
      </trkpt>
      <trkpt lat="24.982740000000003" lon="121.57251000000001">
        <time>2023-05-01T04:49:53.924Z</time>
        <ele>15.23057226539197</ele>
      </trkpt>
      <trkpt lat="24.982300000000002" lon="121.57202000000001">
        <time>2023-05-01T04:49:59.924Z</time>
        <ele>15.464113179002702</ele>
      </trkpt>
      <trkpt lat="24.98185" lon="121.57142">
        <time>2023-05-01T04:50:05.924Z</time>
        <ele>15.727927637065857</ele>
      </trkpt>
      <trkpt lat="24.98185" lon="121.57143">
        <time>2023-05-01T04:50:11.924Z</time>
        <ele>15.731322870381366</ele>
      </trkpt>
      <trkpt lat="24.981610000000003" lon="121.57106000000002">
        <time>2023-05-01T04:50:17.924Z</time>
        <ele>16.179786599952774</ele>
      </trkpt>
      <trkpt lat="24.981520000000003" lon="121.57089">
        <time>2023-05-01T04:50:23.924Z</time>
        <ele>16.380061775379577</ele>
      </trkpt>
      <trkpt lat="24.98063" lon="121.56874">
        <time>2023-05-01T04:50:29.924Z</time>
        <ele>7.254129256621317</ele>
      </trkpt>
      <trkpt lat="24.98063" lon="121.56875000000001">
        <time>2023-05-01T04:50:35.924Z</time>
        <ele>7.206742571775305</ele>
      </trkpt>
      <trkpt lat="24.980220000000003" lon="121.56786000000001">
        <time>2023-05-01T04:50:41.924Z</time>
        <ele>8.159748850708505</ele>
      </trkpt>
      <trkpt lat="24.980110000000003" lon="121.56745000000001">
        <time>2023-05-01T04:50:47.924Z</time>
        <ele>8.72656673135213</ele>
      </trkpt>
      <trkpt lat="24.98009" lon="121.56733000000001">
        <time>2023-05-01T04:50:53.924Z</time>
        <ele>8.888352225615268</ele>
      </trkpt>
      <trkpt lat="24.98008" lon="121.56716000000002">
        <time>2023-05-01T04:50:59.924Z</time>
        <ele>9.114279227784152</ele>
      </trkpt>
      <trkpt lat="24.98008" lon="121.56717">
        <time>2023-05-01T04:51:05.924Z</time>
        <ele>9.127541462159307</ele>
      </trkpt>
      <trkpt lat="24.98008" lon="121.56691000000001">
        <time>2023-05-01T04:51:11.924Z</time>
        <ele>9.472359556290073</ele>
      </trkpt>
      <trkpt lat="24.98016" lon="121.56660000000001">
        <time>2023-05-01T04:51:17.924Z</time>
        <ele>9.899649511652944</ele>
      </trkpt>
      <trkpt lat="24.98056" lon="121.56582000000002">
        <time>2023-05-01T04:51:23.924Z</time>
        <ele>11.086590700215064</ele>
      </trkpt>
      <trkpt lat="24.98065" lon="121.56552">
        <time>2023-05-01T04:51:29.924Z</time>
        <ele>11.505452815954031</ele>
      </trkpt>
      <trkpt lat="24.980680000000003" lon="121.56536000000001">
        <time>2023-05-01T04:51:35.924Z</time>
        <ele>11.722090797411681</ele>
      </trkpt>
      <trkpt lat="24.980680000000003" lon="121.56517000000001">
        <time>2023-05-01T04:51:41.924Z</time>
        <ele>13.055578303831556</ele>
      </trkpt>
      <trkpt lat="24.98063" lon="121.56490000000001">
        <time>2023-05-01T04:51:47.924Z</time>
        <ele>15.943457653903444</ele>
      </trkpt>
      <trkpt lat="24.980570000000004" lon="121.56474000000001">
        <time>2023-05-01T04:51:53.924Z</time>
        <ele>15.750838182324385</ele>
      </trkpt>
      <trkpt lat="24.980580000000003" lon="121.56474000000001">
        <time>2023-05-01T04:51:59.924Z</time>
        <ele>15.66582659510546</ele>
      </trkpt>
      <trkpt lat="24.98044" lon="121.56442000000001">
        <time>2023-05-01T04:52:05.924Z</time>
        <ele>12.915444833324468</ele>
      </trkpt>
      <trkpt lat="24.97943" lon="121.56234">
        <time>2023-05-01T04:52:11.924Z</time>
        <ele>11.84340029670459</ele>
      </trkpt>
      <trkpt lat="24.979290000000002" lon="121.56191000000001">
        <time>2023-05-01T04:52:17.924Z</time>
        <ele>13.501616580068292</ele>
      </trkpt>
      <trkpt lat="24.97922" lon="121.56156000000001">
        <time>2023-05-01T04:52:23.924Z</time>
        <ele>13.406489692252624</ele>
      </trkpt>
      <trkpt lat="24.979190000000003" lon="121.56115000000001">
        <time>2023-05-01T04:52:29.924Z</time>
        <ele>13.136334227309838</ele>
      </trkpt>
      <trkpt lat="24.979190000000003" lon="121.56116000000002">
        <time>2023-05-01T04:52:35.924Z</time>
        <ele>13.12976619821185</ele>
      </trkpt>
      <trkpt lat="24.979180000000003" lon="121.56113">
        <time>2023-05-01T04:52:41.924Z</time>
        <ele>13.108785828593994</ele>
      </trkpt>
      <trkpt lat="24.979180000000003" lon="121.56114000000001">
        <time>2023-05-01T04:52:47.924Z</time>
        <ele>13.102217798964901</ele>
      </trkpt>
      <trkpt lat="24.979180000000003" lon="121.56107000000002">
        <time>2023-05-01T04:52:53.924Z</time>
        <ele>13.05624159157994</ele>
      </trkpt>
      <trkpt lat="24.97922" lon="121.56059">
        <time>2023-05-01T04:52:59.924Z</time>
        <ele>12.739661346810411</ele>
      </trkpt>
      <trkpt lat="24.979260000000004" lon="121.56037">
        <time>2023-05-01T04:53:05.924Z</time>
        <ele>12.592318008714784</ele>
      </trkpt>
      <trkpt lat="24.9795" lon="121.55945000000001">
        <time>2023-05-01T04:53:11.924Z</time>
        <ele>12.377478223553673</ele>
      </trkpt>
      <trkpt lat="24.9795" lon="121.55945000000001">
        <time>2023-05-01T04:53:17.924Z</time>
        <ele>12.377478223553673</ele>
      </trkpt>
      <trkpt lat="24.9796" lon="121.55904000000001">
        <time>2023-05-01T04:53:23.924Z</time>
        <ele>12.38908542277552</ele>
      </trkpt>
      <trkpt lat="24.979580000000002" lon="121.55887000000001">
        <time>2023-05-01T04:53:29.924Z</time>
        <ele>12.393773156604102</ele>
      </trkpt>
      <trkpt lat="24.979540000000004" lon="121.55878000000001">
        <time>2023-05-01T04:53:35.924Z</time>
        <ele>12.396511496713867</ele>
      </trkpt>
      <trkpt lat="24.979400000000002" lon="121.55860000000001">
        <time>2023-05-01T04:53:41.924Z</time>
        <ele>12.402982762343347</ele>
      </trkpt>
      <trkpt lat="24.979020000000002" lon="121.55829000000001">
        <time>2023-05-01T04:53:47.924Z</time>
        <ele>15.77852329118907</ele>
      </trkpt>
      <trkpt lat="24.978740000000002" lon="121.55815000000001">
        <time>2023-05-01T04:53:53.924Z</time>
        <ele>15.841253480118734</ele>
      </trkpt>
      <trkpt lat="24.9785" lon="121.55808">
        <time>2023-05-01T04:53:59.924Z</time>
        <ele>15.891880136548952</ele>
      </trkpt>
      <trkpt lat="24.97831" lon="121.55804">
        <time>2023-05-01T04:54:05.924Z</time>
        <ele>15.931320848177236</ele>
      </trkpt>
      <trkpt lat="24.97802" lon="121.55802000000001">
        <time>2023-05-01T04:54:11.924Z</time>
        <ele>15.981659262654462</ele>
      </trkpt>
      <trkpt lat="24.97803" lon="121.55802000000001">
        <time>2023-05-01T04:54:17.924Z</time>
        <ele>15.982444967071933</ele>
      </trkpt>
      <trkpt lat="24.97774" lon="121.558">
        <time>2023-05-01T04:54:23.924Z</time>
        <ele>16.00527536934697</ele>
      </trkpt>
      <trkpt lat="24.977400000000003" lon="121.55794000000002">
        <time>2023-05-01T04:54:29.924Z</time>
        <ele>16.03233269962478</ele>
      </trkpt>
      <trkpt lat="24.977120000000003" lon="121.55786">
        <time>2023-05-01T04:54:35.924Z</time>
        <ele>16.055066219537593</ele>
      </trkpt>
      <trkpt lat="24.97688" lon="121.55775000000001">
        <time>2023-05-01T04:54:41.924Z</time>
        <ele>16.0755025397094</ele>
      </trkpt>
      <trkpt lat="24.9766" lon="121.55752000000001">
        <time>2023-05-01T04:54:47.924Z</time>
        <ele>16.102985454807055</ele>
      </trkpt>
      <trkpt lat="24.97653" lon="121.55742000000001">
        <time>2023-05-01T04:54:53.924Z</time>
        <ele>16.11201535820763</ele>
      </trkpt>
      <trkpt lat="24.976440000000004" lon="121.55725000000001">
        <time>2023-05-01T04:54:59.924Z</time>
        <ele>15.967151120812677</ele>
      </trkpt>
      <trkpt lat="24.976370000000003" lon="121.55702000000001">
        <time>2023-05-01T04:55:05.924Z</time>
        <ele>15.768655530977002</ele>
      </trkpt>
      <trkpt lat="24.976370000000003" lon="121.55703000000001">
        <time>2023-05-01T04:55:11.924Z</time>
        <ele>15.76046954688325</ele>
      </trkpt>
      <trkpt lat="24.976350000000004" lon="121.55700000000002">
        <time>2023-05-01T04:55:17.924Z</time>
        <ele>15.730044071007146</ele>
      </trkpt>
      <trkpt lat="24.976360000000003" lon="121.55700000000002">
        <time>2023-05-01T04:55:23.924Z</time>
        <ele>15.721063307333113</ele>
      </trkpt>
      <trkpt lat="24.97624" lon="121.55666000000001">
        <time>2023-05-01T04:55:29.924Z</time>
        <ele>15.422603547690443</ele>
      </trkpt>
      <trkpt lat="24.976180000000003" lon="121.55628000000002">
        <time>2023-05-01T04:55:35.924Z</time>
        <ele>15.1069031787791</ele>
      </trkpt>
      <trkpt lat="24.976180000000003" lon="121.55629">
        <time>2023-05-01T04:55:41.924Z</time>
        <ele>15.098717182122023</ele>
      </trkpt>
      <trkpt lat="24.97614" lon="121.55611">
        <time>2023-05-01T04:55:47.924Z</time>
        <ele>14.94705344805262</ele>
      </trkpt>
      <trkpt lat="24.97613" lon="121.55626000000001">
        <time>2023-05-01T04:55:53.924Z</time>
        <ele>14.823935468446214</ele>
      </trkpt>
      <trkpt lat="24.97615" lon="121.55641000000001">
        <time>2023-05-01T04:55:59.924Z</time>
        <ele>14.699838739972531</ele>
      </trkpt>
      <trkpt lat="24.976160000000004" lon="121.55641000000001">
        <time>2023-05-01T04:56:05.924Z</time>
        <ele>14.69085797653923</ele>
      </trkpt>
      <trkpt lat="24.976260000000003" lon="121.55700000000002">
        <time>2023-05-01T04:56:11.924Z</time>
        <ele>14.47350721205698</ele>
      </trkpt>
      <trkpt lat="24.976260000000003" lon="121.55701">
        <time>2023-05-01T04:56:17.924Z</time>
        <ele>14.472335902512523</ele>
      </trkpt>
      <trkpt lat="24.976270000000003" lon="121.55707000000001">
        <time>2023-05-01T04:56:23.924Z</time>
        <ele>14.465191528571985</ele>
      </trkpt>
      <trkpt lat="24.97623" lon="121.55707000000001">
        <time>2023-05-01T04:56:29.924Z</time>
        <ele>14.460051403891228</ele>
      </trkpt>
      <trkpt lat="24.97624" lon="121.55715000000001">
        <time>2023-05-01T04:56:35.924Z</time>
        <ele>14.450593223944018</ele>
      </trkpt>
      <trkpt lat="24.976170000000003" lon="121.55706">
        <time>2023-05-01T04:56:41.924Z</time>
        <ele>14.436735255177432</ele>
      </trkpt>
      <trkpt lat="24.976070000000004" lon="121.55646000000002">
        <time>2023-05-01T04:56:47.924Z</time>
        <ele>14.365291434779552</ele>
      </trkpt>
      <trkpt lat="24.976080000000003" lon="121.55607">
        <time>2023-05-01T04:56:53.924Z</time>
        <ele>14.082916659861114</ele>
      </trkpt>
      <trkpt lat="24.97687" lon="121.55600000000001">
        <time>2023-05-01T04:56:59.924Z</time>
        <ele>12.094706729723935</ele>
      </trkpt>
      <trkpt lat="24.97687" lon="121.55590000000001">
        <time>2023-05-01T04:57:05.924Z</time>
        <ele>11.866052556706503</ele>
      </trkpt>
      <trkpt lat="24.97687" lon="121.55591000000001">
        <time>2023-05-01T04:57:11.924Z</time>
        <ele>11.843187139398262</ele>
      </trkpt>
      <trkpt lat="24.976850000000002" lon="121.55556000000001">
        <time>2023-05-01T04:57:17.924Z</time>
        <ele>11.041326371163333</ele>
      </trkpt>
      <trkpt lat="24.976960000000002" lon="121.55491">
        <time>2023-05-01T04:57:23.924Z</time>
        <ele>9.529675792193085</ele>
      </trkpt>
      <trkpt lat="24.977040000000002" lon="121.55480000000001">
        <time>2023-05-01T04:57:29.924Z</time>
        <ele>9.207905472807525</ele>
      </trkpt>
      <trkpt lat="24.97725" lon="121.55457000000001">
        <time>2023-05-01T04:57:35.924Z</time>
        <ele>8.464774449469</ele>
      </trkpt>
      <trkpt lat="24.977710000000002" lon="121.55432">
        <time>2023-05-01T04:57:41.924Z</time>
        <ele>7.1857458316092595</ele>
      </trkpt>
      <trkpt lat="24.97941" lon="121.55376000000001">
        <time>2023-05-01T04:57:47.924Z</time>
        <ele>10.546570721996696</ele>
      </trkpt>
      <trkpt lat="24.97999" lon="121.55359000000001">
        <time>2023-05-01T04:57:53.924Z</time>
        <ele>13.426237695520921</ele>
      </trkpt>
      <trkpt lat="24.980220000000003" lon="121.55355000000002">
        <time>2023-05-01T04:57:59.924Z</time>
        <ele>14.54325728583882</ele>
      </trkpt>
      <trkpt lat="24.98084" lon="121.55347">
        <time>2023-05-01T04:58:05.924Z</time>
        <ele>14.986593135551594</ele>
      </trkpt>
      <trkpt lat="24.981640000000002" lon="121.55350000000001">
        <time>2023-05-01T04:58:11.924Z</time>
        <ele>14.53667848242158</ele>
      </trkpt>
      <trkpt lat="24.98232" lon="121.55367000000001">
        <time>2023-05-01T04:58:17.924Z</time>
        <ele>14.154960796074732</ele>
      </trkpt>
      <trkpt lat="24.98233" lon="121.55367000000001">
        <time>2023-05-01T04:58:23.924Z</time>
        <ele>14.14960048778933</ele>
      </trkpt>
      <trkpt lat="24.98308" lon="121.55385000000001">
        <time>2023-05-01T04:58:29.924Z</time>
        <ele>13.738071100680305</ele>
      </trkpt>
      <trkpt lat="24.983240000000002" lon="121.55385000000001">
        <time>2023-05-01T04:58:35.924Z</time>
        <ele>13.652306158494445</ele>
      </trkpt>
      <trkpt lat="24.983580000000003" lon="121.55394000000001">
        <time>2023-05-01T04:58:41.924Z</time>
        <ele>13.432451625012142</ele>
      </trkpt>
      <trkpt lat="24.983680000000003" lon="121.55401">
        <time>2023-05-01T04:58:47.924Z</time>
        <ele>13.351259693408362</ele>
      </trkpt>
      <trkpt lat="24.9843" lon="121.55416000000001">
        <time>2023-05-01T04:58:53.924Z</time>
        <ele>12.91669120282305</ele>
      </trkpt>
      <trkpt lat="24.9843" lon="121.55417000000001">
        <time>2023-05-01T04:58:59.924Z</time>
        <ele>12.910452622587412</ele>
      </trkpt>
      <trkpt lat="24.984340000000003" lon="121.55417000000001">
        <time>2023-05-01T04:59:05.924Z</time>
        <ele>12.883073694413097</ele>
      </trkpt>
      <trkpt lat="24.984620000000003" lon="121.55415">
        <time>2023-05-01T04:59:11.924Z</time>
        <ele>12.691015473175216</ele>
      </trkpt>
      <trkpt lat="24.98495" lon="121.55401">
        <time>2023-05-01T04:59:17.924Z</time>
        <ele>12.448841399100361</ele>
      </trkpt>
      <trkpt lat="24.985110000000002" lon="121.55394000000001">
        <time>2023-05-01T04:59:23.924Z</time>
        <ele>12.392730220736572</ele>
      </trkpt>
      <trkpt lat="24.98535" lon="121.55376000000001">
        <time>2023-05-01T04:59:29.924Z</time>
        <ele>12.369397504360236</ele>
      </trkpt>
      <trkpt lat="24.9856" lon="121.55351000000002">
        <time>2023-05-01T04:59:35.924Z</time>
        <ele>12.342248871209279</ele>
      </trkpt>
      <trkpt lat="24.9857" lon="121.55342000000002">
        <time>2023-05-01T04:59:41.924Z</time>
        <ele>12.331868098544586</ele>
      </trkpt>
      <trkpt lat="24.985830000000004" lon="121.55333000000002">
        <time>2023-05-01T04:59:47.924Z</time>
        <ele>12.319530852647983</ele>
      </trkpt>
      <trkpt lat="24.98618" lon="121.55318000000001">
        <time>2023-05-01T04:59:53.924Z</time>
        <ele>12.289372938255752</ele>
      </trkpt>
      <trkpt lat="24.98628" lon="121.55309000000001">
        <time>2023-05-01T04:59:59.924Z</time>
        <ele>12.278992184696483</ele>
      </trkpt>
      <trkpt lat="24.986580000000004" lon="121.55292000000001">
        <time>2023-05-01T05:00:05.924Z</time>
        <ele>11.879212189960723</ele>
      </trkpt>
      <trkpt lat="24.986700000000003" lon="121.55279000000002">
        <time>2023-05-01T05:00:11.924Z</time>
        <ele>11.341400938057651</ele>
      </trkpt>
      <trkpt lat="24.98713" lon="121.55230000000002">
        <time>2023-05-01T05:00:17.924Z</time>
        <ele>9.364260374907445</ele>
      </trkpt>
      <trkpt lat="24.98731" lon="121.55197000000001">
        <time>2023-05-01T05:00:23.924Z</time>
        <ele>8.246411185342158</ele>
      </trkpt>
      <trkpt lat="24.98739" lon="121.55173">
        <time>2023-05-01T05:00:29.924Z</time>
        <ele>7.503623785990017</ele>
      </trkpt>
      <trkpt lat="24.987420000000004" lon="121.55159">
        <time>2023-05-01T05:00:35.924Z</time>
        <ele>7.085596841853792</ele>
      </trkpt>
      <trkpt lat="24.987420000000004" lon="121.55148000000001">
        <time>2023-05-01T05:00:41.924Z</time>
        <ele>6.765865293248101</ele>
      </trkpt>
      <trkpt lat="24.987360000000002" lon="121.55117000000001">
        <time>2023-05-01T05:00:47.924Z</time>
        <ele>6.292985682362992</ele>
      </trkpt>
      <trkpt lat="24.987360000000002" lon="121.55118000000002">
        <time>2023-05-01T05:00:53.924Z</time>
        <ele>6.296956617354479</ele>
      </trkpt>
      <trkpt lat="24.987260000000003" lon="121.55079">
        <time>2023-05-01T05:00:59.924Z</time>
        <ele>6.45783505285427</ele>
      </trkpt>
      <trkpt lat="24.98721" lon="121.55069">
        <time>2023-05-01T05:01:05.924Z</time>
        <ele>6.503127359980274</ele>
      </trkpt>
      <trkpt lat="24.98713" lon="121.5506">
        <time>2023-05-01T05:01:11.924Z</time>
        <ele>6.553048349719071</ele>
      </trkpt>
      <trkpt lat="24.987070000000003" lon="121.55055000000002">
        <time>2023-05-01T05:01:17.924Z</time>
        <ele>6.58587474830829</ele>
      </trkpt>
      <trkpt lat="24.98693" lon="121.55049000000001">
        <time>2023-05-01T05:01:23.924Z</time>
        <ele>6.651359043999388</ele>
      </trkpt>
      <trkpt lat="24.98674" lon="121.55049000000001">
        <time>2023-05-01T05:01:29.924Z</time>
        <ele>6.7341395277989715</ele>
      </trkpt>
      <trkpt lat="24.98657" lon="121.5506">
        <time>2023-05-01T05:01:35.924Z</time>
        <ele>6.820127155061657</ele>
      </trkpt>
      <trkpt lat="24.986500000000003" lon="121.55066000000001">
        <time>2023-05-01T05:01:41.924Z</time>
        <ele>6.8588285716520865</ele>
      </trkpt>
      <trkpt lat="24.986500000000003" lon="121.55071000000001">
        <time>2023-05-01T05:01:47.924Z</time>
        <ele>6.878683384723655</ele>
      </trkpt>
      <trkpt lat="24.98645" lon="121.55077000000001">
        <time>2023-05-01T05:01:53.924Z</time>
        <ele>6.910966896707206</ele>
      </trkpt>
      <trkpt lat="24.986430000000002" lon="121.55077000000001">
        <time>2023-05-01T05:01:59.924Z</time>
        <ele>6.919680631382341</ele>
      </trkpt>
      <trkpt lat="24.98629" lon="121.55071000000001">
        <time>2023-05-01T05:02:05.924Z</time>
        <ele>7.352748672686699</ele>
      </trkpt>
      <trkpt lat="24.986050000000002" lon="121.55066000000001">
        <time>2023-05-01T05:02:11.924Z</time>
        <ele>8.087290096815574</ele>
      </trkpt>
      <trkpt lat="24.985850000000003" lon="121.55065">
        <time>2023-05-01T05:02:17.924Z</time>
        <ele>8.689286880478116</ele>
      </trkpt>
      <trkpt lat="24.9856" lon="121.55059000000001">
        <time>2023-05-01T05:02:23.924Z</time>
        <ele>9.458776884836496</ele>
      </trkpt>
      <trkpt lat="24.98553" lon="121.55055000000002">
        <time>2023-05-01T05:02:29.924Z</time>
        <ele>9.696093191214683</ele>
      </trkpt>
      <trkpt lat="24.98553" lon="121.55056">
        <time>2023-05-01T05:02:35.924Z</time>
        <ele>9.723498744679091</ele>
      </trkpt>
      <trkpt lat="24.985290000000003" lon="121.55044000000001">
        <time>2023-05-01T05:02:41.924Z</time>
        <ele>10.516548592318394</ele>
      </trkpt>
      <trkpt lat="24.985030000000002" lon="121.55024000000002">
        <time>2023-05-01T05:02:47.924Z</time>
        <ele>11.471333562240698</ele>
      </trkpt>
      <trkpt lat="24.984810000000003" lon="121.55005000000001">
        <time>2023-05-01T05:02:53.924Z</time>
        <ele>12.000385914691394</ele>
      </trkpt>
      <trkpt lat="24.984530000000003" lon="121.54975">
        <time>2023-05-01T05:02:59.924Z</time>
        <ele>11.812636286134602</ele>
      </trkpt>
      <trkpt lat="24.984350000000003" lon="121.54951000000001">
        <time>2023-05-01T05:03:05.924Z</time>
        <ele>11.676735727507813</ele>
      </trkpt>
      <trkpt lat="24.98421" lon="121.54929000000001">
        <time>2023-05-01T05:03:11.924Z</time>
        <ele>11.55941463602972</ele>
      </trkpt>
      <trkpt lat="24.98411" lon="121.54907000000001">
        <time>2023-05-01T05:03:17.924Z</time>
        <ele>11.45192100921596</ele>
      </trkpt>
      <trkpt lat="24.983970000000003" lon="121.54873">
        <time>2023-05-01T05:03:23.924Z</time>
        <ele>11.288788980712924</ele>
      </trkpt>
      <trkpt lat="24.98385" lon="121.54836000000002">
        <time>2023-05-01T05:03:29.924Z</time>
        <ele>11.108620982495435</ele>
      </trkpt>
      <trkpt lat="24.983810000000002" lon="121.54814">
        <time>2023-05-01T05:03:35.924Z</time>
        <ele>10.99815729932904</ele>
      </trkpt>
      <trkpt lat="24.98364" lon="121.54669000000001">
        <time>2023-05-01T05:03:41.924Z</time>
        <ele>10.291038733945827</ele>
      </trkpt>
      <trkpt lat="24.983620000000002" lon="121.54629000000001">
        <time>2023-05-01T05:03:47.924Z</time>
        <ele>10.179205539658513</ele>
      </trkpt>
      <trkpt lat="24.98363" lon="121.54613">
        <time>2023-05-01T05:03:53.924Z</time>
        <ele>10.134434527974106</ele>
      </trkpt>
      <trkpt lat="24.983680000000003" lon="121.54597000000001">
        <time>2023-05-01T05:03:59.924Z</time>
        <ele>10.087216008732703</ele>
      </trkpt>
      <trkpt lat="24.98374" lon="121.54578000000001">
        <time>2023-05-01T05:04:05.924Z</time>
        <ele>10.031081661734024</ele>
      </trkpt>
      <trkpt lat="24.98385" lon="121.54557000000001">
        <time>2023-05-01T05:04:11.924Z</time>
        <ele>9.963465771625053</ele>
      </trkpt>
      <trkpt lat="24.984040000000004" lon="121.54537">
        <time>2023-05-01T05:04:17.924Z</time>
        <ele>9.882819377886545</ele>
      </trkpt>
      <trkpt lat="24.984150000000003" lon="121.54528">
        <time>2023-05-01T05:04:23.924Z</time>
        <ele>9.84079132968729</ele>
      </trkpt>
      <trkpt lat="24.984360000000002" lon="121.54516000000001">
        <time>2023-05-01T05:04:29.924Z</time>
        <ele>9.72158415118755</ele>
      </trkpt>
      <trkpt lat="24.9846" lon="121.54509000000002">
        <time>2023-05-01T05:04:35.924Z</time>
        <ele>9.444163227692275</ele>
      </trkpt>
      <trkpt lat="24.985120000000002" lon="121.54508000000001">
        <time>2023-05-01T05:04:41.924Z</time>
        <ele>8.863170951713055</ele>
      </trkpt>
      <trkpt lat="24.985480000000003" lon="121.54509000000002">
        <time>2023-05-01T05:04:47.924Z</time>
        <ele>8.460878408120838</ele>
      </trkpt>
      <trkpt lat="24.985570000000003" lon="121.54505">
        <time>2023-05-01T05:04:53.924Z</time>
        <ele>8.35240174096074</ele>
      </trkpt>
      <trkpt lat="24.985780000000002" lon="121.54503000000001">
        <time>2023-05-01T05:04:59.924Z</time>
        <ele>8.116924099152854</ele>
      </trkpt>
      <trkpt lat="24.986060000000002" lon="121.54505">
        <time>2023-05-01T05:05:05.924Z</time>
        <ele>7.803467948814911</ele>
      </trkpt>
      <trkpt lat="24.986250000000002" lon="121.54505">
        <time>2023-05-01T05:05:11.924Z</time>
        <ele>7.591214874161075</ele>
      </trkpt>
      <trkpt lat="24.98655" lon="121.54506">
        <time>2023-05-01T05:05:17.924Z</time>
        <ele>7.344820340455439</ele>
      </trkpt>
      <trkpt lat="24.986620000000002" lon="121.54509000000002">
        <time>2023-05-01T05:05:23.924Z</time>
        <ele>7.37315968725429</ele>
      </trkpt>
      <trkpt lat="24.98683" lon="121.5451">
        <time>2023-05-01T05:05:29.924Z</time>
        <ele>7.4524252949107614</ele>
      </trkpt>
      <trkpt lat="24.986960000000003" lon="121.54504000000001">
        <time>2023-05-01T05:05:35.924Z</time>
        <ele>7.505609126272956</ele>
      </trkpt>
      <trkpt lat="24.98723" lon="121.54486000000001">
        <time>2023-05-01T05:05:41.924Z</time>
        <ele>7.624747957471634</ele>
      </trkpt>
      <trkpt lat="24.987810000000003" lon="121.54463000000001">
        <time>2023-05-01T05:05:47.924Z</time>
        <ele>7.8573131440154125</ele>
      </trkpt>
      <trkpt lat="24.988100000000003" lon="121.54446000000002">
        <time>2023-05-01T05:05:53.924Z</time>
        <ele>6.33612397215992</ele>
      </trkpt>
      <trkpt lat="24.988200000000003" lon="121.54435000000001">
        <time>2023-05-01T05:05:59.924Z</time>
        <ele>5.660863065586665</ele>
      </trkpt>
      <trkpt lat="24.988270000000004" lon="121.54419000000001">
        <time>2023-05-01T05:06:05.924Z</time>
        <ele>4.889490435471996</ele>
      </trkpt>
      <trkpt lat="24.988300000000002" lon="121.54409000000001">
        <time>2023-05-01T05:06:11.924Z</time>
        <ele>4.431923618787611</ele>
      </trkpt>
      <trkpt lat="24.988310000000002" lon="121.54404000000001">
        <time>2023-05-01T05:06:17.924Z</time>
        <ele>4.209439356741922</ele>
      </trkpt>
      <trkpt lat="24.98832" lon="121.54383000000001">
        <time>2023-05-01T05:06:23.924Z</time>
        <ele>3.295477608492049</ele>
      </trkpt>
      <trkpt lat="24.988400000000002" lon="121.54337000000001">
        <time>2023-05-01T05:06:29.924Z</time>
        <ele>1.260121147781731</ele>
      </trkpt>
      <trkpt lat="24.988290000000003" lon="121.54293000000001">
        <time>2023-05-01T05:06:35.924Z</time>
        <ele>0.6393262013379266</ele>
      </trkpt>
      <trkpt lat="24.98825" lon="121.54261000000001">
        <time>2023-05-01T05:06:41.924Z</time>
        <ele>1.44809448086184</ele>
      </trkpt>
      <trkpt lat="24.98816" lon="121.54214">
        <time>2023-05-01T05:06:47.924Z</time>
        <ele>2.650651092728648</ele>
      </trkpt>
      <trkpt lat="24.988120000000002" lon="121.54107">
        <time>2023-05-01T05:06:53.924Z</time>
        <ele>5.332144737973587</ele>
      </trkpt>
      <trkpt lat="24.988120000000002" lon="121.54108000000001">
        <time>2023-05-01T05:06:59.924Z</time>
        <ele>5.350901959614215</ele>
      </trkpt>
      <trkpt lat="24.988110000000002" lon="121.54068000000001">
        <time>2023-05-01T05:07:05.924Z</time>
        <ele>5.3701272666705755</ele>
      </trkpt>
      <trkpt lat="24.988180000000003" lon="121.54013">
        <time>2023-05-01T05:07:11.924Z</time>
        <ele>5.396808519589786</ele>
      </trkpt>
      <trkpt lat="24.98825" lon="121.54001000000001">
        <time>2023-05-01T05:07:17.924Z</time>
        <ele>5.403653702499551</ele>
      </trkpt>
      <trkpt lat="24.98834" lon="121.53996000000001">
        <time>2023-05-01T05:07:23.924Z</time>
        <ele>5.408971568698672</ele>
      </trkpt>
      <trkpt lat="24.988360000000004" lon="121.53982">
        <time>2023-05-01T05:07:29.924Z</time>
        <ele>5.415780008944136</ele>
      </trkpt>
      <trkpt lat="24.988370000000003" lon="121.53951">
        <time>2023-05-01T05:07:35.924Z</time>
        <ele>5.430683315644163</ele>
      </trkpt>
      <trkpt lat="24.98835" lon="121.53939000000001">
        <time>2023-05-01T05:07:41.924Z</time>
        <ele>5.436544333145332</ele>
      </trkpt>
      <trkpt lat="24.988400000000002" lon="121.53867000000001">
        <time>2023-05-01T05:07:47.924Z</time>
        <ele>5.285634134948021</ele>
      </trkpt>
      <trkpt lat="24.98844" lon="121.53831000000001">
        <time>2023-05-01T05:07:53.924Z</time>
        <ele>5.1494685344760835</ele>
      </trkpt>
      <trkpt lat="24.988490000000002" lon="121.53808000000001">
        <time>2023-05-01T05:07:59.924Z</time>
        <ele>5.060690721006075</ele>
      </trkpt>
      <trkpt lat="24.988560000000003" lon="121.53785">
        <time>2023-05-01T05:08:05.924Z</time>
        <ele>4.9696479625476675</ele>
      </trkpt>
      <trkpt lat="24.98873" lon="121.53752000000001">
        <time>2023-05-01T05:08:11.924Z</time>
        <ele>4.827324748198296</ele>
      </trkpt>
      <trkpt lat="24.98879" lon="121.53741000000001">
        <time>2023-05-01T05:08:17.924Z</time>
        <ele>4.779193175147033</ele>
      </trkpt>
      <trkpt lat="24.988940000000003" lon="121.53722">
        <time>2023-05-01T05:08:23.924Z</time>
        <ele>4.6848147544862755</ele>
      </trkpt>
      <trkpt lat="24.989050000000002" lon="121.53713">
        <time>2023-05-01T05:08:29.924Z</time>
        <ele>4.628288112653078</ele>
      </trkpt>
      <trkpt lat="24.989340000000002" lon="121.53690000000002">
        <time>2023-05-01T05:08:35.924Z</time>
        <ele>4.547345705362192</ele>
      </trkpt>
      <trkpt lat="24.98938" lon="121.53687000000001">
        <time>2023-05-01T05:08:41.924Z</time>
        <ele>4.542755189486265</ele>
      </trkpt>
      <trkpt lat="24.989610000000003" lon="121.53677">
        <time>2023-05-01T05:08:47.924Z</time>
        <ele>4.5193156463607025</ele>
      </trkpt>
      <trkpt lat="24.98985" lon="121.53668">
        <time>2023-05-01T05:08:53.924Z</time>
        <ele>4.495285790779782</ele>
      </trkpt>
      <trkpt lat="24.990190000000002" lon="121.53663000000002">
        <time>2023-05-01T05:08:59.924Z</time>
        <ele>4.462784899928414</ele>
      </trkpt>
      <trkpt lat="24.990470000000002" lon="121.53664">
        <time>2023-05-01T05:09:05.924Z</time>
        <ele>4.4362426239773995</ele>
      </trkpt>
      <trkpt lat="24.99115" lon="121.53684000000001">
        <time>2023-05-01T05:09:11.924Z</time>
        <ele>3.652707993912259</ele>
      </trkpt>
      <trkpt lat="24.99116" lon="121.53684000000001">
        <time>2023-05-01T05:09:17.924Z</time>
        <ele>3.635746542514687</ele>
      </trkpt>
      <trkpt lat="24.991600000000002" lon="121.53703000000002">
        <time>2023-05-01T05:09:23.924Z</time>
        <ele>2.8337267078939092</ele>
      </trkpt>
      <trkpt lat="24.99228" lon="121.53726">
        <time>2023-05-01T05:09:29.924Z</time>
        <ele>1.6267909267142429</ele>
      </trkpt>
      <trkpt lat="24.99229" lon="121.53726">
        <time>2023-05-01T05:09:35.924Z</time>
        <ele>1.6098294727443208</ele>
      </trkpt>
      <trkpt lat="24.992600000000003" lon="121.53736">
        <time>2023-05-01T05:09:41.924Z</time>
        <ele>1.4622439749756142</ele>
      </trkpt>
      <trkpt lat="24.992870000000003" lon="121.5374">
        <time>2023-05-01T05:09:47.924Z</time>
        <ele>1.3534832538313621</ele>
      </trkpt>
      <trkpt lat="24.99311" lon="121.5374">
        <time>2023-05-01T05:09:53.924Z</time>
        <ele>1.2576763976332797</ele>
      </trkpt>
      <trkpt lat="24.99358" lon="121.53735">
        <time>2023-05-01T05:09:59.924Z</time>
        <ele>1.0691748477782335</ele>
      </trkpt>
      <trkpt lat="24.993920000000003" lon="121.53724000000001">
        <time>2023-05-01T05:10:05.924Z</time>
        <ele>0.9276713888802134</ele>
      </trkpt>
      <trkpt lat="24.99416" lon="121.53710000000001">
        <time>2023-05-01T05:10:11.924Z</time>
        <ele>0.8191668688006819</ele>
      </trkpt>
      <trkpt lat="24.994470000000003" lon="121.53688000000001">
        <time>2023-05-01T05:10:17.924Z</time>
        <ele>0.6717883130396428</ele>
      </trkpt>
      <trkpt lat="24.99472" lon="121.53661000000001">
        <time>2023-05-01T05:10:23.924Z</time>
        <ele>0.5317567702684295</ele>
      </trkpt>
      <trkpt lat="24.99527" lon="121.53597">
        <time>2023-05-01T05:10:29.924Z</time>
        <ele>3.348654421445733</ele>
      </trkpt>
      <trkpt lat="24.9953" lon="121.53593000000001">
        <time>2023-05-01T05:10:35.924Z</time>
        <ele>3.577091189733042</ele>
      </trkpt>
      <trkpt lat="24.995780000000003" lon="121.53556">
        <time>2023-05-01T05:10:41.924Z</time>
        <ele>3.35945471685951</ele>
      </trkpt>
      <trkpt lat="24.9962" lon="121.53542000000002">
        <time>2023-05-01T05:10:47.924Z</time>
        <ele>3.177311331428112</ele>
      </trkpt>
      <trkpt lat="24.996460000000003" lon="121.53536000000001">
        <time>2023-05-01T05:10:53.924Z</time>
        <ele>3.067064082352721</ele>
      </trkpt>
      <trkpt lat="24.99668" lon="121.53536000000001">
        <time>2023-05-01T05:10:59.924Z</time>
        <ele>2.975775012779531</ele>
      </trkpt>
      <trkpt lat="24.997400000000003" lon="121.53529">
        <time>2023-05-01T05:11:05.924Z</time>
        <ele>2.773470550323885</ele>
      </trkpt>
      <trkpt lat="24.99839" lon="121.53515000000002">
        <time>2023-05-01T05:11:11.924Z</time>
        <ele>2.63503854371128</ele>
      </trkpt>
      <trkpt lat="24.999060000000004" lon="121.53513000000001">
        <time>2023-05-01T05:11:17.924Z</time>
        <ele>5.271819456441387</ele>
      </trkpt>
      <trkpt lat="24.999070000000003" lon="121.53513000000001">
        <time>2023-05-01T05:11:23.924Z</time>
        <ele>5.355467461523752</ele>
      </trkpt>
      <trkpt lat="25.000040000000002" lon="121.53513000000001">
        <time>2023-05-01T05:11:29.924Z</time>
        <ele>13.469324488707615</ele>
      </trkpt>
      <trkpt lat="25.001900000000003" lon="121.53526000000001">
        <time>2023-05-01T05:11:35.924Z</time>
        <ele>18.72340242616371</ele>
      </trkpt>
      <trkpt lat="25.001900000000003" lon="121.53527000000001">
        <time>2023-05-01T05:11:41.924Z</time>
        <ele>18.733281081138376</ele>
      </trkpt>
      <trkpt lat="25.002550000000003" lon="121.5353">
        <time>2023-05-01T05:11:47.924Z</time>
        <ele>17.76116468506051</ele>
      </trkpt>
      <trkpt lat="25.003290000000003" lon="121.53529">
        <time>2023-05-01T05:11:53.924Z</time>
        <ele>13.553134244002191</ele>
      </trkpt>
      <trkpt lat="25.003870000000003" lon="121.53517000000001">
        <time>2023-05-01T05:11:59.924Z</time>
        <ele>10.197090735319811</ele>
      </trkpt>
      <trkpt lat="25.0044" lon="121.53496000000001">
        <time>2023-05-01T05:12:05.924Z</time>
        <ele>7.570196613070019</ele>
      </trkpt>
      <trkpt lat="25.004710000000003" lon="121.53481000000001">
        <time>2023-05-01T05:12:11.924Z</time>
        <ele>8.150360035586004</ele>
      </trkpt>
      <trkpt lat="25.00589" lon="121.53406000000001">
        <time>2023-05-01T05:12:17.924Z</time>
        <ele>8.985471713879122</ele>
      </trkpt>
      <trkpt lat="25.006570000000004" lon="121.53366000000001">
        <time>2023-05-01T05:12:23.924Z</time>
        <ele>7.733120151685627</ele>
      </trkpt>
      <trkpt lat="25.006960000000003" lon="121.53342">
        <time>2023-05-01T05:12:29.924Z</time>
        <ele>7.007329690813465</ele>
      </trkpt>
      <trkpt lat="25.007440000000003" lon="121.53318000000002">
        <time>2023-05-01T05:12:35.924Z</time>
        <ele>5.989688892578682</ele>
      </trkpt>
      <trkpt lat="25.007920000000002" lon="121.53303000000001">
        <time>2023-05-01T05:12:41.924Z</time>
        <ele>4.989494701766073</ele>
      </trkpt>
      <trkpt lat="25.008440000000004" lon="121.53293000000001">
        <time>2023-05-01T05:12:47.924Z</time>
        <ele>3.9315014601323957</ele>
      </trkpt>
      <trkpt lat="25.00872" lon="121.53285000000001">
        <time>2023-05-01T05:12:53.924Z</time>
        <ele>3.3700833787926974</ele>
      </trkpt>
      <trkpt lat="25.00915" lon="121.53246000000001">
        <time>2023-05-01T05:12:59.924Z</time>
        <ele>3.310813234139681</ele>
      </trkpt>
      <trkpt lat="25.00937" lon="121.53219000000001">
        <time>2023-05-01T05:13:05.924Z</time>
        <ele>3.2757462382616334</ele>
      </trkpt>
      <trkpt lat="25.009760000000004" lon="121.53161000000001">
        <time>2023-05-01T05:13:11.924Z</time>
        <ele>3.205959158796415</ele>
      </trkpt>
      <trkpt lat="25.009990000000002" lon="121.53112000000002">
        <time>2023-05-01T05:13:17.924Z</time>
        <ele>3.1525948873376057</ele>
      </trkpt>
      <trkpt lat="25.010340000000003" lon="121.53061000000001">
        <time>2023-05-01T05:13:23.924Z</time>
        <ele>3.0907816839809574</ele>
      </trkpt>
      <trkpt lat="25.010260000000002" lon="121.53052000000001">
        <time>2023-05-01T05:13:29.924Z</time>
        <ele>3.0786091495963843</ele>
      </trkpt>
      <trkpt lat="25.010240000000003" lon="121.53045000000002">
        <time>2023-05-01T05:13:35.924Z</time>
        <ele>3.071506647908789</ele>
      </trkpt>
      <trkpt lat="25.01039" lon="121.53007000000001">
        <time>2023-05-01T05:13:41.924Z</time>
        <ele>3.0314127498446966</ele>
      </trkpt>
      <trkpt lat="25.01031" lon="121.52954000000001">
        <time>2023-05-01T05:13:47.924Z</time>
        <ele>2.9794006337773418</ele>
      </trkpt>
      <trkpt lat="25.01037" lon="121.52915000000002">
        <time>2023-05-01T05:13:53.924Z</time>
        <ele>2.941107724602769</ele>
      </trkpt>
      <trkpt lat="25.010610000000003" lon="121.52886000000001">
        <time>2023-05-01T05:13:59.924Z</time>
        <ele>4.144691940752874</ele>
      </trkpt>
      <trkpt lat="25.010700000000003" lon="121.5288">
        <time>2023-05-01T05:14:05.924Z</time>
        <ele>4.30240303747902</ele>
      </trkpt>
      <trkpt lat="25.01095" lon="121.52842000000001">
        <time>2023-05-01T05:14:11.924Z</time>
        <ele>4.942031506291531</ele>
      </trkpt>
      <trkpt lat="25.011360000000003" lon="121.52769">
        <time>2023-05-01T05:14:17.924Z</time>
        <ele>5.37132361305517</ele>
      </trkpt>
      <trkpt lat="25.01142" lon="121.52762000000001">
        <time>2023-05-01T05:14:23.924Z</time>
        <ele>5.3735295270611045</ele>
      </trkpt>
      <trkpt lat="25.01144" lon="121.5276">
        <time>2023-05-01T05:14:29.924Z</time>
        <ele>5.374211118514642</ele>
      </trkpt>
      <trkpt lat="25.01171" lon="121.52757000000001">
        <time>2023-05-01T05:14:35.924Z</time>
        <ele>5.381047160809047</ele>
      </trkpt>
      <trkpt lat="25.011830000000003" lon="121.52730000000001">
        <time>2023-05-01T05:14:41.924Z</time>
        <ele>5.38794259935094</ele>
      </trkpt>
      <trkpt lat="25.012510000000002" lon="121.52642000000002">
        <time>2023-05-01T05:14:47.924Z</time>
        <ele>4.503942486883646</ele>
      </trkpt>
      <trkpt lat="25.01256" lon="121.52638">
        <time>2023-05-01T05:14:53.924Z</time>
        <ele>4.21830047157858</ele>
      </trkpt>
      <trkpt lat="25.012710000000002" lon="121.52631000000001">
        <time>2023-05-01T05:14:59.924Z</time>
        <ele>3.4658290565942367</ele>
      </trkpt>
      <trkpt lat="25.012870000000003" lon="121.52621">
        <time>2023-05-01T05:15:05.924Z</time>
        <ele>2.6158139579244613</ele>
      </trkpt>
      <trkpt lat="25.01294" lon="121.52619000000001">
        <time>2023-05-01T05:15:11.924Z</time>
        <ele>2.2818922980505296</ele>
      </trkpt>
      <trkpt lat="25.01303" lon="121.5262">
        <time>2023-05-01T05:15:17.924Z</time>
        <ele>1.8642905529048628</ele>
      </trkpt>
      <trkpt lat="25.01312" lon="121.52625">
        <time>2023-05-01T05:15:23.924Z</time>
        <ele>1.398607761667505</ele>
      </trkpt>
      <trkpt lat="25.013170000000002" lon="121.52625">
        <time>2023-05-01T05:15:29.924Z</time>
        <ele>1.167786849732182</ele>
      </trkpt>
      <trkpt lat="25.01331" lon="121.52616">
        <time>2023-05-01T05:15:35.924Z</time>
        <ele>0.5464517578703734</ele>
      </trkpt>
      <trkpt lat="25.013430000000003" lon="121.52600000000001">
        <time>2023-05-01T05:15:41.924Z</time>
        <ele>0.48565647323678746</ele>
      </trkpt>
      <trkpt lat="25.013450000000002" lon="121.52594">
        <time>2023-05-01T05:15:47.924Z</time>
        <ele>0.4669130681188183</ele>
      </trkpt>
      <trkpt lat="25.013450000000002" lon="121.52583000000001">
        <time>2023-05-01T05:15:53.924Z</time>
        <ele>0.43464160498913046</ele>
      </trkpt>
      <trkpt lat="25.013450000000002" lon="121.52584000000002">
        <time>2023-05-01T05:15:59.924Z</time>
        <ele>0.4317078356125642</ele>
      </trkpt>
      <trkpt lat="25.013450000000002" lon="121.52573000000001">
        <time>2023-05-01T05:16:05.924Z</time>
        <ele>0.39943637247869984</ele>
      </trkpt>
      <trkpt lat="25.01347" lon="121.52565000000001">
        <time>2023-05-01T05:16:11.924Z</time>
        <ele>0.3750989286295498</ele>
      </trkpt>
      <trkpt lat="25.0135" lon="121.52559000000001">
        <time>2023-05-01T05:16:17.924Z</time>
        <ele>0.3550204857511035</ele>
      </trkpt>
      <trkpt lat="25.01357" lon="121.52552000000001">
        <time>2023-05-01T05:16:23.924Z</time>
        <ele>0.3245300713085964</ele>
      </trkpt>
      <trkpt lat="25.01611" lon="121.52381000000001">
        <time>2023-05-01T05:16:29.924Z</time>
        <ele>0</ele>
      </trkpt>
      <trkpt lat="25.01621" lon="121.52375">
        <time>2023-05-01T05:16:35.924Z</time>
        <ele>0</ele>
      </trkpt>
      <trkpt lat="25.016270000000002" lon="121.52374">
        <time>2023-05-01T05:16:41.924Z</time>
        <ele>0</ele>
      </trkpt>
      <trkpt lat="25.01639" lon="121.52376000000001">
        <time>2023-05-01T05:16:47.924Z</time>
        <ele>0</ele>
      </trkpt>
      <trkpt lat="25.01678" lon="121.52413000000001">
        <time>2023-05-01T05:16:53.924Z</time>
        <ele>0</ele>
      </trkpt>
      <trkpt lat="25.017190000000003" lon="121.52401">
        <time>2023-05-01T05:16:59.924Z</time>
        <ele>0</ele>
      </trkpt>
      <trkpt lat="25.017310000000002" lon="121.52400000000002">
        <time>2023-05-01T05:17:05.924Z</time>
        <ele>0</ele>
      </trkpt>
      <trkpt lat="25.017280000000003" lon="121.52403000000001">
        <time>2023-05-01T05:17:11.924Z</time>
        <ele>0</ele>
      </trkpt>
      <trkpt lat="25.017310000000002" lon="121.52400000000002">
        <time>2023-05-01T05:17:17.924Z</time>
        <ele>0</ele>
      </trkpt>
      <trkpt lat="25.01743" lon="121.52395000000001">
        <time>2023-05-01T05:17:23.924Z</time>
        <ele>0.07676199041553629</ele>
      </trkpt>
      <trkpt lat="25.018040000000003" lon="121.52355000000001">
        <time>2023-05-01T05:17:29.924Z</time>
        <ele>1.2791246432723147</ele>
      </trkpt>
      <trkpt lat="25.01808" lon="121.52351000000002">
        <time>2023-05-01T05:17:35.924Z</time>
        <ele>1.370690024442084</ele>
      </trkpt>
      <trkpt lat="25.018250000000002" lon="121.5233">
        <time>2023-05-01T05:17:41.924Z</time>
        <ele>1.8037853443183796</ele>
      </trkpt>
      <trkpt lat="25.018790000000003" lon="121.52266000000002">
        <time>2023-05-01T05:17:47.924Z</time>
        <ele>2.3208036145167372</ele>
      </trkpt>
      <trkpt lat="25.018710000000002" lon="121.52244">
        <time>2023-05-01T05:17:53.924Z</time>
        <ele>2.202955907042428</ele>
      </trkpt>
      <trkpt lat="25.018700000000003" lon="121.52236">
        <time>2023-05-01T05:17:59.924Z</time>
        <ele>2.162781846480594</ele>
      </trkpt>
      <trkpt lat="25.018700000000003" lon="121.52237000000001">
        <time>2023-05-01T05:18:05.924Z</time>
        <ele>2.1578066854335205</ele>
      </trkpt>
      <trkpt lat="25.018710000000002" lon="121.52230000000002">
        <time>2023-05-01T05:18:11.924Z</time>
        <ele>2.122555135672184</ele>
      </trkpt>
      <trkpt lat="25.01894" lon="121.52187">
        <time>2023-05-01T05:18:17.924Z</time>
        <ele>1.8744871962087823</ele>
      </trkpt>
      <trkpt lat="25.019060000000003" lon="121.52171000000001">
        <time>2023-05-01T05:18:23.924Z</time>
        <ele>1.7713873866669552</ele>
      </trkpt>
      <trkpt lat="25.019330000000004" lon="121.52167000000001">
        <time>2023-05-01T05:18:29.924Z</time>
        <ele>1.6226274976413342</ele>
      </trkpt>
      <trkpt lat="25.019530000000003" lon="121.52159">
        <time>2023-05-01T05:18:35.924Z</time>
        <ele>1.506398361206867</ele>
      </trkpt>
      <trkpt lat="25.019540000000003" lon="121.52111000000001">
        <time>2023-05-01T05:18:41.924Z</time>
        <ele>1.2675298341757057</ele>
      </trkpt>
      <trkpt lat="25.020030000000002" lon="121.52037000000001">
        <time>2023-05-01T05:18:47.924Z</time>
        <ele>2.5776284492354935</ele>
      </trkpt>
      <trkpt lat="25.020220000000002" lon="121.52010000000001">
        <time>2023-05-01T05:18:53.924Z</time>
        <ele>3.2022766429974476</ele>
      </trkpt>
      <trkpt lat="25.020270000000004" lon="121.52008000000001">
        <time>2023-05-01T05:18:59.924Z</time>
        <ele>3.3092180975308176</ele>
      </trkpt>
      <trkpt lat="25.020590000000002" lon="121.52011000000002">
        <time>2023-05-01T05:19:05.924Z</time>
        <ele>3.703666855857216</ele>
      </trkpt>
      <trkpt lat="25.020670000000003" lon="121.52007">
        <time>2023-05-01T05:19:11.924Z</time>
        <ele>3.7091988866991814</ele>
      </trkpt>
      <trkpt lat="25.020740000000004" lon="121.51982000000001">
        <time>2023-05-01T05:19:17.924Z</time>
        <ele>3.7241948440425285</ele>
      </trkpt>
      <trkpt lat="25.0209" lon="121.51889000000001">
        <time>2023-05-01T05:19:23.924Z</time>
        <ele>3.7784610180461358</ele>
      </trkpt>
      <trkpt lat="25.02099" lon="121.51848000000001">
        <time>2023-05-01T05:19:29.924Z</time>
        <ele>3.802641988815219</ele>
      </trkpt>
      <trkpt lat="25.021500000000003" lon="121.51674000000001">
        <time>2023-05-01T05:19:35.924Z</time>
        <ele>3.9647481645212403</ele>
      </trkpt>
      <trkpt lat="25.02164" lon="121.51656000000001">
        <time>2023-05-01T05:19:41.924Z</time>
        <ele>4.001237229756096</ele>
      </trkpt>
      <trkpt lat="25.021630000000002" lon="121.51633000000001">
        <time>2023-05-01T05:19:47.924Z</time>
        <ele>4.0367396698978935</ele>
      </trkpt>
      <trkpt lat="25.02195" lon="121.51618">
        <time>2023-05-01T05:19:53.924Z</time>
        <ele>4.095620855452381</ele>
      </trkpt>
      <trkpt lat="25.021970000000003" lon="121.51534000000001">
        <time>2023-05-01T05:19:59.924Z</time>
        <ele>4.7468649253900805</ele>
      </trkpt>
      <trkpt lat="25.022090000000002" lon="121.51500000000001">
        <time>2023-05-01T05:20:05.924Z</time>
        <ele>5.24442328309253</ele>
      </trkpt>
      <trkpt lat="25.02229" lon="121.51408">
        <time>2023-05-01T05:20:11.924Z</time>
        <ele>5.404214909863646</ele>
      </trkpt>
      <trkpt lat="25.022330000000004" lon="121.51386000000001">
        <time>2023-05-01T05:20:17.924Z</time>
        <ele>5.412462142151968</ele>
      </trkpt>
      <trkpt lat="25.022750000000002" lon="121.51242">
        <time>2023-05-01T05:20:23.924Z</time>
        <ele>5.033914152895332</ele>
      </trkpt>
      <trkpt lat="25.02277" lon="121.51223000000002">
        <time>2023-05-01T05:20:29.924Z</time>
        <ele>4.921112907713862</ele>
      </trkpt>
      <trkpt lat="25.022740000000002" lon="121.51148">
        <time>2023-05-01T05:20:35.924Z</time>
        <ele>4.478360767393892</ele>
      </trkpt>
      <trkpt lat="25.022610000000004" lon="121.51106000000001">
        <time>2023-05-01T05:20:41.924Z</time>
        <ele>4.2902113418562235</ele>
      </trkpt>
      <trkpt lat="25.02258" lon="121.51074000000001">
        <time>2023-05-01T05:20:47.924Z</time>
        <ele>4.324194322611486</ele>
      </trkpt>
      <trkpt lat="25.022540000000003" lon="121.51015000000001">
        <time>2023-05-01T05:20:53.924Z</time>
        <ele>4.386693709903139</ele>
      </trkpt>
      <trkpt lat="25.02257" lon="121.50968">
        <time>2023-05-01T05:20:59.924Z</time>
        <ele>4.436465786768457</ele>
      </trkpt>
      <trkpt lat="25.02257" lon="121.50931000000001">
        <time>2023-05-01T05:21:05.924Z</time>
        <ele>4.475552263931032</ele>
      </trkpt>
      <trkpt lat="25.02192" lon="121.50805000000001">
        <time>2023-05-01T05:21:11.924Z</time>
        <ele>4.618888821571309</ele>
      </trkpt>
      <trkpt lat="25.02167" lon="121.50771">
        <time>2023-05-01T05:21:17.924Z</time>
        <ele>4.63556893931985</ele>
      </trkpt>
      <trkpt lat="25.021680000000003" lon="121.50771">
        <time>2023-05-01T05:21:23.924Z</time>
        <ele>4.635987946680939</ele>
      </trkpt>
      <trkpt lat="25.021600000000003" lon="121.50760000000001">
        <time>2023-05-01T05:21:29.924Z</time>
        <ele>4.641361318376864</ele>
      </trkpt>
      <trkpt lat="25.02073" lon="121.50674000000001">
        <time>2023-05-01T05:21:35.924Z</time>
        <ele>4.6904215742204345</ele>
      </trkpt>
      <trkpt lat="25.020390000000003" lon="121.50645000000002">
        <time>2023-05-01T05:21:41.924Z</time>
        <ele>4.7084643276322895</ele>
      </trkpt>
      <trkpt lat="25.020100000000003" lon="121.50618000000001">
        <time>2023-05-01T05:21:47.924Z</time>
        <ele>4.72439896156558</ele>
      </trkpt>
      <trkpt lat="25.0194" lon="121.50540000000001">
        <time>2023-05-01T05:21:53.924Z</time>
        <ele>4.766197321277405</ele>
      </trkpt>
      <trkpt lat="25.01913" lon="121.50503">
        <time>2023-05-01T05:21:59.924Z</time>
        <ele>4.235751555033304</ele>
      </trkpt>
      <trkpt lat="25.019000000000002" lon="121.50497000000001">
        <time>2023-05-01T05:22:05.924Z</time>
        <ele>4.02209106776632</ele>
      </trkpt>
      <trkpt lat="25.018870000000003" lon="121.50485">
        <time>2023-05-01T05:22:11.924Z</time>
        <ele>3.7647351027333364</ele>
      </trkpt>
      <trkpt lat="25.018130000000003" lon="121.50352000000001">
        <time>2023-05-01T05:22:17.924Z</time>
        <ele>1.2569841571513005</ele>
      </trkpt>
      <trkpt lat="25.018130000000003" lon="121.50353000000001">
        <time>2023-05-01T05:22:23.924Z</time>
        <ele>1.2402829529751964</ele>
      </trkpt>
      <trkpt lat="25.018020000000003" lon="121.50343000000001">
        <time>2023-05-01T05:22:29.924Z</time>
        <ele>1.328631231737024</ele>
      </trkpt>
      <trkpt lat="25.017930000000003" lon="121.50342">
        <time>2023-05-01T05:22:35.924Z</time>
        <ele>1.576861847899663</ele>
      </trkpt>
      <trkpt lat="25.01751" lon="121.50356000000001">
        <time>2023-05-01T05:22:41.924Z</time>
        <ele>1.7228760269173338</ele>
      </trkpt>
      <trkpt lat="25.01743" lon="121.50356000000001">
        <time>2023-05-01T05:22:47.924Z</time>
        <ele>1.6976017021559866</ele>
      </trkpt>
      <trkpt lat="25.01724" lon="121.50346">
        <time>2023-05-01T05:22:53.924Z</time>
        <ele>1.6310292501380792</ele>
      </trkpt>
      <trkpt lat="25.015500000000003" lon="121.50129000000001">
        <time>2023-05-01T05:22:59.924Z</time>
        <ele>0.8649966124270612</ele>
      </trkpt>
      <trkpt lat="25.015500000000003" lon="121.50130000000001">
        <time>2023-05-01T05:23:05.924Z</time>
        <ele>0.8695832452182077</ele>
      </trkpt>
      <trkpt lat="25.013040000000004" lon="121.49822">
        <time>2023-05-01T05:23:11.924Z</time>
        <ele>1.7382397971498111</ele>
      </trkpt>
      <trkpt lat="25.01247" lon="121.49737">
        <time>2023-05-01T05:23:17.924Z</time>
        <ele>2.6579086552958384</ele>
      </trkpt>
      <trkpt lat="25.011830000000003" lon="121.49626">
        <time>2023-05-01T05:23:23.924Z</time>
        <ele>1.68881346605074</ele>
      </trkpt>
      <trkpt lat="25.01178" lon="121.49598">
        <time>2023-05-01T05:23:29.924Z</time>
        <ele>1.3137502417233016</ele>
      </trkpt>
      <trkpt lat="25.01178" lon="121.49579000000001">
        <time>2023-05-01T05:23:35.924Z</time>
        <ele>1.0639934920546263</ele>
      </trkpt>
      <trkpt lat="25.01178" lon="121.49580000000002">
        <time>2023-05-01T05:23:41.924Z</time>
        <ele>1.0508483999618843</ele>
      </trkpt>
      <trkpt lat="25.01178" lon="121.49567">
        <time>2023-05-01T05:23:47.924Z</time>
        <ele>0.8799622027936163</ele>
      </trkpt>
      <trkpt lat="25.011830000000003" lon="121.49530000000001">
        <time>2023-05-01T05:23:53.924Z</time>
        <ele>0.524403455746604</ele>
      </trkpt>
      <trkpt lat="25.01188" lon="121.49516000000001">
        <time>2023-05-01T05:23:59.924Z</time>
        <ele>0.5527900007357276</ele>
      </trkpt>
      <trkpt lat="25.01188" lon="121.49493000000001">
        <time>2023-05-01T05:24:05.924Z</time>
        <ele>0.5962092750654976</ele>
      </trkpt>
      <trkpt lat="25.01191" lon="121.49475000000001">
        <time>2023-05-01T05:24:11.924Z</time>
        <ele>0.6307532697740692</ele>
      </trkpt>
      <trkpt lat="25.012110000000003" lon="121.49412000000001">
        <time>2023-05-01T05:24:17.924Z</time>
        <ele>0.7566950010084683</ele>
      </trkpt>
      <trkpt lat="25.012230000000002" lon="121.49383000000002">
        <time>2023-05-01T05:24:23.924Z</time>
        <ele>0.8168210872400907</ele>
      </trkpt>
      <trkpt lat="25.01245" lon="121.49363000000001">
        <time>2023-05-01T05:24:29.924Z</time>
        <ele>0.876005278437631</ele>
      </trkpt>
      <trkpt lat="25.013080000000002" lon="121.49316">
        <time>2023-05-01T05:24:35.924Z</time>
        <ele>1.288540836128877</ele>
      </trkpt>
      <trkpt lat="25.013330000000003" lon="121.49311000000002">
        <time>2023-05-01T05:24:41.924Z</time>
        <ele>1.4858007622105924</ele>
      </trkpt>
      <trkpt lat="25.01349" lon="121.49311000000002">
        <time>2023-05-01T05:24:47.924Z</time>
        <ele>1.6100014090447228</ele>
      </trkpt>
      <trkpt lat="25.01359" lon="121.49309000000001">
        <time>2023-05-01T05:24:53.924Z</time>
        <ele>1.6889053760341475</ele>
      </trkpt>
      <trkpt lat="25.013830000000002" lon="121.49299">
        <time>2023-05-01T05:24:59.924Z</time>
        <ele>1.8881824463031338</ele>
      </trkpt>
      <trkpt lat="25.014020000000002" lon="121.49286000000001">
        <time>2023-05-01T05:25:05.924Z</time>
        <ele>2.061987894259098</ele>
      </trkpt>
      <trkpt lat="25.01415" lon="121.49273000000001">
        <time>2023-05-01T05:25:11.924Z</time>
        <ele>2.1760796255763317</ele>
      </trkpt>
      <trkpt lat="25.014190000000003" lon="121.49265000000001">
        <time>2023-05-01T05:25:17.924Z</time>
        <ele>2.1918354393165904</ele>
      </trkpt>
      <trkpt lat="25.01443" lon="121.49214">
        <time>2023-05-01T05:25:23.924Z</time>
        <ele>2.2909427055424842</ele>
      </trkpt>
      <trkpt lat="25.01518" lon="121.49168000000002">
        <time>2023-05-01T05:25:29.924Z</time>
        <ele>2.453744800472239</ele>
      </trkpt>
      <trkpt lat="25.015610000000002" lon="121.49143000000001">
        <time>2023-05-01T05:25:35.924Z</time>
        <ele>2.5459509978795474</ele>
      </trkpt>
      <trkpt lat="25.016260000000003" lon="121.49142">
        <time>2023-05-01T05:25:41.924Z</time>
        <ele>2.4377054018136244</ele>
      </trkpt>
      <trkpt lat="25.0163" lon="121.49141000000002">
        <time>2023-05-01T05:25:47.924Z</time>
        <ele>2.3515593148881266</ele>
      </trkpt>
      <trkpt lat="25.016350000000003" lon="121.49139000000001">
        <time>2023-05-01T05:25:53.924Z</time>
        <ele>2.239809897737892</ele>
      </trkpt>
      <trkpt lat="25.01648" lon="121.49131000000001">
        <time>2023-05-01T05:25:59.924Z</time>
        <ele>1.9268406625724057</ele>
      </trkpt>
      <trkpt lat="25.01687" lon="121.49094000000001">
        <time>2023-05-01T05:26:05.924Z</time>
        <ele>0.8443117455683752</ele>
      </trkpt>
      <trkpt lat="25.01695" lon="121.49092000000002">
        <time>2023-05-01T05:26:11.924Z</time>
        <ele>0.6720196012181895</ele>
      </trkpt>
      <trkpt lat="25.01704" lon="121.49090000000001">
        <time>2023-05-01T05:26:17.924Z</time>
        <ele>0.47919698045861747</ele>
      </trkpt>
      <trkpt lat="25.0179" lon="121.4911">
        <time>2023-05-01T05:26:23.924Z</time>
        <ele>0.060794173656975536</ele>
      </trkpt>
      <trkpt lat="25.018240000000002" lon="121.49114000000002">
        <time>2023-05-01T05:26:29.924Z</time>
        <ele>0.08488149321426555</ele>
      </trkpt>
      <trkpt lat="25.018430000000002" lon="121.49111">
        <time>2023-05-01T05:26:35.924Z</time>
        <ele>0.09840318080242984</ele>
      </trkpt>
      <trkpt lat="25.01948" lon="121.49078000000002">
        <time>2023-05-01T05:26:41.924Z</time>
        <ele>0.17533981114904934</ele>
      </trkpt>
      <trkpt lat="25.01948" lon="121.49077000000001">
        <time>2023-05-01T05:26:47.924Z</time>
        <ele>0.17598165900560644</ele>
      </trkpt>
      <trkpt lat="25.01957" lon="121.49075">
        <time>2023-05-01T05:26:53.924Z</time>
        <ele>0.182450051171681</ele>
      </trkpt>
      <trkpt lat="25.02166" lon="121.49089000000001">
        <time>2023-05-01T05:26:59.924Z</time>
        <ele>0.19509391332849402</ele>
      </trkpt>
      <trkpt lat="25.02221" lon="121.49081000000001">
        <time>2023-05-01T05:27:05.924Z</time>
        <ele>0.43036144978443985</ele>
      </trkpt>
      <trkpt lat="25.023010000000003" lon="121.49063000000001">
        <time>2023-05-01T05:27:11.924Z</time>
        <ele>0.8167732368189127</ele>
      </trkpt>
      <trkpt lat="25.02323" lon="121.49068000000001">
        <time>2023-05-01T05:27:17.924Z</time>
        <ele>0.9407293628239599</ele>
      </trkpt>
      <trkpt lat="25.023320000000002" lon="121.49067000000001">
        <time>2023-05-01T05:27:23.924Z</time>
        <ele>0.9906390116787431</ele>
      </trkpt>
      <trkpt lat="25.023410000000002" lon="121.49064000000001">
        <time>2023-05-01T05:27:29.924Z</time>
        <ele>1.0425345495371816</ele>
      </trkpt>
      <trkpt lat="25.02428" lon="121.49028000000001">
        <time>2023-05-01T05:27:35.924Z</time>
        <ele>1.338196096350651</ele>
      </trkpt>
      <trkpt lat="25.02455" lon="121.49023000000001">
        <time>2023-05-01T05:27:41.924Z</time>
        <ele>1.3871048905587147</ele>
      </trkpt>
      <trkpt lat="25.025630000000003" lon="121.48977000000001">
        <time>2023-05-01T05:27:47.924Z</time>
        <ele>1.711170616826405</ele>
      </trkpt>
      <trkpt lat="25.0267" lon="121.48905">
        <time>2023-05-01T05:27:53.924Z</time>
        <ele>2.7568651609322723</ele>
      </trkpt>
      <trkpt lat="25.027680000000004" lon="121.48825000000001">
        <time>2023-05-01T05:27:59.924Z</time>
        <ele>2.785477801984162</ele>
      </trkpt>
      <trkpt lat="25.029220000000002" lon="121.4877">
        <time>2023-05-01T05:28:05.924Z</time>
        <ele>2.1562471116339372</ele>
      </trkpt>
      <trkpt lat="25.02999" lon="121.48742000000001">
        <time>2023-05-01T05:28:11.924Z</time>
        <ele>1.9410728450327164</ele>
      </trkpt>
      <trkpt lat="25.03011" lon="121.48739">
        <time>2023-05-01T05:28:17.924Z</time>
        <ele>1.874275810126775</ele>
      </trkpt>
      <trkpt lat="25.031200000000002" lon="121.48757">
        <time>2023-05-01T05:28:23.924Z</time>
        <ele>1.2472882084239274</ele>
      </trkpt>
      <trkpt lat="25.03121" lon="121.48756000000002">
        <time>2023-05-01T05:28:29.924Z</time>
        <ele>1.2395932278864872</ele>
      </trkpt>
      <trkpt lat="25.031820000000003" lon="121.48678000000001">
        <time>2023-05-01T05:28:35.924Z</time>
        <ele>0.7068698631404662</ele>
      </trkpt>
      <trkpt lat="25.03199" lon="121.48661000000001">
        <time>2023-05-01T05:28:41.924Z</time>
        <ele>0.6106828628768867</ele>
      </trkpt>
      <trkpt lat="25.03208" lon="121.48657000000001">
        <time>2023-05-01T05:28:47.924Z</time>
        <ele>0.573792892547026</ele>
      </trkpt>
      <trkpt lat="25.032570000000003" lon="121.48644000000002">
        <time>2023-05-01T05:28:53.924Z</time>
        <ele>0.3822693340841439</ele>
      </trkpt>
      <trkpt lat="25.03283" lon="121.48639000000001">
        <time>2023-05-01T05:28:59.924Z</time>
        <ele>0.2819846073064489</ele>
      </trkpt>
      <trkpt lat="25.033220000000004" lon="121.48638000000001">
        <time>2023-05-01T05:29:05.924Z</time>
        <ele>0.13377413487224843</ele>
      </trkpt>
      <trkpt lat="25.03365" lon="121.4864">
        <time>2023-05-01T05:29:11.924Z</time>
        <ele>0.07492505370935147</ele>
      </trkpt>
      <trkpt lat="25.03432" lon="121.48645">
        <time>2023-05-01T05:29:17.924Z</time>
        <ele>0.008646035044926517</ele>
      </trkpt>
      <trkpt lat="25.034660000000002" lon="121.48655000000001">
        <time>2023-05-01T05:29:23.924Z</time>
        <ele>-0.02609447470816783</ele>
      </trkpt>
      <trkpt lat="25.034670000000002" lon="121.48655000000001">
        <time>2023-05-01T05:29:29.924Z</time>
        <ele>-0.027081435312650486</ele>
      </trkpt>
      <trkpt lat="25.03552" lon="121.48681">
        <time>2023-05-01T05:29:35.924Z</time>
        <ele>0.15196200328028414</ele>
      </trkpt>
      <trkpt lat="25.035850000000003" lon="121.48695000000001">
        <time>2023-05-01T05:29:41.924Z</time>
        <ele>0.32039297853763715</ele>
      </trkpt>
      <trkpt lat="25.036080000000002" lon="121.48708">
        <time>2023-05-01T05:29:47.924Z</time>
        <ele>0.44355486002873884</ele>
      </trkpt>
      <trkpt lat="25.036240000000003" lon="121.48725">
        <time>2023-05-01T05:29:53.924Z</time>
        <ele>0.549568257081033</ele>
      </trkpt>
      <trkpt lat="25.036350000000002" lon="121.48745000000001">
        <time>2023-05-01T05:29:59.924Z</time>
        <ele>0.6508956340221033</ele>
      </trkpt>
      <trkpt lat="25.03646" lon="121.48771">
        <time>2023-05-01T05:30:05.924Z</time>
        <ele>0.636145248629084</ele>
      </trkpt>
      <trkpt lat="25.036510000000003" lon="121.48803000000001">
        <time>2023-05-01T05:30:11.924Z</time>
        <ele>0.5208065142493487</ele>
      </trkpt>
      <trkpt lat="25.036610000000003" lon="121.48954">
        <time>2023-05-01T05:30:17.924Z</time>
        <ele>0.00012683098332613553</ele>
      </trkpt>
      <trkpt lat="25.03666" lon="121.48974000000001">
        <time>2023-05-01T05:30:23.924Z</time>
        <ele>0.00011452029539740247</ele>
      </trkpt>
      <trkpt lat="25.036620000000003" lon="121.48975000000002">
        <time>2023-05-01T05:30:29.924Z</time>
        <ele>0.0001118473660060861</ele>
      </trkpt>
      <trkpt lat="25.03666" lon="121.48974000000001">
        <time>2023-05-01T05:30:35.924Z</time>
        <ele>0.00010917443661494736</ele>
      </trkpt>
      <trkpt lat="25.036720000000003" lon="121.48995000000001">
        <time>2023-05-01T05:30:41.924Z</time>
        <ele>0.00009611040546133825</ele>
      </trkpt>
      <trkpt lat="25.036910000000002" lon="121.49025">
        <time>2023-05-01T05:30:47.924Z</time>
        <ele>0.00007442253744590012</ele>
      </trkpt>
      <trkpt lat="25.03721" lon="121.49048">
        <time>2023-05-01T05:30:53.924Z</time>
        <ele>0.00005058027433242634</ele>
      </trkpt>
      <trkpt lat="25.037550000000003" lon="121.49052">
        <time>2023-05-01T05:30:59.924Z</time>
        <ele>0.000028300818300058865</ele>
      </trkpt>
      <trkpt lat="25.03768" lon="121.4907">
        <time>2023-05-01T05:31:05.924Z</time>
        <ele>0.000014666214945359512</ele>
      </trkpt>
      <trkpt lat="25.037860000000002" lon="121.49107000000001">
        <time>2023-05-01T05:31:11.924Z</time>
        <ele>0.011293877578256001</ele>
      </trkpt>
      <trkpt lat="25.037860000000002" lon="121.49108000000001">
        <time>2023-05-01T05:31:17.924Z</time>
        <ele>0.011949090910258652</ele>
      </trkpt>
      <trkpt lat="25.038040000000002" lon="121.49146">
        <time>2023-05-01T05:31:23.924Z</time>
        <ele>0.040011515693387865</ele>
      </trkpt>
      <trkpt lat="25.038380000000004" lon="121.49277000000001">
        <time>2023-05-01T05:31:29.924Z</time>
        <ele>0.22119507088921475</ele>
      </trkpt>
      <trkpt lat="25.03828" lon="121.49384">
        <time>2023-05-01T05:31:35.924Z</time>
        <ele>0.5473981759643132</ele>
      </trkpt>
      <trkpt lat="25.03825" lon="121.49380000000001">
        <time>2023-05-01T05:31:41.924Z</time>
        <ele>0.5631108810706438</ele>
      </trkpt>
      <trkpt lat="25.03826" lon="121.49380000000001">
        <time>2023-05-01T05:31:47.924Z</time>
        <ele>0.5664397366873769</ele>
      </trkpt>
      <trkpt lat="25.03828" lon="121.49384">
        <time>2023-05-01T05:31:53.924Z</time>
        <ele>0.5802774637831619</ele>
      </trkpt>
      <trkpt lat="25.038330000000002" lon="121.49407000000001">
        <time>2023-05-01T05:31:59.924Z</time>
        <ele>0.6519881775190123</ele>
      </trkpt>
      <trkpt lat="25.038470000000004" lon="121.49441000000002">
        <time>2023-05-01T05:32:05.924Z</time>
        <ele>0.7651431291736677</ele>
      </trkpt>
      <trkpt lat="25.03891" lon="121.49505">
        <time>2023-05-01T05:32:11.924Z</time>
        <ele>1.00830036623054</ele>
      </trkpt>
      <trkpt lat="25.039040000000004" lon="121.49515000000001">
        <time>2023-05-01T05:32:17.924Z</time>
        <ele>0.9327487097003653</ele>
      </trkpt>
      <trkpt lat="25.03909" lon="121.49525000000001">
        <time>2023-05-01T05:32:23.924Z</time>
        <ele>0.8142278105397848</ele>
      </trkpt>
      <trkpt lat="25.0391" lon="121.49525000000001">
        <time>2023-05-01T05:32:29.924Z</time>
        <ele>0.8028230199304937</ele>
      </trkpt>
      <trkpt lat="25.039350000000002" lon="121.49570000000001">
        <time>2023-05-01T05:32:35.924Z</time>
        <ele>0.2551908157184358</ele>
      </trkpt>
      <trkpt lat="25.039450000000002" lon="121.49610000000001">
        <time>2023-05-01T05:32:41.924Z</time>
        <ele>0.026375218061234912</ele>
      </trkpt>
      <trkpt lat="25.0395" lon="121.49645000000001">
        <time>2023-05-01T05:32:47.924Z</time>
        <ele>0.025377410159475765</ele>
      </trkpt>
      <trkpt lat="25.040360000000003" lon="121.49756000000001">
        <time>2023-05-01T05:32:53.924Z</time>
        <ele>0.021273480257771163</ele>
      </trkpt>
      <trkpt lat="25.040440000000004" lon="121.49761000000001">
        <time>2023-05-01T05:32:59.924Z</time>
        <ele>0.02061679403809017</ele>
      </trkpt>
      <trkpt lat="25.040440000000004" lon="121.49762000000001">
        <time>2023-05-01T05:33:05.924Z</time>
        <ele>0.020524159409357458</ele>
      </trkpt>
      <trkpt lat="25.040860000000002" lon="121.49791">
        <time>2023-05-01T05:33:11.924Z</time>
        <ele>0.015478844462757336</ele>
      </trkpt>
      <trkpt lat="25.04182" lon="121.49870000000001">
        <time>2023-05-01T05:33:17.924Z</time>
        <ele>0.0032788037776345404</ele>
      </trkpt>
      <trkpt lat="25.042050000000003" lon="121.49885">
        <time>2023-05-01T05:33:23.924Z</time>
        <ele>0.0005584748617111899</ele>
      </trkpt>
      <trkpt lat="25.042520000000003" lon="121.49926">
        <time>2023-05-01T05:33:29.924Z</time>
        <ele>0</ele>
      </trkpt>
      <trkpt lat="25.04342" lon="121.50000000000001">
        <time>2023-05-01T05:33:35.924Z</time>
        <ele>0</ele>
      </trkpt>
      <trkpt lat="25.04342" lon="121.50001">
        <time>2023-05-01T05:33:41.924Z</time>
        <ele>0</ele>
      </trkpt>
      <trkpt lat="25.043940000000003" lon="121.50043000000001">
        <time>2023-05-01T05:33:47.924Z</time>
        <ele>0</ele>
      </trkpt>
      <trkpt lat="25.04437" lon="121.50065000000001">
        <time>2023-05-01T05:33:53.924Z</time>
        <ele>0</ele>
      </trkpt>
      <trkpt lat="25.04464" lon="121.50085000000001">
        <time>2023-05-01T05:33:59.924Z</time>
        <ele>0</ele>
      </trkpt>
      <trkpt lat="25.044970000000003" lon="121.50118">
        <time>2023-05-01T05:34:05.924Z</time>
        <ele>0</ele>
      </trkpt>
      <trkpt lat="25.04578" lon="121.50221">
        <time>2023-05-01T05:34:11.924Z</time>
        <ele>0</ele>
      </trkpt>
      <trkpt lat="25.046550000000003" lon="121.50308000000001">
        <time>2023-05-01T05:34:17.924Z</time>
        <ele>0</ele>
      </trkpt>
      <trkpt lat="25.046680000000002" lon="121.5032">
        <time>2023-05-01T05:34:23.924Z</time>
        <ele>0</ele>
      </trkpt>
      <trkpt lat="25.04719" lon="121.50340000000001">
        <time>2023-05-01T05:34:29.924Z</time>
        <ele>0</ele>
      </trkpt>
      <trkpt lat="25.04727" lon="121.50347000000001">
        <time>2023-05-01T05:34:35.924Z</time>
        <ele>0</ele>
      </trkpt>
      <trkpt lat="25.047310000000003" lon="121.50357000000001">
        <time>2023-05-01T05:34:41.924Z</time>
        <ele>0</ele>
      </trkpt>
      <trkpt lat="25.04738" lon="121.50362000000001">
        <time>2023-05-01T05:34:47.924Z</time>
        <ele>0</ele>
      </trkpt>
      <trkpt lat="25.047590000000003" lon="121.50366000000001">
        <time>2023-05-01T05:34:53.924Z</time>
        <ele>0</ele>
      </trkpt>
      <trkpt lat="25.04888" lon="121.50468000000001">
        <time>2023-05-01T05:34:59.924Z</time>
        <ele>0</ele>
      </trkpt>
      <trkpt lat="25.049580000000002" lon="121.50513000000001">
        <time>2023-05-01T05:35:05.924Z</time>
        <ele>0</ele>
      </trkpt>
      <trkpt lat="25.049870000000002" lon="121.50509000000001">
        <time>2023-05-01T05:35:11.924Z</time>
        <ele>0</ele>
      </trkpt>
      <trkpt lat="25.050140000000003" lon="121.50515000000001">
        <time>2023-05-01T05:35:17.924Z</time>
        <ele>0</ele>
      </trkpt>
      <trkpt lat="25.050860000000004" lon="121.50538000000002">
        <time>2023-05-01T05:35:23.924Z</time>
        <ele>0</ele>
      </trkpt>
      <trkpt lat="25.051160000000003" lon="121.50556000000002">
        <time>2023-05-01T05:35:29.924Z</time>
        <ele>0</ele>
      </trkpt>
      <trkpt lat="25.05148" lon="121.50566">
        <time>2023-05-01T05:35:35.924Z</time>
        <ele>0</ele>
      </trkpt>
      <trkpt lat="25.052360000000004" lon="121.50597">
        <time>2023-05-01T05:35:41.924Z</time>
        <ele>0.0003382849384167012</ele>
      </trkpt>
      <trkpt lat="25.052470000000003" lon="121.50577000000001">
        <time>2023-05-01T05:35:47.924Z</time>
        <ele>0.0005321603267704471</ele>
      </trkpt>
      <trkpt lat="25.052750000000003" lon="121.50587000000002">
        <time>2023-05-01T05:35:53.924Z</time>
        <ele>0.0008003963235757074</ele>
      </trkpt>
      <trkpt lat="25.05374" lon="121.50617000000001">
        <time>2023-05-01T05:35:59.924Z</time>
        <ele>0.0017360040358261896</ele>
      </trkpt>
      <trkpt lat="25.054190000000002" lon="121.50630000000001">
        <time>2023-05-01T05:36:05.924Z</time>
        <ele>0.00215990555879228</ele>
      </trkpt>
      <trkpt lat="25.055840000000003" lon="121.50714">
        <time>2023-05-01T05:36:11.924Z</time>
        <ele>0.0009145866843396442</ele>
      </trkpt>
      <trkpt lat="25.056050000000003" lon="121.50755000000001">
        <time>2023-05-01T05:36:17.924Z</time>
        <ele>0.0006000579442064388</ele>
      </trkpt>
      <trkpt lat="25.05609" lon="121.50759000000001">
        <time>2023-05-01T05:36:23.924Z</time>
        <ele>0.0005603385745613346</ele>
      </trkpt>
      <trkpt lat="25.056540000000002" lon="121.50771">
        <time>2023-05-01T05:36:29.924Z</time>
        <ele>0.00022039389066021977</ele>
      </trkpt>
      <trkpt lat="25.056540000000002" lon="121.50772">
        <time>2023-05-01T05:36:35.924Z</time>
        <ele>0.0002137070973997985</ele>
      </trkpt>
      <trkpt lat="25.05665" lon="121.50775000000002">
        <time>2023-05-01T05:36:41.924Z</time>
        <ele>0.0001305031633134437</ele>
      </trkpt>
      <trkpt lat="25.05676" lon="121.50793000000002">
        <time>2023-05-01T05:36:47.924Z</time>
        <ele>0</ele>
      </trkpt>
      <trkpt lat="25.057070000000003" lon="121.50805000000001">
        <time>2023-05-01T05:36:53.924Z</time>
        <ele>0</ele>
      </trkpt>
      <trkpt lat="25.05769" lon="121.50819000000001">
        <time>2023-05-01T05:36:59.924Z</time>
        <ele>0</ele>
      </trkpt>
      <trkpt lat="25.05777" lon="121.50827000000001">
        <time>2023-05-01T05:37:05.924Z</time>
        <ele>0</ele>
      </trkpt>
      <trkpt lat="25.058190000000003" lon="121.50825">
        <time>2023-05-01T05:37:11.924Z</time>
        <ele>0</ele>
      </trkpt>
      <trkpt lat="25.058940000000003" lon="121.50826">
        <time>2023-05-01T05:37:17.924Z</time>
        <ele>0</ele>
      </trkpt>
      <trkpt lat="25.0593" lon="121.5083">
        <time>2023-05-01T05:37:23.924Z</time>
        <ele>0</ele>
      </trkpt>
      <trkpt lat="25.05964" lon="121.50829000000002">
        <time>2023-05-01T05:37:29.924Z</time>
        <ele>0</ele>
      </trkpt>
      <trkpt lat="25.06098" lon="121.50826">
        <time>2023-05-01T05:37:35.924Z</time>
        <ele>0</ele>
      </trkpt>
      <trkpt lat="25.061660000000003" lon="121.50832000000001">
        <time>2023-05-01T05:37:41.924Z</time>
        <ele>0</ele>
      </trkpt>
      <trkpt lat="25.062140000000003" lon="121.50841000000001">
        <time>2023-05-01T05:37:47.924Z</time>
        <ele>0</ele>
      </trkpt>
      <trkpt lat="25.06238" lon="121.50839">
        <time>2023-05-01T05:37:53.924Z</time>
        <ele>0</ele>
      </trkpt>
      <trkpt lat="25.06361" lon="121.50859000000001">
        <time>2023-05-01T05:37:59.924Z</time>
        <ele>0.016257129174748624</ele>
      </trkpt>
      <trkpt lat="25.0648" lon="121.50857">
        <time>2023-05-01T05:38:05.924Z</time>
        <ele>1.1895308720308375</ele>
      </trkpt>
      <trkpt lat="25.067800000000002" lon="121.50884">
        <time>2023-05-01T05:38:11.924Z</time>
        <ele>2.0424578166348644</ele>
      </trkpt>
      <trkpt lat="25.068430000000003" lon="121.50893">
        <time>2023-05-01T05:38:17.924Z</time>
        <ele>1.115456867892395</ele>
      </trkpt>
      <trkpt lat="25.068700000000003" lon="121.50894000000001">
        <time>2023-05-01T05:38:23.924Z</time>
        <ele>0.7212675908440425</ele>
      </trkpt>
      <trkpt lat="25.06906" lon="121.50899000000001">
        <time>2023-05-01T05:38:29.924Z</time>
        <ele>0.19179438294922857</ele>
      </trkpt>
      <trkpt lat="25.06932" lon="121.50906">
        <time>2023-05-01T05:38:35.924Z</time>
        <ele>0</ele>
      </trkpt>
      <trkpt lat="25.0696" lon="121.50909000000001">
        <time>2023-05-01T05:38:41.924Z</time>
        <ele>0</ele>
      </trkpt>
      <trkpt lat="25.070970000000003" lon="121.50908000000001">
        <time>2023-05-01T05:38:47.924Z</time>
        <ele>0</ele>
      </trkpt>
      <trkpt lat="25.074650000000002" lon="121.5087">
        <time>2023-05-01T05:38:53.924Z</time>
        <ele>0</ele>
      </trkpt>
      <trkpt lat="25.07571" lon="121.50858000000001">
        <time>2023-05-01T05:38:59.924Z</time>
        <ele>0</ele>
      </trkpt>
      <trkpt lat="25.075840000000003" lon="121.50855000000001">
        <time>2023-05-01T05:39:05.924Z</time>
        <ele>0</ele>
      </trkpt>
      <trkpt lat="25.07769" lon="121.50793000000002">
        <time>2023-05-01T05:39:11.924Z</time>
        <ele>0</ele>
      </trkpt>
      <trkpt lat="25.078560000000003" lon="121.50770000000001">
        <time>2023-05-01T05:39:17.924Z</time>
        <ele>0</ele>
      </trkpt>
      <trkpt lat="25.078770000000002" lon="121.50766000000002">
        <time>2023-05-01T05:39:23.924Z</time>
        <ele>0</ele>
      </trkpt>
      <trkpt lat="25.078840000000003" lon="121.50761000000001">
        <time>2023-05-01T05:39:29.924Z</time>
        <ele>0</ele>
      </trkpt>
      <trkpt lat="25.07957" lon="121.50748000000002">
        <time>2023-05-01T05:39:35.924Z</time>
        <ele>0</ele>
      </trkpt>
      <trkpt lat="25.080180000000002" lon="121.50735000000002">
        <time>2023-05-01T05:39:41.924Z</time>
        <ele>0</ele>
      </trkpt>
      <trkpt lat="25.08022" lon="121.50735000000002">
        <time>2023-05-01T05:39:47.924Z</time>
        <ele>0</ele>
      </trkpt>
      <trkpt lat="25.08041" lon="121.50749">
        <time>2023-05-01T05:39:53.924Z</time>
        <ele>0</ele>
      </trkpt>
      <trkpt lat="25.08049" lon="121.50749">
        <time>2023-05-01T05:39:59.924Z</time>
        <ele>0</ele>
      </trkpt>
      <trkpt lat="25.08153" lon="121.50726000000002">
        <time>2023-05-01T05:40:05.924Z</time>
        <ele>0</ele>
      </trkpt>
      <trkpt lat="25.08302" lon="121.50662000000001">
        <time>2023-05-01T05:40:11.924Z</time>
        <ele>0</ele>
      </trkpt>
      <trkpt lat="25.08312" lon="121.50655">
        <time>2023-05-01T05:40:17.924Z</time>
        <ele>0</ele>
      </trkpt>
      <trkpt lat="25.084000000000003" lon="121.50617000000001">
        <time>2023-05-01T05:40:23.924Z</time>
        <ele>0</ele>
      </trkpt>
      <trkpt lat="25.084300000000002" lon="121.50600000000001">
        <time>2023-05-01T05:40:29.924Z</time>
        <ele>0</ele>
      </trkpt>
      <trkpt lat="25.084400000000002" lon="121.50597">
        <time>2023-05-01T05:40:35.924Z</time>
        <ele>0</ele>
      </trkpt>
      <trkpt lat="25.08528" lon="121.50544000000001">
        <time>2023-05-01T05:40:41.924Z</time>
        <ele>0</ele>
      </trkpt>
      <trkpt lat="25.085690000000003" lon="121.50518000000001">
        <time>2023-05-01T05:40:47.924Z</time>
        <ele>0.0027387745672714497</ele>
      </trkpt>
      <trkpt lat="25.085780000000003" lon="121.50515000000001">
        <time>2023-05-01T05:40:53.924Z</time>
        <ele>0.004746230332192926</ele>
      </trkpt>
      <trkpt lat="25.085890000000003" lon="121.50508">
        <time>2023-05-01T05:40:59.924Z</time>
        <ele>0.007459754766342797</ele>
      </trkpt>
      <trkpt lat="25.08798" lon="121.50336000000001">
        <time>2023-05-01T05:41:05.924Z</time>
        <ele>0.023246976992847296</ele>
      </trkpt>
      <trkpt lat="25.08886" lon="121.50238000000002">
        <time>2023-05-01T05:41:11.924Z</time>
        <ele>0.4662365549539789</ele>
      </trkpt>
      <trkpt lat="25.08894" lon="121.50225">
        <time>2023-05-01T05:41:17.924Z</time>
        <ele>0.5207029045135328</ele>
      </trkpt>
      <trkpt lat="25.08978" lon="121.50131">
        <time>2023-05-01T05:41:23.924Z</time>
        <ele>0.6869653072937113</ele>
      </trkpt>
      <trkpt lat="25.089920000000003" lon="121.50119000000001">
        <time>2023-05-01T05:41:29.924Z</time>
        <ele>0.6573757811962593</ele>
      </trkpt>
      <trkpt lat="25.09034" lon="121.50071000000001">
        <time>2023-05-01T05:41:35.924Z</time>
        <ele>0.5563797754412663</ele>
      </trkpt>
      <trkpt lat="25.091420000000003" lon="121.49917">
        <time>2023-05-01T05:41:41.924Z</time>
        <ele>0.24378264209334505</ele>
      </trkpt>
      <trkpt lat="25.092360000000003" lon="121.49812000000001">
        <time>2023-05-01T05:41:47.924Z</time>
        <ele>0.0003627513820620307</ele>
      </trkpt>
      <trkpt lat="25.09241" lon="121.49803000000001">
        <time>2023-05-01T05:41:53.924Z</time>
        <ele>0</ele>
      </trkpt>
      <trkpt lat="25.09261" lon="121.49786">
        <time>2023-05-01T05:41:59.924Z</time>
        <ele>0</ele>
      </trkpt>
      <trkpt lat="25.092760000000002" lon="121.49777000000002">
        <time>2023-05-01T05:42:05.924Z</time>
        <ele>0</ele>
      </trkpt>
      <trkpt lat="25.09363" lon="121.49667000000001">
        <time>2023-05-01T05:42:11.924Z</time>
        <ele>0</ele>
      </trkpt>
      <trkpt lat="25.094050000000003" lon="121.49606000000001">
        <time>2023-05-01T05:42:17.924Z</time>
        <ele>0</ele>
      </trkpt>
      <trkpt lat="25.095460000000003" lon="121.49434000000001">
        <time>2023-05-01T05:42:23.924Z</time>
        <ele>0</ele>
      </trkpt>
      <trkpt lat="25.095620000000004" lon="121.49418000000001">
        <time>2023-05-01T05:42:29.924Z</time>
        <ele>0</ele>
      </trkpt>
      <trkpt lat="25.09646" lon="121.49351000000001">
        <time>2023-05-01T05:42:35.924Z</time>
        <ele>0</ele>
      </trkpt>
      <trkpt lat="25.0972" lon="121.49282000000001">
        <time>2023-05-01T05:42:41.924Z</time>
        <ele>0</ele>
      </trkpt>
      <trkpt lat="25.097800000000003" lon="121.492">
        <time>2023-05-01T05:42:47.924Z</time>
        <ele>0</ele>
      </trkpt>
      <trkpt lat="25.09842" lon="121.49122000000001">
        <time>2023-05-01T05:42:53.924Z</time>
        <ele>0.017119391548313725</ele>
      </trkpt>
      <trkpt lat="25.098720000000004" lon="121.49079">
        <time>2023-05-01T05:42:59.924Z</time>
        <ele>0.026773540350320896</ele>
      </trkpt>
      <trkpt lat="25.0999" lon="121.48897000000001">
        <time>2023-05-01T05:43:05.924Z</time>
        <ele>0.06659102222666934</ele>
      </trkpt>
      <trkpt lat="25.099970000000003" lon="121.48877000000002">
        <time>2023-05-01T05:43:11.924Z</time>
        <ele>0.23783031922872638</ele>
      </trkpt>
      <trkpt lat="25.100040000000003" lon="121.48866000000001">
        <time>2023-05-01T05:43:17.924Z</time>
        <ele>0.34660335617314747</ele>
      </trkpt>
      <trkpt lat="25.10018" lon="121.48850000000002">
        <time>2023-05-01T05:43:23.924Z</time>
        <ele>0.5264579751736314</ele>
      </trkpt>
      <trkpt lat="25.100810000000003" lon="121.48740000000001">
        <time>2023-05-01T05:43:29.924Z</time>
        <ele>1.579731539567232</ele>
      </trkpt>
      <trkpt lat="25.101260000000003" lon="121.48657000000001">
        <time>2023-05-01T05:43:35.924Z</time>
        <ele>1.604036714786244</ele>
      </trkpt>
      <trkpt lat="25.1016" lon="121.48592000000001">
        <time>2023-05-01T05:43:41.924Z</time>
        <ele>1.4196575672138823</ele>
      </trkpt>
      <trkpt lat="25.102400000000003" lon="121.48428000000001">
        <time>2023-05-01T05:43:47.924Z</time>
        <ele>0.9620391798840371</ele>
      </trkpt>
      <trkpt lat="25.102860000000003" lon="121.48328000000001">
        <time>2023-05-01T05:43:53.924Z</time>
        <ele>-0.28742937772804256</ele>
      </trkpt>
      <trkpt lat="25.103610000000003" lon="121.48133000000001">
        <time>2023-05-01T05:43:59.924Z</time>
        <ele>0.49555023727400416</ele>
      </trkpt>
      <trkpt lat="25.10403" lon="121.48010000000001">
        <time>2023-05-01T05:44:05.924Z</time>
        <ele>1.0606121912940325</ele>
      </trkpt>
      <trkpt lat="25.104760000000002" lon="121.47781">
        <time>2023-05-01T05:44:11.924Z</time>
        <ele>0.3076360486795222</ele>
      </trkpt>
      <trkpt lat="25.105330000000002" lon="121.47579">
        <time>2023-05-01T05:44:17.924Z</time>
        <ele>0</ele>
      </trkpt>
      <trkpt lat="25.106170000000002" lon="121.47246000000001">
        <time>2023-05-01T05:44:23.924Z</time>
        <ele>0</ele>
      </trkpt>
      <trkpt lat="25.10649" lon="121.47169000000001">
        <time>2023-05-01T05:44:29.924Z</time>
        <ele>0</ele>
      </trkpt>
      <trkpt lat="25.10675" lon="121.47115000000001">
        <time>2023-05-01T05:44:35.924Z</time>
        <ele>0</ele>
      </trkpt>
      <trkpt lat="25.107540000000004" lon="121.46938000000002">
        <time>2023-05-01T05:44:41.924Z</time>
        <ele>0</ele>
      </trkpt>
      <trkpt lat="25.108050000000002" lon="121.46801">
        <time>2023-05-01T05:44:47.924Z</time>
        <ele>0</ele>
      </trkpt>
      <trkpt lat="25.108420000000002" lon="121.46712000000001">
        <time>2023-05-01T05:44:53.924Z</time>
        <ele>0</ele>
      </trkpt>
      <trkpt lat="25.10855" lon="121.46682000000001">
        <time>2023-05-01T05:44:59.924Z</time>
        <ele>0</ele>
      </trkpt>
      <trkpt lat="25.108690000000003" lon="121.46657">
        <time>2023-05-01T05:45:05.924Z</time>
        <ele>0</ele>
      </trkpt>
      <trkpt lat="25.108770000000003" lon="121.46645000000001">
        <time>2023-05-01T05:45:11.924Z</time>
        <ele>0</ele>
      </trkpt>
      <trkpt lat="25.108870000000003" lon="121.46635">
        <time>2023-05-01T05:45:17.924Z</time>
        <ele>0</ele>
      </trkpt>
      <trkpt lat="25.10901" lon="121.46627000000001">
        <time>2023-05-01T05:45:23.924Z</time>
        <ele>0</ele>
      </trkpt>
      <trkpt lat="25.10921" lon="121.46626">
        <time>2023-05-01T05:45:29.924Z</time>
        <ele>0</ele>
      </trkpt>
      <trkpt lat="25.10931" lon="121.46625000000002">
        <time>2023-05-01T05:45:35.924Z</time>
        <ele>0</ele>
      </trkpt>
      <trkpt lat="25.109540000000003" lon="121.46629000000001">
        <time>2023-05-01T05:45:41.924Z</time>
        <ele>0</ele>
      </trkpt>
      <trkpt lat="25.109800000000003" lon="121.46647000000002">
        <time>2023-05-01T05:45:47.924Z</time>
        <ele>0.019443257698734957</ele>
      </trkpt>
      <trkpt lat="25.109920000000002" lon="121.46658000000001">
        <time>2023-05-01T05:45:53.924Z</time>
        <ele>0.03080393073987859</ele>
      </trkpt>
      <trkpt lat="25.109980000000004" lon="121.4667">
        <time>2023-05-01T05:45:59.924Z</time>
        <ele>0.03986390395905976</ele>
      </trkpt>
      <trkpt lat="25.109990000000003" lon="121.46678000000001">
        <time>2023-05-01T05:46:05.924Z</time>
        <ele>0.045207790406346995</ele>
      </trkpt>
      <trkpt lat="25.109980000000004" lon="121.46696000000001">
        <time>2023-05-01T05:46:11.924Z</time>
        <ele>0.05714195489043992</ele>
      </trkpt>
      <trkpt lat="25.109920000000002" lon="121.46728000000002">
        <time>2023-05-01T05:46:17.924Z</time>
        <ele>0.07876323779193813</ele>
      </trkpt>
      <trkpt lat="25.10966" lon="121.46882000000001">
        <time>2023-05-01T05:46:23.924Z</time>
        <ele>0.18241452357556795</ele>
      </trkpt>
      <trkpt lat="25.10967" lon="121.46894">
        <time>2023-05-01T05:46:29.924Z</time>
        <ele>0.18272765667946061</ele>
      </trkpt>
      <trkpt lat="25.109620000000003" lon="121.4697">
        <time>2023-05-01T05:46:35.924Z</time>
        <ele>0.174227428547033</ele>
      </trkpt>
      <trkpt lat="25.109530000000003" lon="121.46996000000001">
        <time>2023-05-01T05:46:41.924Z</time>
        <ele>0.17112447982645762</ele>
      </trkpt>
      <trkpt lat="25.109460000000002" lon="121.47043000000001">
        <time>2023-05-01T05:46:47.924Z</time>
        <ele>0.1658117411499834</ele>
      </trkpt>
      <trkpt lat="25.109450000000002" lon="121.47072000000001">
        <time>2023-05-01T05:46:53.924Z</time>
        <ele>0.16257434296411677</ele>
      </trkpt>
      <trkpt lat="25.109440000000003" lon="121.47081000000001">
        <time>2023-05-01T05:46:59.924Z</time>
        <ele>0.1615629047797094</ele>
      </trkpt>
      <trkpt lat="25.109550000000002" lon="121.47214000000001">
        <time>2023-05-01T05:47:05.924Z</time>
        <ele>0.14666508300353173</ele>
      </trkpt>
      <trkpt lat="25.109550000000002" lon="121.47215000000001">
        <time>2023-05-01T05:47:11.924Z</time>
        <ele>0.14655352864243026</ele>
      </trkpt>
      <trkpt lat="25.10959" lon="121.47271">
        <time>2023-05-01T05:47:17.924Z</time>
        <ele>1.921006841061001</ele>
      </trkpt>
      <trkpt lat="25.1096" lon="121.47342">
        <time>2023-05-01T05:47:23.924Z</time>
        <ele>2.974979232095692</ele>
      </trkpt>
      <trkpt lat="25.10958" lon="121.47351">
        <time>2023-05-01T05:47:29.924Z</time>
        <ele>3.11248657625276</ele>
      </trkpt>
      <trkpt lat="25.10958" lon="121.47349000000001">
        <time>2023-05-01T05:47:35.924Z</time>
        <ele>3.1421723914650044</ele>
      </trkpt>
      <trkpt lat="25.10958" lon="121.47350000000002">
        <time>2023-05-01T05:47:41.924Z</time>
        <ele>3.1570152990816203</ele>
      </trkpt>
      <trkpt lat="25.10958" lon="121.47351">
        <time>2023-05-01T05:47:47.924Z</time>
        <ele>3.171858206677142</ele>
      </trkpt>
      <trkpt lat="25.109650000000002" lon="121.47433000000001">
        <time>2023-05-01T05:47:53.924Z</time>
        <ele>1.675059504499731</ele>
      </trkpt>
      <trkpt lat="25.10967" lon="121.47485">
        <time>2023-05-01T05:47:59.924Z</time>
        <ele>0.5959455796841638</ele>
      </trkpt>
      <trkpt lat="25.10967" lon="121.47486">
        <time>2023-05-01T05:48:05.924Z</time>
        <ele>0.5752118808779652</ele>
      </trkpt>
      <trkpt lat="25.10977" lon="121.47702000000001">
        <time>2023-05-01T05:48:11.924Z</time>
        <ele>-0.4054027884665448</ele>
      </trkpt>
      <trkpt lat="25.10977" lon="121.47703000000001">
        <time>2023-05-01T05:48:17.924Z</time>
        <ele>-0.39857174252714267</ele>
      </trkpt>
      <trkpt lat="25.10978" lon="121.47716000000001">
        <time>2023-05-01T05:48:23.924Z</time>
        <ele>-0.3094517893710935</ele>
      </trkpt>
      <trkpt lat="25.109810000000003" lon="121.47728000000001">
        <time>2023-05-01T05:48:29.924Z</time>
        <ele>-0.22444539666133134</ele>
      </trkpt>
      <trkpt lat="25.11025" lon="121.47881000000001">
        <time>2023-05-01T05:48:35.924Z</time>
        <ele>1.1209076711241126</ele>
      </trkpt>
      <trkpt lat="25.11025" lon="121.47882000000001">
        <time>2023-05-01T05:48:41.924Z</time>
        <ele>1.1294021881429812</ele>
      </trkpt>
      <trkpt lat="25.110460000000003" lon="121.47954000000001">
        <time>2023-05-01T05:48:47.924Z</time>
        <ele>1.7716210967961517</ele>
      </trkpt>
      <trkpt lat="25.111210000000003" lon="121.48138000000002">
        <time>2023-05-01T05:48:53.924Z</time>
        <ele>2.464658385296589</ele>
      </trkpt>
      <trkpt lat="25.111210000000003" lon="121.48139">
        <time>2023-05-01T05:48:59.924Z</time>
        <ele>2.468091650447453</ele>
      </trkpt>
      <trkpt lat="25.11238" lon="121.48454000000001">
        <time>2023-05-01T05:49:05.924Z</time>
        <ele>0.1894183933633155</ele>
      </trkpt>
      <trkpt lat="25.11238" lon="121.48455000000001">
        <time>2023-05-01T05:49:11.924Z</time>
        <ele>0.17960991873786197</ele>
      </trkpt>
      <trkpt lat="25.11286" lon="121.48583">
        <time>2023-05-01T05:49:17.924Z</time>
        <ele>0.35636893198323993</ele>
      </trkpt>
      <trkpt lat="25.113010000000003" lon="121.48627">
        <time>2023-05-01T05:49:23.924Z</time>
        <ele>0.43184974978997415</ele>
      </trkpt>
      <trkpt lat="25.113090000000003" lon="121.48657000000001">
        <time>2023-05-01T05:49:29.924Z</time>
        <ele>0.48207085429460905</ele>
      </trkpt>
      <trkpt lat="25.113220000000002" lon="121.48717">
        <time>2023-05-01T05:49:35.924Z</time>
        <ele>0.4438851286253489</ele>
      </trkpt>
      <trkpt lat="25.113310000000002" lon="121.48796000000002">
        <time>2023-05-01T05:49:41.924Z</time>
        <ele>0.3303729450576368</ele>
      </trkpt>
      <trkpt lat="25.113300000000002" lon="121.48796000000002">
        <time>2023-05-01T05:49:47.924Z</time>
        <ele>0.3288070072424896</ele>
      </trkpt>
      <trkpt lat="25.113310000000002" lon="121.48796000000002">
        <time>2023-05-01T05:49:53.924Z</time>
        <ele>0.3272410694273425</ele>
      </trkpt>
      <trkpt lat="25.11333" lon="121.48834000000001">
        <time>2023-05-01T05:49:59.924Z</time>
        <ele>0.27297232559113566</ele>
      </trkpt>
      <trkpt lat="25.11333" lon="121.48879000000001">
        <time>2023-05-01T05:50:05.924Z</time>
        <ele>0.20881382069341742</ele>
      </trkpt>
      <trkpt lat="25.113280000000003" lon="121.48936">
        <time>2023-05-01T05:50:11.924Z</time>
        <ele>0.12717006130959058</ele>
      </trkpt>
      <trkpt lat="25.11324" lon="121.48960000000001">
        <time>2023-05-01T05:50:17.924Z</time>
        <ele>0.0923835913682411</ele>
      </trkpt>
      <trkpt lat="25.113110000000002" lon="121.49022000000001">
        <time>2023-05-01T05:50:23.924Z</time>
        <ele>0</ele>
      </trkpt>
      <trkpt lat="25.113000000000003" lon="121.49063000000001">
        <time>2023-05-01T05:50:29.924Z</time>
        <ele>0</ele>
      </trkpt>
      <trkpt lat="25.11295" lon="121.49078000000002">
        <time>2023-05-01T05:50:35.924Z</time>
        <ele>0</ele>
      </trkpt>
      <trkpt lat="25.11279" lon="121.49121000000001">
        <time>2023-05-01T05:50:41.924Z</time>
        <ele>0</ele>
      </trkpt>
      <trkpt lat="25.112560000000002" lon="121.49174000000001">
        <time>2023-05-01T05:50:47.924Z</time>
        <ele>0</ele>
      </trkpt>
      <trkpt lat="25.11239" lon="121.49206000000001">
        <time>2023-05-01T05:50:53.924Z</time>
        <ele>0</ele>
      </trkpt>
      <trkpt lat="25.11213" lon="121.49245">
        <time>2023-05-01T05:50:59.924Z</time>
        <ele>0</ele>
      </trkpt>
      <trkpt lat="25.11144" lon="121.49346000000001">
        <time>2023-05-01T05:51:05.924Z</time>
        <ele>0</ele>
      </trkpt>
      <trkpt lat="25.111130000000003" lon="121.49388">
        <time>2023-05-01T05:51:11.924Z</time>
        <ele>0</ele>
      </trkpt>
      <trkpt lat="25.111120000000003" lon="121.49391000000001">
        <time>2023-05-01T05:51:17.924Z</time>
        <ele>0</ele>
      </trkpt>
      <trkpt lat="25.111120000000003" lon="121.49392000000002">
        <time>2023-05-01T05:51:23.924Z</time>
        <ele>0</ele>
      </trkpt>
      <trkpt lat="25.111130000000003" lon="121.49388">
        <time>2023-05-01T05:51:29.924Z</time>
        <ele>0</ele>
      </trkpt>
      <trkpt lat="25.111120000000003" lon="121.49391000000001">
        <time>2023-05-01T05:51:35.924Z</time>
        <ele>0</ele>
      </trkpt>
      <trkpt lat="25.111120000000003" lon="121.49392000000002">
        <time>2023-05-01T05:51:41.924Z</time>
        <ele>0</ele>
      </trkpt>
      <trkpt lat="25.110930000000003" lon="121.49421000000001">
        <time>2023-05-01T05:51:47.924Z</time>
        <ele>0</ele>
      </trkpt>
      <trkpt lat="25.110830000000004" lon="121.49433">
        <time>2023-05-01T05:51:53.924Z</time>
        <ele>0</ele>
      </trkpt>
      <trkpt lat="25.110650000000003" lon="121.49459000000002">
        <time>2023-05-01T05:51:59.924Z</time>
        <ele>0</ele>
      </trkpt>
      <trkpt lat="25.11053" lon="121.49470000000001">
        <time>2023-05-01T05:52:05.924Z</time>
        <ele>0</ele>
      </trkpt>
      <trkpt lat="25.110390000000002" lon="121.49485000000001">
        <time>2023-05-01T05:52:11.924Z</time>
        <ele>0</ele>
      </trkpt>
      <trkpt lat="25.110020000000002" lon="121.49514">
        <time>2023-05-01T05:52:17.924Z</time>
        <ele>0</ele>
      </trkpt>
      <trkpt lat="25.10967" lon="121.49533000000001">
        <time>2023-05-01T05:52:23.924Z</time>
        <ele>0.20437846900701873</ele>
      </trkpt>
      <trkpt lat="25.109710000000003" lon="121.49534000000001">
        <time>2023-05-01T05:52:29.924Z</time>
        <ele>0.22889967127869906</ele>
      </trkpt>
      <trkpt lat="25.109720000000003" lon="121.49534000000001">
        <time>2023-05-01T05:52:35.924Z</time>
        <ele>0.23487707317898815</ele>
      </trkpt>
      <trkpt lat="25.10967" lon="121.49533000000001">
        <time>2023-05-01T05:52:41.924Z</time>
        <ele>0.26525557477186257</ele>
      </trkpt>
      <trkpt lat="25.109620000000003" lon="121.49535000000002">
        <time>2023-05-01T05:52:47.924Z</time>
        <ele>0.29706301921165434</ele>
      </trkpt>
      <trkpt lat="25.10932" lon="121.49557000000001">
        <time>2023-05-01T05:52:53.924Z</time>
        <ele>0.5126843150292577</ele>
      </trkpt>
      <trkpt lat="25.109180000000002" lon="121.49566000000002">
        <time>2023-05-01T05:52:59.924Z</time>
        <ele>0.6096491951854129</ele>
      </trkpt>
      <trkpt lat="25.10901" lon="121.49571000000002">
        <time>2023-05-01T05:53:05.924Z</time>
        <ele>0.7148455997729455</ele>
      </trkpt>
      <trkpt lat="25.108950000000004" lon="121.49572">
        <time>2023-05-01T05:53:11.924Z</time>
        <ele>0.7511206066148832</ele>
      </trkpt>
      <trkpt lat="25.108590000000003" lon="121.49572">
        <time>2023-05-01T05:53:17.924Z</time>
        <ele>0.8707194798472205</ele>
      </trkpt>
      <trkpt lat="25.107100000000003" lon="121.49583000000001">
        <time>2023-05-01T05:53:23.924Z</time>
        <ele>0.4000038258578605</ele>
      </trkpt>
      <trkpt lat="25.104260000000004" lon="121.49603">
        <time>2023-05-01T05:53:29.924Z</time>
        <ele>0.05435277193608424</ele>
      </trkpt>
      <trkpt lat="25.103880000000004" lon="121.49605000000001">
        <time>2023-05-01T05:53:35.924Z</time>
        <ele>0.0785255013311543</ele>
      </trkpt>
      <trkpt lat="25.101440000000004" lon="121.49624000000001">
        <time>2023-05-01T05:53:41.924Z</time>
        <ele>0.9975092064768943</ele>
      </trkpt>
      <trkpt lat="25.10103" lon="121.49631000000001">
        <time>2023-05-01T05:53:47.924Z</time>
        <ele>1.211989957696471</ele>
      </trkpt>
      <trkpt lat="25.1003" lon="121.49635">
        <time>2023-05-01T05:53:53.924Z</time>
        <ele>0.685549027899893</ele>
      </trkpt>
      <trkpt lat="25.099510000000002" lon="121.4963">
        <time>2023-05-01T05:53:59.924Z</time>
        <ele>0.014909776469653774</ele>
      </trkpt>
      <trkpt lat="25.099280000000004" lon="121.49631000000001">
        <time>2023-05-01T05:54:05.924Z</time>
        <ele>-0.18016887391542402</ele>
      </trkpt>
      <trkpt lat="25.098920000000003" lon="121.49634">
        <time>2023-05-01T05:54:11.924Z</time>
        <ele>-0.250673050653984</ele>
      </trkpt>
      <trkpt lat="25.098540000000003" lon="121.49642000000001">
        <time>2023-05-01T05:54:17.924Z</time>
        <ele>-0.2516250865822286</ele>
      </trkpt>
      <trkpt lat="25.09824" lon="121.49651000000001">
        <time>2023-05-01T05:54:23.924Z</time>
        <ele>-0.25239029988911255</ele>
      </trkpt>
      <trkpt lat="25.09803" lon="121.49661">
        <time>2023-05-01T05:54:29.924Z</time>
        <ele>-0.2529535016713006</ele>
      </trkpt>
      <trkpt lat="25.09767" lon="121.49681000000001">
        <time>2023-05-01T05:54:35.924Z</time>
        <ele>-0.25394619677208286</ele>
      </trkpt>
      <trkpt lat="25.09748" lon="121.49695000000001">
        <time>2023-05-01T05:54:41.924Z</time>
        <ele>-0.2545091844506668</ele>
      </trkpt>
      <trkpt lat="25.09738" lon="121.49703000000001">
        <time>2023-05-01T05:54:47.924Z</time>
        <ele>-0.2548136051798315</ele>
      </trkpt>
      <trkpt lat="25.09729" lon="121.49712000000001">
        <time>2023-05-01T05:54:53.924Z</time>
        <ele>-0.2601917327918274</ele>
      </trkpt>
      <trkpt lat="25.097040000000003" lon="121.49752000000001">
        <time>2023-05-01T05:54:59.924Z</time>
        <ele>-0.3009404568277371</ele>
      </trkpt>
      <trkpt lat="25.096700000000002" lon="121.49801000000001">
        <time>2023-05-01T05:55:05.924Z</time>
        <ele>-0.34993904680933335</ele>
      </trkpt>
      <trkpt lat="25.09653" lon="121.49832">
        <time>2023-05-01T05:55:11.924Z</time>
        <ele>-0.348248971675435</ele>
      </trkpt>
      <trkpt lat="25.095550000000003" lon="121.50021000000001">
        <time>2023-05-01T05:55:17.924Z</time>
        <ele>-0.3380912699711911</ele>
      </trkpt>
      <trkpt lat="25.095280000000002" lon="121.50078">
        <time>2023-05-01T05:55:23.924Z</time>
        <ele>-0.1693502549862517</ele>
      </trkpt>
      <trkpt lat="25.09524" lon="121.50081000000002">
        <time>2023-05-01T05:55:29.924Z</time>
        <ele>-0.14063471489300677</ele>
      </trkpt>
      <trkpt lat="25.09523" lon="121.50092000000001">
        <time>2023-05-01T05:55:35.924Z</time>
        <ele>-0.08095803193417361</ele>
      </trkpt>
      <trkpt lat="25.095000000000002" lon="121.50202000000002">
        <time>2023-05-01T05:55:41.924Z</time>
        <ele>0.4050286212997146</ele>
      </trkpt>
      <trkpt lat="25.09493" lon="121.50247000000002">
        <time>2023-05-01T05:55:47.924Z</time>
        <ele>0.532004419479715</ele>
      </trkpt>
      <trkpt lat="25.094880000000003" lon="121.50308000000001">
        <time>2023-05-01T05:55:53.924Z</time>
        <ele>0.7023554886154828</ele>
      </trkpt>
      <trkpt lat="25.09484" lon="121.50411000000001">
        <time>2023-05-01T05:55:59.924Z</time>
        <ele>0.6830287245482369</ele>
      </trkpt>
      <trkpt lat="25.094880000000003" lon="121.50546000000001">
        <time>2023-05-01T05:56:05.924Z</time>
        <ele>0.46425902273138414</ele>
      </trkpt>
      <trkpt lat="25.094880000000003" lon="121.50547000000002">
        <time>2023-05-01T05:56:11.924Z</time>
        <ele>0.4626393638488418</ele>
      </trkpt>
      <trkpt lat="25.094900000000003" lon="121.50602">
        <time>2023-05-01T05:56:17.924Z</time>
        <ele>0.4153374156812458</ele>
      </trkpt>
      <trkpt lat="25.094890000000003" lon="121.5074">
        <time>2023-05-01T05:56:23.924Z</time>
        <ele>0.3326103041503414</ele>
      </trkpt>
      <trkpt lat="25.09486" lon="121.50779000000001">
        <time>2023-05-01T05:56:29.924Z</time>
        <ele>0.30914837431057185</ele>
      </trkpt>
      <trkpt lat="25.094800000000003" lon="121.50807">
        <time>2023-05-01T05:56:35.924Z</time>
        <ele>0.27444546886351295</ele>
      </trkpt>
      <trkpt lat="25.094700000000003" lon="121.50835000000001">
        <time>2023-05-01T05:56:41.924Z</time>
        <ele>0.22559280576229276</ele>
      </trkpt>
      <trkpt lat="25.094540000000002" lon="121.50864000000001">
        <time>2023-05-01T05:56:47.924Z</time>
        <ele>0.17051732121804442</ele>
      </trkpt>
      <trkpt lat="25.09402" lon="121.50941000000002">
        <time>2023-05-01T05:56:53.924Z</time>
        <ele>0.01480690771105665</ele>
      </trkpt>
      <trkpt lat="25.093780000000002" lon="121.50975000000001">
        <time>2023-05-01T05:56:59.924Z</time>
        <ele>0</ele>
      </trkpt>
      <trkpt lat="25.09336" lon="121.51028000000001">
        <time>2023-05-01T05:57:05.924Z</time>
        <ele>0</ele>
      </trkpt>
      <trkpt lat="25.092820000000003" lon="121.51088000000001">
        <time>2023-05-01T05:57:11.924Z</time>
        <ele>0.0013850838617241196</ele>
      </trkpt>
      <trkpt lat="25.092370000000003" lon="121.51127000000001">
        <time>2023-05-01T05:57:17.924Z</time>
        <ele>0.008444403985375814</ele>
      </trkpt>
      <trkpt lat="25.09205" lon="121.51152">
        <time>2023-05-01T05:57:23.924Z</time>
        <ele>0.01328047051321</ele>
      </trkpt>
      <trkpt lat="25.091240000000003" lon="121.51201">
        <time>2023-05-01T05:57:29.924Z</time>
        <ele>0.021803025527733628</ele>
      </trkpt>
      <trkpt lat="25.090960000000003" lon="121.51213000000001">
        <time>2023-05-01T05:57:35.924Z</time>
        <ele>0.017319826183556257</ele>
      </trkpt>
      <trkpt lat="25.09027" lon="121.51239000000001">
        <time>2023-05-01T05:57:41.924Z</time>
        <ele>0.006438917268402836</ele>
      </trkpt>
      <trkpt lat="25.08933" lon="121.51271000000001">
        <time>2023-05-01T05:57:47.924Z</time>
        <ele>0.0004902810139468894</ele>
      </trkpt>
      <trkpt lat="25.088890000000003" lon="121.51289000000001">
        <time>2023-05-01T05:57:53.924Z</time>
        <ele>0.0002750753852448897</ele>
      </trkpt>
      <trkpt lat="25.08864" lon="121.51295">
        <time>2023-05-01T05:57:59.924Z</time>
        <ele>0.0001577877536549204</ele>
      </trkpt>
      <trkpt lat="25.088310000000003" lon="121.51299000000002">
        <time>2023-05-01T05:58:05.924Z</time>
        <ele>0.000005619703160667424</ele>
      </trkpt>
      <trkpt lat="25.08799" lon="121.513">
        <time>2023-05-01T05:58:11.924Z</time>
        <ele>0.2114369388966296</ele>
      </trkpt>
      <trkpt lat="25.086650000000002" lon="121.51317000000002">
        <time>2023-05-01T05:58:17.924Z</time>
        <ele>1.1378397299701748</ele>
      </trkpt>
      <trkpt lat="25.08519" lon="121.5134">
        <time>2023-05-01T05:58:23.924Z</time>
        <ele>1.597234212142327</ele>
      </trkpt>
      <trkpt lat="25.084570000000003" lon="121.51343000000001">
        <time>2023-05-01T05:58:29.924Z</time>
        <ele>1.5504931329037024</ele>
      </trkpt>
      <trkpt lat="25.084400000000002" lon="121.51347000000001">
        <time>2023-05-01T05:58:35.924Z</time>
        <ele>1.5373988084470027</ele>
      </trkpt>
      <trkpt lat="25.08415" lon="121.51357000000002">
        <time>2023-05-01T05:58:41.924Z</time>
        <ele>1.79689850913079</ele>
      </trkpt>
      <trkpt lat="25.08387" lon="121.51364000000001">
        <time>2023-05-01T05:58:47.924Z</time>
        <ele>2.184037868207151</ele>
      </trkpt>
      <trkpt lat="25.08292" lon="121.51385">
        <time>2023-05-01T05:58:53.924Z</time>
        <ele>3.4904662736620926</ele>
      </trkpt>
      <trkpt lat="25.08282" lon="121.51388000000001">
        <time>2023-05-01T05:58:59.924Z</time>
        <ele>3.6302213873817855</ele>
      </trkpt>
      <trkpt lat="25.081460000000003" lon="121.51458000000001">
        <time>2023-05-01T05:59:05.924Z</time>
        <ele>8.965863482962758</ele>
      </trkpt>
      <trkpt lat="25.0803" lon="121.51516000000001">
        <time>2023-05-01T05:59:11.924Z</time>
        <ele>10.29002006055789</ele>
      </trkpt>
      <trkpt lat="25.080090000000002" lon="121.51533">
        <time>2023-05-01T05:59:17.924Z</time>
        <ele>9.31678657094161</ele>
      </trkpt>
      <trkpt lat="25.079810000000002" lon="121.51561000000001">
        <time>2023-05-01T05:59:23.924Z</time>
        <ele>7.90407525452977</ele>
      </trkpt>
      <trkpt lat="25.07935" lon="121.51622">
        <time>2023-05-01T05:59:29.924Z</time>
        <ele>5.2135570559354765</ele>
      </trkpt>
      <trkpt lat="25.079320000000003" lon="121.51628000000001">
        <time>2023-05-01T05:59:35.924Z</time>
        <ele>4.981022904016791</ele>
      </trkpt>
      <trkpt lat="25.07935" lon="121.51622">
        <time>2023-05-01T05:59:41.924Z</time>
        <ele>4.748488752100064</ele>
      </trkpt>
      <trkpt lat="25.07926" lon="121.51629000000001">
        <time>2023-05-01T05:59:47.924Z</time>
        <ele>4.33707342118543</ele>
      </trkpt>
      <trkpt lat="25.079130000000003" lon="121.51642000000001">
        <time>2023-05-01T05:59:53.924Z</time>
        <ele>3.7316037738863432</ele>
      </trkpt>
      <trkpt lat="25.0789" lon="121.51674000000001">
        <time>2023-05-01T05:59:59.924Z</time>
        <ele>3.0169525784018005</ele>
      </trkpt>
      <trkpt lat="25.07882" lon="121.51687000000001">
        <time>2023-05-01T06:00:05.924Z</time>
        <ele>2.7418993165457857</ele>
      </trkpt>
      <trkpt lat="25.07882" lon="121.51696000000001">
        <time>2023-05-01T06:00:11.924Z</time>
        <ele>2.5841201046226843</ele>
      </trkpt>
      <trkpt lat="25.078770000000002" lon="121.51705000000001">
        <time>2023-05-01T06:00:17.924Z</time>
        <ele>2.3993019980869827</ele>
      </trkpt>
      <trkpt lat="25.0786" lon="121.51728000000001">
        <time>2023-05-01T06:00:23.924Z</time>
        <ele>1.8800073698782198</ele>
      </trkpt>
      <trkpt lat="25.078490000000002" lon="121.51746000000001">
        <time>2023-05-01T06:00:29.924Z</time>
        <ele>1.4999907606700826</ele>
      </trkpt>
      <trkpt lat="25.07834" lon="121.51776000000001">
        <time>2023-05-01T06:00:35.924Z</time>
        <ele>0.9000108414725062</ele>
      </trkpt>
      <trkpt lat="25.078030000000002" lon="121.51849000000001">
        <time>2023-05-01T06:00:41.924Z</time>
        <ele>0.014254286582121998</ele>
      </trkpt>
      <trkpt lat="25.07778" lon="121.51922">
        <time>2023-05-01T06:00:47.924Z</time>
        <ele>1.22475122525158</ele>
      </trkpt>
      <trkpt lat="25.07749" lon="121.52026000000001">
        <time>2023-05-01T06:00:53.924Z</time>
        <ele>3.59271646065345</ele>
      </trkpt>
      <trkpt lat="25.07731" lon="121.52101">
        <time>2023-05-01T06:00:59.924Z</time>
        <ele>3.2460185773644827</ele>
      </trkpt>
      <trkpt lat="25.077150000000003" lon="121.52129000000001">
        <time>2023-05-01T06:01:05.924Z</time>
        <ele>3.098261129389587</ele>
      </trkpt>
      <trkpt lat="25.07691" lon="121.5215">
        <time>2023-05-01T06:01:11.924Z</time>
        <ele>2.9476377996828473</ele>
      </trkpt>
      <trkpt lat="25.076760000000004" lon="121.52164">
        <time>2023-05-01T06:01:17.924Z</time>
        <ele>2.851012142775016</ele>
      </trkpt>
      <trkpt lat="25.07647" lon="121.52189000000001">
        <time>2023-05-01T06:01:23.924Z</time>
        <ele>2.8274937779644485</ele>
      </trkpt>
      <trkpt lat="25.07619" lon="121.52225000000001">
        <time>2023-05-01T06:01:29.924Z</time>
        <ele>2.8299990587411634</ele>
      </trkpt>
      <trkpt lat="25.076040000000003" lon="121.52271">
        <time>2023-05-01T06:01:35.924Z</time>
        <ele>2.832584698745484</ele>
      </trkpt>
      <trkpt lat="25.075940000000003" lon="121.52293000000002">
        <time>2023-05-01T06:01:41.924Z</time>
        <ele>2.8338858807527667</ele>
      </trkpt>
      <trkpt lat="25.075770000000002" lon="121.52325">
        <time>2023-05-01T06:01:47.924Z</time>
        <ele>2.7793146318694415</ele>
      </trkpt>
      <trkpt lat="25.07495" lon="121.52393000000001">
        <time>2023-05-01T06:01:53.924Z</time>
        <ele>2.4882125105420703</ele>
      </trkpt>
      <trkpt lat="25.074650000000002" lon="121.52412000000001">
        <time>2023-05-01T06:01:59.924Z</time>
        <ele>2.3901024687570183</ele>
      </trkpt>
      <trkpt lat="25.073310000000003" lon="121.52484000000001">
        <time>2023-05-01T06:02:05.924Z</time>
        <ele>1.4643243529009906</ele>
      </trkpt>
      <trkpt lat="25.07262" lon="121.52547000000001">
        <time>2023-05-01T06:02:11.924Z</time>
        <ele>2.0405509340081656</ele>
      </trkpt>
      <trkpt lat="25.07206" lon="121.52692">
        <time>2023-05-01T06:02:17.924Z</time>
        <ele>3.148676960481314</ele>
      </trkpt>
      <trkpt lat="25.072170000000003" lon="121.52752000000001">
        <time>2023-05-01T06:02:23.924Z</time>
        <ele>2.93391665597406</ele>
      </trkpt>
      <trkpt lat="25.07278" lon="121.52891000000001">
        <time>2023-05-01T06:02:29.924Z</time>
        <ele>2.809197054118219</ele>
      </trkpt>
      <trkpt lat="25.07299" lon="121.52943">
        <time>2023-05-01T06:02:35.924Z</time>
        <ele>2.8422283726913626</ele>
      </trkpt>
      <trkpt lat="25.073290000000004" lon="121.52944000000001">
        <time>2023-05-01T06:02:41.924Z</time>
        <ele>2.8613645457951</ele>
      </trkpt>
      <trkpt lat="25.07355" lon="121.52900000000001">
        <time>2023-05-01T06:02:47.924Z</time>
        <ele>2.8918213844991523</ele>
      </trkpt>
      <trkpt lat="25.073950000000004" lon="121.52918000000001">
        <time>2023-05-01T06:02:53.924Z</time>
        <ele>2.9193833704727403</ele>
      </trkpt>
      <trkpt lat="25.07401" lon="121.52940000000001">
        <time>2023-05-01T06:02:59.924Z</time>
        <ele>2.9327189580107658</ele>
      </trkpt>
      <trkpt lat="25.074150000000003" lon="121.52962000000001">
        <time>2023-05-01T06:03:05.924Z</time>
        <ele>2.948303524062119</ele>
      </trkpt>
      <trkpt lat="25.07439" lon="121.52954000000001">
        <time>2023-05-01T06:03:11.924Z</time>
        <ele>2.964295034504879</ele>
      </trkpt>
      <trkpt lat="25.07459" lon="121.52958000000001">
        <time>2023-05-01T06:03:17.924Z</time>
        <ele>2.977256431311348</ele>
      </trkpt>
      <trkpt lat="25.074900000000003" lon="121.52990000000001">
        <time>2023-05-01T06:03:23.924Z</time>
        <ele>3.004384628373913</ele>
      </trkpt>
      <trkpt lat="25.075170000000004" lon="121.53022000000001">
        <time>2023-05-01T06:03:29.924Z</time>
        <ele>3.029715003539657</ele>
      </trkpt>
      <trkpt lat="25.07523" lon="121.53037">
        <time>2023-05-01T06:03:35.924Z</time>
        <ele>3.039228268442656</ele>
      </trkpt>
      <trkpt lat="25.075270000000003" lon="121.53067000000001">
        <time>2023-05-01T06:03:41.924Z</time>
        <ele>3.056834395770747</ele>
      </trkpt>
      <trkpt lat="25.07533" lon="121.53081000000002">
        <time>2023-05-01T06:03:47.924Z</time>
        <ele>3.0658190251208106</ele>
      </trkpt>
      <trkpt lat="25.07543" lon="121.53091">
        <time>2023-05-01T06:03:53.924Z</time>
        <ele>3.074442810763299</ele>
      </trkpt>
      <trkpt lat="25.075650000000003" lon="121.53111000000001">
        <time>2023-05-01T06:03:59.924Z</time>
        <ele>3.092653383139197</ele>
      </trkpt>
      <trkpt lat="25.0757" lon="121.53121000000002">
        <time>2023-05-01T06:04:05.924Z</time>
        <ele>3.099277694908353</ele>
      </trkpt>
      <trkpt lat="25.07572" lon="121.53137000000001">
        <time>2023-05-01T06:04:11.924Z</time>
        <ele>3.1086556582324523</ele>
      </trkpt>
      <trkpt lat="25.07569" lon="121.53151000000001">
        <time>2023-05-01T06:04:17.924Z</time>
        <ele>3.1170071518853675</ele>
      </trkpt>
      <trkpt lat="25.07563" lon="121.53168000000001">
        <time>2023-05-01T06:04:23.924Z</time>
        <ele>3.127594016565639</ele>
      </trkpt>
      <trkpt lat="25.075480000000002" lon="121.53178000000001">
        <time>2023-05-01T06:04:29.924Z</time>
        <ele>3.1387825347873206</ele>
      </trkpt>
      <trkpt lat="25.07541" lon="121.53190000000001">
        <time>2023-05-01T06:04:35.924Z</time>
        <ele>3.147057444968317</ele>
      </trkpt>
      <trkpt lat="25.07534" lon="121.53207">
        <time>2023-05-01T06:04:41.924Z</time>
        <ele>3.157891038205626</ele>
      </trkpt>
      <trkpt lat="25.07533" lon="121.53215000000002">
        <time>2023-05-01T06:04:47.924Z</time>
        <ele>3.162580033881114</ele>
      </trkpt>
      <trkpt lat="25.075370000000003" lon="121.53239">
        <time>2023-05-01T06:04:53.924Z</time>
        <ele>3.1767478009725556</ele>
      </trkpt>
      <trkpt lat="25.0755" lon="121.53262000000001">
        <time>2023-05-01T06:04:59.924Z</time>
        <ele>3.1924663564644407</ele>
      </trkpt>
      <trkpt lat="25.075570000000003" lon="121.53285000000001">
        <time>2023-05-01T06:05:05.924Z</time>
        <ele>3.2065479713653486</ele>
      </trkpt>
      <trkpt lat="25.075550000000003" lon="121.53305">
        <time>2023-05-01T06:05:11.924Z</time>
        <ele>3.2182313621210734</ele>
      </trkpt>
      <trkpt lat="25.07553" lon="121.53321000000001">
        <time>2023-05-01T06:05:17.924Z</time>
        <ele>3.2276093381508484</ele>
      </trkpt>
      <trkpt lat="25.07552" lon="121.53338000000001">
        <time>2023-05-01T06:05:23.924Z</time>
        <ele>3.2375014652020586</ele>
      </trkpt>
      <trkpt lat="25.07553" lon="121.53354000000002">
        <time>2023-05-01T06:05:29.924Z</time>
        <ele>3.2468141949268645</ele>
      </trkpt>
      <trkpt lat="25.07552" lon="121.53381000000002">
        <time>2023-05-01T06:05:35.924Z</time>
        <ele>3.167090974039105</ele>
      </trkpt>
      <trkpt lat="25.07551" lon="121.53402000000001">
        <time>2023-05-01T06:05:41.924Z</time>
        <ele>2.9626638067194015</ele>
      </trkpt>
      <trkpt lat="25.075360000000003" lon="121.53437000000001">
        <time>2023-05-01T06:05:47.924Z</time>
        <ele>2.997790343827587</ele>
      </trkpt>
      <trkpt lat="25.075200000000002" lon="121.53464000000001">
        <time>2023-05-01T06:05:53.924Z</time>
        <ele>3.3499695226073474</ele>
      </trkpt>
      <trkpt lat="25.07506" lon="121.53482000000001">
        <time>2023-05-01T06:05:59.924Z</time>
        <ele>3.4990143058725596</ele>
      </trkpt>
      <trkpt lat="25.074910000000003" lon="121.53498">
        <time>2023-05-01T06:06:05.924Z</time>
        <ele>3.396405614947912</ele>
      </trkpt>
      <trkpt lat="25.074800000000003" lon="121.53523000000001">
        <time>2023-05-01T06:06:11.924Z</time>
        <ele>3.4943876257603232</ele>
      </trkpt>
      <trkpt lat="25.074740000000002" lon="121.53542000000002">
        <time>2023-05-01T06:06:17.924Z</time>
        <ele>3.5653553534917792</ele>
      </trkpt>
      <trkpt lat="25.074730000000002" lon="121.53569000000002">
        <time>2023-05-01T06:06:23.924Z</time>
        <ele>3.660717920298998</ele>
      </trkpt>
      <trkpt lat="25.074790000000004" lon="121.53598000000001">
        <time>2023-05-01T06:06:29.924Z</time>
        <ele>3.76566725279247</ele>
      </trkpt>
      <trkpt lat="25.074920000000002" lon="121.53626000000001">
        <time>2023-05-01T06:06:35.924Z</time>
        <ele>3.7703810361389647</ele>
      </trkpt>
      <trkpt lat="25.075100000000003" lon="121.53645000000002">
        <time>2023-05-01T06:06:41.924Z</time>
        <ele>3.757287765209816</ele>
      </trkpt>
      <trkpt lat="25.075280000000003" lon="121.53658000000001">
        <time>2023-05-01T06:06:47.924Z</time>
        <ele>3.7459899691036482</ele>
      </trkpt>
      <trkpt lat="25.07552" lon="121.53671000000001">
        <time>2023-05-01T06:06:53.924Z</time>
        <ele>3.73195663026712</ele>
      </trkpt>
      <trkpt lat="25.07563" lon="121.53684000000001">
        <time>2023-05-01T06:06:59.924Z</time>
        <ele>3.7234819993007933</ele>
      </trkpt>
      <trkpt lat="25.07569" lon="121.53701000000001">
        <time>2023-05-01T06:07:05.924Z</time>
        <ele>3.714774716631995</ele>
      </trkpt>
      <trkpt lat="25.0757" lon="121.53718">
        <time>2023-05-01T06:07:11.924Z</time>
        <ele>3.706638839711908</ele>
      </trkpt>
      <trkpt lat="25.07569" lon="121.53743000000001">
        <time>2023-05-01T06:07:17.924Z</time>
        <ele>3.694687682541484</ele>
      </trkpt>
      <trkpt lat="25.075680000000002" lon="121.53760000000001">
        <time>2023-05-01T06:07:23.924Z</time>
        <ele>3.6865518049634245</ele>
      </trkpt>
      <trkpt lat="25.07562" lon="121.53779000000002">
        <time>2023-05-01T06:07:29.924Z</time>
        <ele>3.6769476834091517</ele>
      </trkpt>
      <trkpt lat="25.075550000000003" lon="121.53788000000002">
        <time>2023-05-01T06:07:35.924Z</time>
        <ele>3.6734159815604013</ele>
      </trkpt>
      <trkpt lat="25.07541" lon="121.53796000000001">
        <time>2023-05-01T06:07:41.924Z</time>
        <ele>3.6876906738586417</ele>
      </trkpt>
      <trkpt lat="25.07531" lon="121.53798">
        <time>2023-05-01T06:07:47.924Z</time>
        <ele>3.696884140132981</ele>
      </trkpt>
      <trkpt lat="25.07523" lon="121.53797000000002">
        <time>2023-05-01T06:07:53.924Z</time>
        <ele>3.7041665935962658</ele>
      </trkpt>
      <trkpt lat="25.075110000000002" lon="121.53795000000001">
        <time>2023-05-01T06:07:59.924Z</time>
        <ele>3.7151444930441726</ele>
      </trkpt>
      <trkpt lat="25.075020000000002" lon="121.53793">
        <time>2023-05-01T06:08:05.924Z</time>
        <ele>3.723449718576952</ele>
      </trkpt>
      <trkpt lat="25.07497" lon="121.53819000000001">
        <time>2023-05-01T06:08:11.924Z</time>
        <ele>3.7453394956383654</ele>
      </trkpt>
      <trkpt lat="25.07496" lon="121.53862000000001">
        <time>2023-05-01T06:08:17.924Z</time>
        <ele>3.780772363304051</ele>
      </trkpt>
      <trkpt lat="25.074920000000002" lon="121.53891000000002">
        <time>2023-05-01T06:08:23.924Z</time>
        <ele>3.8049335681548615</ele>
      </trkpt>
      <trkpt lat="25.074920000000002" lon="121.53925000000001">
        <time>2023-05-01T06:08:29.924Z</time>
        <ele>3.9383423967874274</ele>
      </trkpt>
      <trkpt lat="25.07497" lon="121.53939000000001">
        <time>2023-05-01T06:08:35.924Z</time>
        <ele>4.003266569869591</ele>
      </trkpt>
      <trkpt lat="25.075190000000003" lon="121.53951">
        <time>2023-05-01T06:08:41.924Z</time>
        <ele>4.119714787680575</ele>
      </trkpt>
      <trkpt lat="25.07534" lon="121.53960000000001">
        <time>2023-05-01T06:08:47.924Z</time>
        <ele>4.200744624072034</ele>
      </trkpt>
      <trkpt lat="25.07562" lon="121.53961000000001">
        <time>2023-05-01T06:08:53.924Z</time>
        <ele>4.3335456203787945</ele>
      </trkpt>
      <trkpt lat="25.07562" lon="121.53971000000001">
        <time>2023-05-01T06:08:59.924Z</time>
        <ele>4.3767190181616416</ele>
      </trkpt>
      <trkpt lat="25.07569" lon="121.53996000000001">
        <time>2023-05-01T06:09:05.924Z</time>
        <ele>4.489638122946054</ele>
      </trkpt>
      <trkpt lat="25.075290000000003" lon="121.54787">
        <time>2023-05-01T06:09:11.924Z</time>
        <ele>1.7787267292112963</ele>
      </trkpt>
      <trkpt lat="25.075280000000003" lon="121.54798000000001">
        <time>2023-05-01T06:09:17.924Z</time>
        <ele>1.93634284237993</ele>
      </trkpt>
      <trkpt lat="25.075020000000002" lon="121.54837">
        <time>2023-05-01T06:09:23.924Z</time>
        <ele>2.5263647619496346</ele>
      </trkpt>
      <trkpt lat="25.07522" lon="121.54903000000002">
        <time>2023-05-01T06:09:29.924Z</time>
        <ele>2.09392391812777</ele>
      </trkpt>
      <trkpt lat="25.075190000000003" lon="121.54927">
        <time>2023-05-01T06:09:35.924Z</time>
        <ele>1.943316316029424</ele>
      </trkpt>
      <trkpt lat="25.075090000000003" lon="121.55041000000001">
        <time>2023-05-01T06:09:41.924Z</time>
        <ele>1.5537712806755948</ele>
      </trkpt>
      <trkpt lat="25.074990000000003" lon="121.55074">
        <time>2023-05-01T06:09:47.924Z</time>
        <ele>1.8171149985144224</ele>
      </trkpt>
      <trkpt lat="25.07496" lon="121.55094000000001">
        <time>2023-05-01T06:09:53.924Z</time>
        <ele>1.9705949989814953</ele>
      </trkpt>
      <trkpt lat="25.074920000000002" lon="121.55124">
        <time>2023-05-01T06:09:59.924Z</time>
        <ele>2.2001761686394445</ele>
      </trkpt>
      <trkpt lat="25.074930000000002" lon="121.55161000000001">
        <time>2023-05-01T06:10:05.924Z</time>
        <ele>2.4804632913411266</ele>
      </trkpt>
      <trkpt lat="25.074790000000004" lon="121.55271">
        <time>2023-05-01T06:10:11.924Z</time>
        <ele>3.340233927312786</ele>
      </trkpt>
      <trkpt lat="25.07478" lon="121.55271">
        <time>2023-05-01T06:10:17.924Z</time>
        <ele>3.348849177651344</ele>
      </trkpt>
      <trkpt lat="25.074550000000002" lon="121.55434000000001">
        <time>2023-05-01T06:10:23.924Z</time>
        <ele>4.201052409271832</ele>
      </trkpt>
      <trkpt lat="25.074530000000003" lon="121.55445000000002">
        <time>2023-05-01T06:10:29.924Z</time>
        <ele>4.164346438417276</ele>
      </trkpt>
      <trkpt lat="25.07429" lon="121.55524000000001">
        <time>2023-05-01T06:10:35.924Z</time>
        <ele>3.891829057189232</ele>
      </trkpt>
      <trkpt lat="25.0741" lon="121.55541000000001">
        <time>2023-05-01T06:10:41.924Z</time>
        <ele>3.8037668790606127</ele>
      </trkpt>
      <trkpt lat="25.074080000000002" lon="121.55546000000001">
        <time>2023-05-01T06:10:47.924Z</time>
        <ele>3.7858966810988908</ele>
      </trkpt>
      <trkpt lat="25.07354" lon="121.55726000000001">
        <time>2023-05-01T06:10:53.924Z</time>
        <ele>4.146231312726741</ele>
      </trkpt>
      <trkpt lat="25.073480000000004" lon="121.55733000000001">
        <time>2023-05-01T06:10:59.924Z</time>
        <ele>4.167560935565054</ele>
      </trkpt>
      <trkpt lat="25.07345" lon="121.55736000000002">
        <time>2023-05-01T06:11:05.924Z</time>
        <ele>4.177447086358422</ele>
      </trkpt>
      <trkpt lat="25.073040000000002" lon="121.55759">
        <time>2023-05-01T06:11:11.924Z</time>
        <ele>5.075375900993853</ele>
      </trkpt>
      <trkpt lat="25.073" lon="121.55761000000001">
        <time>2023-05-01T06:11:17.924Z</time>
        <ele>5.298455309018554</ele>
      </trkpt>
      <trkpt lat="25.072840000000003" lon="121.55788000000001">
        <time>2023-05-01T06:11:23.924Z</time>
        <ele>6.787500523371383</ele>
      </trkpt>
      <trkpt lat="25.0728" lon="121.55805000000001">
        <time>2023-05-01T06:11:29.924Z</time>
        <ele>7.599150705538939</ele>
      </trkpt>
      <trkpt lat="25.072770000000002" lon="121.55818000000001">
        <time>2023-05-01T06:11:35.924Z</time>
        <ele>8.219084490489873</ele>
      </trkpt>
      <trkpt lat="25.072730000000004" lon="121.55847000000001">
        <time>2023-05-01T06:11:41.924Z</time>
        <ele>9.574937473985933</ele>
      </trkpt>
      <trkpt lat="25.072540000000004" lon="121.55897000000002">
        <time>2023-05-01T06:11:47.924Z</time>
        <ele>10.43438658660425</ele>
      </trkpt>
      <trkpt lat="25.07253" lon="121.55897000000002">
        <time>2023-05-01T06:11:53.924Z</time>
        <ele>10.398176349152589</ele>
      </trkpt>
      <trkpt lat="25.072300000000002" lon="121.55958000000001">
        <time>2023-05-01T06:11:59.924Z</time>
        <ele>8.220844092973962</ele>
      </trkpt>
      <trkpt lat="25.071810000000003" lon="121.56089000000001">
        <time>2023-05-01T06:12:05.924Z</time>
        <ele>5.004602830945036</ele>
      </trkpt>
      <trkpt lat="25.07178" lon="121.56102000000001">
        <time>2023-05-01T06:12:11.924Z</time>
        <ele>4.98227126218007</ele>
      </trkpt>
      <trkpt lat="25.07159" lon="121.56187000000001">
        <time>2023-05-01T06:12:17.924Z</time>
        <ele>4.83652929614573</ele>
      </trkpt>
      <trkpt lat="25.071540000000002" lon="121.56262000000001">
        <time>2023-05-01T06:12:23.924Z</time>
        <ele>4.782319449259456</ele>
      </trkpt>
      <trkpt lat="25.071520000000003" lon="121.56286000000001">
        <time>2023-05-01T06:12:29.924Z</time>
        <ele>4.803872282431331</ele>
      </trkpt>
      <trkpt lat="25.071690000000004" lon="121.56358000000002">
        <time>2023-05-01T06:12:35.924Z</time>
        <ele>4.8703902422567165</ele>
      </trkpt>
      <trkpt lat="25.071690000000004" lon="121.56359">
        <time>2023-05-01T06:12:41.924Z</time>
        <ele>4.87128454029965</ele>
      </trkpt>
      <trkpt lat="25.071910000000003" lon="121.56424000000001">
        <time>2023-05-01T06:12:47.924Z</time>
        <ele>4.933297863589544</ele>
      </trkpt>
      <trkpt lat="25.07205" lon="121.56452000000002">
        <time>2023-05-01T06:12:53.924Z</time>
        <ele>4.961863289540926</ele>
      </trkpt>
      <trkpt lat="25.07205" lon="121.56453">
        <time>2023-05-01T06:12:59.924Z</time>
        <ele>4.962757584969531</ele>
      </trkpt>
      <trkpt lat="25.07242" lon="121.56530000000001">
        <time>2023-05-01T06:13:05.924Z</time>
        <ele>4.153044983180745</ele>
      </trkpt>
      <trkpt lat="25.0726" lon="121.56576000000001">
        <time>2023-05-01T06:13:11.924Z</time>
        <ele>3.580798409958705</ele>
      </trkpt>
      <trkpt lat="25.072630000000004" lon="121.56579">
        <time>2023-05-01T06:13:17.924Z</time>
        <ele>3.5298749482730867</ele>
      </trkpt>
      <trkpt lat="25.072630000000004" lon="121.56580000000001">
        <time>2023-05-01T06:13:23.924Z</time>
        <ele>3.5184450754389163</ele>
      </trkpt>
      <trkpt lat="25.07317" lon="121.56652000000001">
        <time>2023-05-01T06:13:29.924Z</time>
        <ele>3.4113698459162762</ele>
      </trkpt>
      <trkpt lat="25.07337" lon="121.56687000000001">
        <time>2023-05-01T06:13:35.924Z</time>
        <ele>3.3870570417109964</ele>
      </trkpt>
      <trkpt lat="25.073760000000004" lon="121.56745000000001">
        <time>2023-05-01T06:13:41.924Z</time>
        <ele>3.3446349038159067</ele>
      </trkpt>
      <trkpt lat="25.073760000000004" lon="121.56746000000001">
        <time>2023-05-01T06:13:47.924Z</time>
        <ele>3.344046480881668</ele>
      </trkpt>
      <trkpt lat="25.07403" lon="121.56778000000001">
        <time>2023-05-01T06:13:53.924Z</time>
        <ele>3.6264159393391986</ele>
      </trkpt>
      <trkpt lat="25.074430000000003" lon="121.56843">
        <time>2023-05-01T06:13:59.924Z</time>
        <ele>4.242188112471197</ele>
      </trkpt>
      <trkpt lat="25.074540000000002" lon="121.56865">
        <time>2023-05-01T06:14:05.924Z</time>
        <ele>4.439190217877096</ele>
      </trkpt>
      <trkpt lat="25.07457" lon="121.56885000000001">
        <time>2023-05-01T06:14:11.924Z</time>
        <ele>4.598296047083627</ele>
      </trkpt>
      <trkpt lat="25.07456" lon="121.56896">
        <time>2023-05-01T06:14:17.924Z</time>
        <ele>4.685070100561738</ele>
      </trkpt>
      <trkpt lat="25.074550000000002" lon="121.56904000000002">
        <time>2023-05-01T06:14:23.924Z</time>
        <ele>4.7484551371339005</ele>
      </trkpt>
      <trkpt lat="25.07431" lon="121.5695">
        <time>2023-05-01T06:14:29.924Z</time>
        <ele>4.761709327701565</ele>
      </trkpt>
      <trkpt lat="25.074040000000004" lon="121.56995">
        <time>2023-05-01T06:14:35.924Z</time>
        <ele>4.774041995477255</ele>
      </trkpt>
      <trkpt lat="25.073880000000003" lon="121.57010000000001">
        <time>2023-05-01T06:14:41.924Z</time>
        <ele>4.77932872193751</ele>
      </trkpt>
      <trkpt lat="25.073710000000002" lon="121.57021">
        <time>2023-05-01T06:14:47.924Z</time>
        <ele>4.78428714748639</ele>
      </trkpt>
      <trkpt lat="25.073710000000002" lon="121.57020000000001">
        <time>2023-05-01T06:14:53.924Z</time>
        <ele>4.784516008589707</ele>
      </trkpt>
      <trkpt lat="25.07346" lon="121.57027000000001">
        <time>2023-05-01T06:14:59.924Z</time>
        <ele>4.79099913053544</ele>
      </trkpt>
      <trkpt lat="25.0729" lon="121.57035">
        <time>2023-05-01T06:15:05.924Z</time>
        <ele>4.80518957079326</ele>
      </trkpt>
      <trkpt lat="25.07185" lon="121.57043000000002">
        <time>2023-05-01T06:15:11.924Z</time>
        <ele>4.827203665037923</ele>
      </trkpt>
      <trkpt lat="25.071610000000003" lon="121.57042000000001">
        <time>2023-05-01T06:15:17.924Z</time>
        <ele>4.83156175601384</ele>
      </trkpt>
      <trkpt lat="25.07147" lon="121.57046000000001">
        <time>2023-05-01T06:15:23.924Z</time>
        <ele>4.834186752154272</ele>
      </trkpt>
      <trkpt lat="25.07137" lon="121.57059000000001">
        <time>2023-05-01T06:15:29.924Z</time>
        <ele>4.836998985883902</ele>
      </trkpt>
      <trkpt lat="25.071360000000002" lon="121.57067">
        <time>2023-05-01T06:15:35.924Z</time>
        <ele>4.8383335283987945</ele>
      </trkpt>
      <trkpt lat="25.07137" lon="121.57059000000001">
        <time>2023-05-01T06:15:41.924Z</time>
        <ele>4.839668070913679</ele>
      </trkpt>
      <trkpt lat="25.071230000000003" lon="121.57086000000001">
        <time>2023-05-01T06:15:47.924Z</time>
        <ele>4.805440339598923</ele>
      </trkpt>
      <trkpt lat="25.0711" lon="121.57094000000001">
        <time>2023-05-01T06:15:53.924Z</time>
        <ele>4.7863997773777305</ele>
      </trkpt>
      <trkpt lat="25.07062" lon="121.57105000000001">
        <time>2023-05-01T06:15:59.924Z</time>
        <ele>4.723750535753375</ele>
      </trkpt>
      <trkpt lat="25.070570000000004" lon="121.57106000000002">
        <time>2023-05-01T06:16:05.924Z</time>
        <ele>4.717257121382584</ele>
      </trkpt>
      <trkpt lat="25.06987" lon="121.57103000000001">
        <time>2023-05-01T06:16:11.924Z</time>
        <ele>4.346547257993853</ele>
      </trkpt>
      <trkpt lat="25.06951" lon="121.57093">
        <time>2023-05-01T06:16:17.924Z</time>
        <ele>3.5895987802546427</ele>
      </trkpt>
      <trkpt lat="25.068980000000003" lon="121.57072000000001">
        <time>2023-05-01T06:16:23.924Z</time>
        <ele>2.441043472318917</ele>
      </trkpt>
      <trkpt lat="25.068990000000003" lon="121.57072000000001">
        <time>2023-05-01T06:16:29.924Z</time>
        <ele>2.4206593939548298</ele>
      </trkpt>
      <trkpt lat="25.068410000000004" lon="121.57046000000001">
        <time>2023-05-01T06:16:35.924Z</time>
        <ele>1.1436345186896357</ele>
      </trkpt>
      <trkpt lat="25.06735" lon="121.56995">
        <time>2023-05-01T06:16:41.924Z</time>
        <ele>0.10123018428587921</ele>
      </trkpt>
      <trkpt lat="25.06736" lon="121.56995">
        <time>2023-05-01T06:16:47.924Z</time>
        <ele>0.09952283763708941</ele>
      </trkpt>
      <trkpt lat="25.066720000000004" lon="121.56964">
        <time>2023-05-01T06:16:53.924Z</time>
        <ele>0.34561266744095964</ele>
      </trkpt>
      <trkpt lat="25.066070000000003" lon="121.56927">
        <time>2023-05-01T06:16:59.924Z</time>
        <ele>2.111481257476654</ele>
      </trkpt>
      <trkpt lat="25.06537" lon="121.56883">
        <time>2023-05-01T06:17:05.924Z</time>
        <ele>4.0568766269172745</ele>
      </trkpt>
      <trkpt lat="25.06537" lon="121.56884000000001">
        <time>2023-05-01T06:17:11.924Z</time>
        <ele>4.078844382449999</ele>
      </trkpt>
      <trkpt lat="25.065260000000002" lon="121.56877000000001">
        <time>2023-05-01T06:17:17.924Z</time>
        <ele>4.1588038810084536</ele>
      </trkpt>
      <trkpt lat="25.064970000000002" lon="121.56865">
        <time>2023-05-01T06:17:23.924Z</time>
        <ele>3.4017876014284054</ele>
      </trkpt>
      <trkpt lat="25.06433" lon="121.56847">
        <time>2023-05-01T06:17:29.924Z</time>
        <ele>1.787999752111099</ele>
      </trkpt>
      <trkpt lat="25.064210000000003" lon="121.56847">
        <time>2023-05-01T06:17:35.924Z</time>
        <ele>1.4948797151929911</ele>
      </trkpt>
      <trkpt lat="25.0635" lon="121.56855000000002">
        <time>2023-05-01T06:17:41.924Z</time>
        <ele>0</ele>
      </trkpt>
      <trkpt lat="25.06322" lon="121.5686">
        <time>2023-05-01T06:17:47.924Z</time>
        <ele>0</ele>
      </trkpt>
      <trkpt lat="25.06311" lon="121.56866000000001">
        <time>2023-05-01T06:17:53.924Z</time>
        <ele>0</ele>
      </trkpt>
      <trkpt lat="25.06277" lon="121.56883">
        <time>2023-05-01T06:17:59.924Z</time>
        <ele>0</ele>
      </trkpt>
      <trkpt lat="25.06238" lon="121.56908000000001">
        <time>2023-05-01T06:18:05.924Z</time>
        <ele>0</ele>
      </trkpt>
      <trkpt lat="25.062310000000004" lon="121.56909000000002">
        <time>2023-05-01T06:18:11.924Z</time>
        <ele>0</ele>
      </trkpt>
      <trkpt lat="25.061870000000003" lon="121.56916000000001">
        <time>2023-05-01T06:18:17.924Z</time>
        <ele>0</ele>
      </trkpt>
      <trkpt lat="25.061180000000004" lon="121.56930000000001">
        <time>2023-05-01T06:18:23.924Z</time>
        <ele>0</ele>
      </trkpt>
      <trkpt lat="25.060930000000003" lon="121.56941">
        <time>2023-05-01T06:18:29.924Z</time>
        <ele>0</ele>
      </trkpt>
      <trkpt lat="25.06086" lon="121.56953000000001">
        <time>2023-05-01T06:18:35.924Z</time>
        <ele>0</ele>
      </trkpt>
      <trkpt lat="25.060820000000003" lon="121.56962000000001">
        <time>2023-05-01T06:18:41.924Z</time>
        <ele>0</ele>
      </trkpt>
      <trkpt lat="25.059120000000004" lon="121.56993000000001">
        <time>2023-05-01T06:18:47.924Z</time>
        <ele>0</ele>
      </trkpt>
      <trkpt lat="25.058220000000002" lon="121.57005000000001">
        <time>2023-05-01T06:18:53.924Z</time>
        <ele>0</ele>
      </trkpt>
      <trkpt lat="25.056900000000002" lon="121.57027000000001">
        <time>2023-05-01T06:18:59.924Z</time>
        <ele>0</ele>
      </trkpt>
      <trkpt lat="25.056720000000002" lon="121.57025000000002">
        <time>2023-05-01T06:19:05.924Z</time>
        <ele>0</ele>
      </trkpt>
      <trkpt lat="25.05645" lon="121.57019000000001">
        <time>2023-05-01T06:19:11.924Z</time>
        <ele>0</ele>
      </trkpt>
      <trkpt lat="25.056400000000004" lon="121.57016000000002">
        <time>2023-05-01T06:19:17.924Z</time>
        <ele>0</ele>
      </trkpt>
      <trkpt lat="25.056400000000004" lon="121.57017">
        <time>2023-05-01T06:19:23.924Z</time>
        <ele>0</ele>
      </trkpt>
      <trkpt lat="25.05626" lon="121.57010000000001">
        <time>2023-05-01T06:19:29.924Z</time>
        <ele>0</ele>
      </trkpt>
      <trkpt lat="25.0558" lon="121.57011000000001">
        <time>2023-05-01T06:19:35.924Z</time>
        <ele>0</ele>
      </trkpt>
      <trkpt lat="25.055390000000003" lon="121.57016000000002">
        <time>2023-05-01T06:19:41.924Z</time>
        <ele>0</ele>
      </trkpt>
      <trkpt lat="25.055030000000002" lon="121.57022">
        <time>2023-05-01T06:19:47.924Z</time>
        <ele>0</ele>
      </trkpt>
      <trkpt lat="25.05476" lon="121.5703">
        <time>2023-05-01T06:19:53.924Z</time>
        <ele>0.0077240392878461395</ele>
      </trkpt>
      <trkpt lat="25.054520000000004" lon="121.57034000000002">
        <time>2023-05-01T06:19:59.924Z</time>
        <ele>0.04501745155825244</ele>
      </trkpt>
      <trkpt lat="25.05402" lon="121.57042000000001">
        <time>2023-05-01T06:20:05.924Z</time>
        <ele>0.12264341391456231</ele>
      </trkpt>
      <trkpt lat="25.053250000000002" lon="121.57056000000001">
        <time>2023-05-01T06:20:11.924Z</time>
        <ele>0.2425490490818646</ele>
      </trkpt>
      <trkpt lat="25.052650000000003" lon="121.57068000000001">
        <time>2023-05-01T06:20:17.924Z</time>
        <ele>0.42749390963587763</ele>
      </trkpt>
      <trkpt lat="25.05232" lon="121.57076">
        <time>2023-05-01T06:20:23.924Z</time>
        <ele>1.0594315994452301</ele>
      </trkpt>
      <trkpt lat="25.052020000000002" lon="121.57092000000002">
        <time>2023-05-01T06:20:29.924Z</time>
        <ele>1.6831046099854166</ele>
      </trkpt>
      <trkpt lat="25.0514" lon="121.57130000000001">
        <time>2023-05-01T06:20:35.924Z</time>
        <ele>3.0109043356225342</ele>
      </trkpt>
      <trkpt lat="25.051360000000003" lon="121.57137000000002">
        <time>2023-05-01T06:20:41.924Z</time>
        <ele>3.1516586788712146</ele>
      </trkpt>
      <trkpt lat="25.05112" lon="121.57183">
        <time>2023-05-01T06:20:47.924Z</time>
        <ele>3.4165475091789577</ele>
      </trkpt>
      <trkpt lat="25.05104" lon="121.57213000000002">
        <time>2023-05-01T06:20:53.924Z</time>
        <ele>2.8530079112675044</ele>
      </trkpt>
      <trkpt lat="25.050990000000002" lon="121.5725">
        <time>2023-05-01T06:20:59.924Z</time>
        <ele>2.178669262963445</ele>
      </trkpt>
      <trkpt lat="25.050950000000004" lon="121.57300000000001">
        <time>2023-05-01T06:21:05.924Z</time>
        <ele>1.2737955940441141</ele>
      </trkpt>
      <trkpt lat="25.05094" lon="121.57332000000001">
        <time>2023-05-01T06:21:11.924Z</time>
        <ele>0.8552967730244703</ele>
      </trkpt>
      <trkpt lat="25.050970000000003" lon="121.57381000000001">
        <time>2023-05-01T06:21:17.924Z</time>
        <ele>0.9951745459403034</ele>
      </trkpt>
      <trkpt lat="25.050970000000003" lon="121.57382000000001">
        <time>2023-05-01T06:21:23.924Z</time>
        <ele>0.9980227682865228</ele>
      </trkpt>
      <trkpt lat="25.050990000000002" lon="121.57416">
        <time>2023-05-01T06:21:29.924Z</time>
        <ele>1.095064013348929</ele>
      </trkpt>
      <trkpt lat="25.05102" lon="121.57442">
        <time>2023-05-01T06:21:35.924Z</time>
        <ele>1.169709470952353</ele>
      </trkpt>
      <trkpt lat="25.05102" lon="121.57443">
        <time>2023-05-01T06:21:41.924Z</time>
        <ele>1.1725576921432435</ele>
      </trkpt>
      <trkpt lat="25.051270000000002" lon="121.57538000000001">
        <time>2023-05-01T06:21:47.924Z</time>
        <ele>2.463059986903457</ele>
      </trkpt>
      <trkpt lat="25.051270000000002" lon="121.57539000000001">
        <time>2023-05-01T06:21:53.924Z</time>
        <ele>2.4926210308353487</ele>
      </trkpt>
      <trkpt lat="25.051450000000003" lon="121.57616000000002">
        <time>2023-05-01T06:21:59.924Z</time>
        <ele>4.8425736700877025</ele>
      </trkpt>
      <trkpt lat="25.051460000000002" lon="121.57616000000002">
        <time>2023-05-01T06:22:05.924Z</time>
        <ele>4.875024811047229</ele>
      </trkpt>
      <trkpt lat="25.051650000000002" lon="121.57710000000002">
        <time>2023-05-01T06:22:11.924Z</time>
        <ele>7.339860488795647</ele>
      </trkpt>
      <trkpt lat="25.051650000000002" lon="121.57711">
        <time>2023-05-01T06:22:17.924Z</time>
        <ele>7.327099408161368</ele>
      </trkpt>
      <trkpt lat="25.051910000000003" lon="121.57829000000001">
        <time>2023-05-01T06:22:23.924Z</time>
        <ele>5.777869618898381</ele>
      </trkpt>
      <trkpt lat="25.051910000000003" lon="121.57830000000001">
        <time>2023-05-01T06:22:29.924Z</time>
        <ele>5.765108565163767</ele>
      </trkpt>
      <trkpt lat="25.052100000000003" lon="121.57921">
        <time>2023-05-01T06:22:35.924Z</time>
        <ele>5.5933836917467215</ele>
      </trkpt>
      <trkpt lat="25.052100000000003" lon="121.57922">
        <time>2023-05-01T06:22:41.924Z</time>
        <ele>5.6021803392626355</ele>
      </trkpt>
      <trkpt lat="25.05223" lon="121.57979000000002">
        <time>2023-05-01T06:22:47.924Z</time>
        <ele>6.119065538508794</ele>
      </trkpt>
      <trkpt lat="25.05223" lon="121.5798">
        <time>2023-05-01T06:22:53.924Z</time>
        <ele>6.127862176734345</ele>
      </trkpt>
      <trkpt lat="25.052360000000004" lon="121.58045000000001">
        <time>2023-05-01T06:22:59.924Z</time>
        <ele>6.713262384923308</ele>
      </trkpt>
      <trkpt lat="25.052370000000003" lon="121.58045000000001">
        <time>2023-05-01T06:23:05.924Z</time>
        <ele>6.722919121212409</ele>
      </trkpt>
      <trkpt lat="25.052490000000002" lon="121.58105">
        <time>2023-05-01T06:23:11.924Z</time>
        <ele>6.761604892777743</ele>
      </trkpt>
      <trkpt lat="25.052490000000002" lon="121.58106000000001">
        <time>2023-05-01T06:23:17.924Z</time>
        <ele>6.754033656452983</ele>
      </trkpt>
      <trkpt lat="25.05254" lon="121.58128">
        <time>2023-05-01T06:23:23.924Z</time>
        <ele>6.582360531199088</ele>
      </trkpt>
      <trkpt lat="25.05254" lon="121.58129000000001">
        <time>2023-05-01T06:23:29.924Z</time>
        <ele>6.574789297945718</ele>
      </trkpt>
      <trkpt lat="25.052650000000003" lon="121.58182000000001">
        <time>2023-05-01T06:23:35.924Z</time>
        <ele>6.163230489114329</ele>
      </trkpt>
      <trkpt lat="25.052650000000003" lon="121.58183000000001">
        <time>2023-05-01T06:23:41.924Z</time>
        <ele>6.155659262617958</ele>
      </trkpt>
      <trkpt lat="25.0528" lon="121.58257">
        <time>2023-05-01T06:23:47.924Z</time>
        <ele>5.58168512001535</ele>
      </trkpt>
      <trkpt lat="25.05281" lon="121.58257">
        <time>2023-05-01T06:23:53.924Z</time>
        <ele>5.573373582229108</ele>
      </trkpt>
      <trkpt lat="25.052960000000002" lon="121.58312000000001">
        <time>2023-05-01T06:23:59.924Z</time>
        <ele>4.740824806053467</ele>
      </trkpt>
      <trkpt lat="25.053020000000004" lon="121.58323000000001">
        <time>2023-05-01T06:24:05.924Z</time>
        <ele>4.541146253265867</ele>
      </trkpt>
      <trkpt lat="25.053020000000004" lon="121.58324">
        <time>2023-05-01T06:24:11.924Z</time>
        <ele>4.5255722306588675</ele>
      </trkpt>
      <trkpt lat="25.053110000000004" lon="121.58342">
        <time>2023-05-01T06:24:17.924Z</time>
        <ele>4.205786657524531</ele>
      </trkpt>
      <trkpt lat="25.053110000000004" lon="121.58343">
        <time>2023-05-01T06:24:23.924Z</time>
        <ele>4.190212646267572</ele>
      </trkpt>
      <trkpt lat="25.053250000000002" lon="121.58355000000002">
        <time>2023-05-01T06:24:29.924Z</time>
        <ele>3.886537340774321</ele>
      </trkpt>
      <trkpt lat="25.053250000000002" lon="121.58356">
        <time>2023-05-01T06:24:35.924Z</time>
        <ele>3.8709633472298535</ele>
      </trkpt>
      <trkpt lat="25.05327" lon="121.58357000000001">
        <time>2023-05-01T06:24:41.924Z</time>
        <ele>3.833389890029339</ele>
      </trkpt>
      <trkpt lat="25.053410000000003" lon="121.58409">
        <time>2023-05-01T06:24:47.924Z</time>
        <ele>2.98891144666982</ele>
      </trkpt>
      <trkpt lat="25.053410000000003" lon="121.5841">
        <time>2023-05-01T06:24:53.924Z</time>
        <ele>2.9733374733207465</ele>
      </trkpt>
      <trkpt lat="25.053770000000004" lon="121.58539">
        <time>2023-05-01T06:24:59.924Z</time>
        <ele>0.8721316139335916</ele>
      </trkpt>
      <trkpt lat="25.053770000000004" lon="121.5854">
        <time>2023-05-01T06:25:05.924Z</time>
        <ele>0.8565576860744065</ele>
      </trkpt>
      <trkpt lat="25.05404" lon="121.58633">
        <time>2023-05-01T06:25:11.924Z</time>
        <ele>0.8402055114484426</ele>
      </trkpt>
      <trkpt lat="25.05404" lon="121.58634">
        <time>2023-05-01T06:25:17.924Z</time>
        <ele>0.8599241578334414</ele>
      </trkpt>
      <trkpt lat="25.054560000000002" lon="121.58730000000001">
        <time>2023-05-01T06:25:23.924Z</time>
        <ele>3.0623019158180855</ele>
      </trkpt>
      <trkpt lat="25.054560000000002" lon="121.58731000000002">
        <time>2023-05-01T06:25:29.924Z</time>
        <ele>3.0820204790061037</ele>
      </trkpt>
      <trkpt lat="25.05498" lon="121.58805000000001">
        <time>2023-05-01T06:25:35.924Z</time>
        <ele>3.2904441167495992</ele>
      </trkpt>
      <trkpt lat="25.05498" lon="121.58806000000001">
        <time>2023-05-01T06:25:41.924Z</time>
        <ele>3.2835017756257017</ele>
      </trkpt>
      <trkpt lat="25.055270000000004" lon="121.58859000000001">
        <time>2023-05-01T06:25:47.924Z</time>
        <ele>2.8542798783808307</ele>
      </trkpt>
      <trkpt lat="25.055280000000003" lon="121.58859000000001">
        <time>2023-05-01T06:25:53.924Z</time>
        <ele>2.8466585714932764</ele>
      </trkpt>
      <trkpt lat="25.055410000000002" lon="121.5888">
        <time>2023-05-01T06:25:59.924Z</time>
        <ele>2.670390014018358</ele>
      </trkpt>
      <trkpt lat="25.055410000000002" lon="121.58881000000001">
        <time>2023-05-01T06:26:05.924Z</time>
        <ele>2.6634476971170002</ele>
      </trkpt>
      <trkpt lat="25.055840000000003" lon="121.58936000000001">
        <time>2023-05-01T06:26:11.924Z</time>
        <ele>1.9543596224014674</ele>
      </trkpt>
      <trkpt lat="25.055850000000003" lon="121.58936000000001">
        <time>2023-05-01T06:26:17.924Z</time>
        <ele>1.9354365395566497</ele>
      </trkpt>
      <trkpt lat="25.0562" lon="121.58980000000001">
        <time>2023-05-01T06:26:23.924Z</time>
        <ele>0.928524062603663</ele>
      </trkpt>
      <trkpt lat="25.0562" lon="121.58981000000001">
        <time>2023-05-01T06:26:29.924Z</time>
        <ele>0.9112869682719038</ele>
      </trkpt>
      <trkpt lat="25.05626" lon="121.58988000000001">
        <time>2023-05-01T06:26:35.924Z</time>
        <ele>0.8591167495656948</ele>
      </trkpt>
      <trkpt lat="25.056510000000003" lon="121.59012000000001">
        <time>2023-05-01T06:26:41.924Z</time>
        <ele>0.697501531137948</ele>
      </trkpt>
      <trkpt lat="25.056520000000003" lon="121.59012000000001">
        <time>2023-05-01T06:26:47.924Z</time>
        <ele>0.6926351285413058</ele>
      </trkpt>
      <trkpt lat="25.05703" lon="121.59060000000001">
        <time>2023-05-01T06:26:53.924Z</time>
        <ele>0.3657261130112301</ele>
      </trkpt>
      <trkpt lat="25.05704" lon="121.59060000000001">
        <time>2023-05-01T06:26:59.924Z</time>
        <ele>0.36085971007608886</ele>
      </trkpt>
      <trkpt lat="25.057360000000003" lon="121.59091000000001">
        <time>2023-05-01T06:27:05.924Z</time>
        <ele>0.15317367217558606</ele>
      </trkpt>
      <trkpt lat="25.057370000000002" lon="121.59091000000001">
        <time>2023-05-01T06:27:11.924Z</time>
        <ele>0.14830726902257807</ele>
      </trkpt>
      <trkpt lat="25.05795" lon="121.59150000000001">
        <time>2023-05-01T06:27:17.924Z</time>
        <ele>0.02442166896128851</ele>
      </trkpt>
      <trkpt lat="25.05795" lon="121.59151000000001">
        <time>2023-05-01T06:27:23.924Z</time>
        <ele>0.024879436184010534</ele>
      </trkpt>
      <trkpt lat="25.058380000000003" lon="121.59204000000001">
        <time>2023-05-01T06:27:29.924Z</time>
        <ele>0.05736946905564019</ele>
      </trkpt>
      <trkpt lat="25.058390000000003" lon="121.59207">
        <time>2023-05-01T06:27:35.924Z</time>
        <ele>0.05883183021157682</ele>
      </trkpt>
      <trkpt lat="25.058390000000003" lon="121.59208000000001">
        <time>2023-05-01T06:27:41.924Z</time>
        <ele>0.059289595799737006</ele>
      </trkpt>
      <trkpt lat="25.05861" lon="121.59259000000002">
        <time>2023-05-01T06:27:47.924Z</time>
        <ele>0.08512124207392832</ele>
      </trkpt>
      <trkpt lat="25.05861" lon="121.5926">
        <time>2023-05-01T06:27:53.924Z</time>
        <ele>0.08557900684414577</ele>
      </trkpt>
      <trkpt lat="25.058690000000002" lon="121.59285000000001">
        <time>2023-05-01T06:27:59.924Z</time>
        <ele>0.07232865119940154</ele>
      </trkpt>
      <trkpt lat="25.058690000000002" lon="121.59286000000002">
        <time>2023-05-01T06:28:05.924Z</time>
        <ele>0.07181300115815001</ele>
      </trkpt>
      <trkpt lat="25.058860000000003" lon="121.59325000000001">
        <time>2023-05-01T06:28:11.924Z</time>
        <ele>0.04951859102976615</ele>
      </trkpt>
      <trkpt lat="25.059" lon="121.59369000000001">
        <time>2023-05-01T06:28:17.924Z</time>
        <ele>0.02548565044555973</ele>
      </trkpt>
      <trkpt lat="25.059" lon="121.59370000000001">
        <time>2023-05-01T06:28:23.924Z</time>
        <ele>0.0249700017015916</ele>
      </trkpt>
      <trkpt lat="25.059160000000002" lon="121.59437000000001">
        <time>2023-05-01T06:28:29.924Z</time>
        <ele>0.3783522990154534</ele>
      </trkpt>
      <trkpt lat="25.059160000000002" lon="121.59438000000002">
        <time>2023-05-01T06:28:35.924Z</time>
        <ele>0.39650753625331225</ele>
      </trkpt>
      <trkpt lat="25.05919" lon="121.59459000000001">
        <time>2023-05-01T06:28:41.924Z</time>
        <ele>0.7824279001387616</ele>
      </trkpt>
      <trkpt lat="25.05919" lon="121.59514000000001">
        <time>2023-05-01T06:28:47.924Z</time>
        <ele>1.7809657047969907</ele>
      </trkpt>
      <trkpt lat="25.05919" lon="121.59531000000001">
        <time>2023-05-01T06:28:53.924Z</time>
        <ele>2.089604662593193</ele>
      </trkpt>
      <trkpt lat="25.059130000000003" lon="121.59575000000001">
        <time>2023-05-01T06:28:59.924Z</time>
        <ele>2.89733705916392</ele>
      </trkpt>
      <trkpt lat="25.059040000000003" lon="121.59612000000001">
        <time>2023-05-01T06:29:05.924Z</time>
        <ele>3.5926202756953476</ele>
      </trkpt>
      <trkpt lat="25.059" lon="121.59629000000001">
        <time>2023-05-01T06:29:11.924Z</time>
        <ele>3.9113905938729574</ele>
      </trkpt>
      <trkpt lat="25.058760000000003" lon="121.59691000000001">
        <time>2023-05-01T06:29:17.924Z</time>
        <ele>5.118631577240626</ele>
      </trkpt>
      <trkpt lat="25.058580000000003" lon="121.59748">
        <time>2023-05-01T06:29:23.924Z</time>
        <ele>5.548590103718115</ele>
      </trkpt>
      <trkpt lat="25.058560000000003" lon="121.59760000000001">
        <time>2023-05-01T06:29:29.924Z</time>
        <ele>5.368652224181176</ele>
      </trkpt>
      <trkpt lat="25.05842" lon="121.59828000000002">
        <time>2023-05-01T06:29:35.924Z</time>
        <ele>4.340353996694813</ele>
      </trkpt>
      <trkpt lat="25.058380000000003" lon="121.59864">
        <time>2023-05-01T06:29:41.924Z</time>
        <ele>4.00550950335839</ele>
      </trkpt>
      <trkpt lat="25.058390000000003" lon="121.59895000000002">
        <time>2023-05-01T06:29:47.924Z</time>
        <ele>4.18346259410685</ele>
      </trkpt>
      <trkpt lat="25.058390000000003" lon="121.59896">
        <time>2023-05-01T06:29:53.924Z</time>
        <ele>4.189199419869226</ele>
      </trkpt>
      <trkpt lat="25.058470000000003" lon="121.60114000000002">
        <time>2023-05-01T06:29:59.924Z</time>
        <ele>8.746350665909443</ele>
      </trkpt>
      <trkpt lat="25.058470000000003" lon="121.60115">
        <time>2023-05-01T06:30:05.924Z</time>
        <ele>8.776514621660038</ele>
      </trkpt>
      <trkpt lat="25.058480000000003" lon="121.60139000000001">
        <time>2023-05-01T06:30:11.924Z</time>
        <ele>9.501206524431245</ele>
      </trkpt>
      <trkpt lat="25.05863" lon="121.60300000000001">
        <time>2023-05-01T06:30:17.924Z</time>
        <ele>7.087187187703741</ele>
      </trkpt>
      <trkpt lat="25.05863" lon="121.60301000000001">
        <time>2023-05-01T06:30:23.924Z</time>
        <ele>7.064444802736864</ele>
      </trkpt>
      <trkpt lat="25.058850000000003" lon="121.60498000000001">
        <time>2023-05-01T06:30:29.924Z</time>
        <ele>7.158814640316248</ele>
      </trkpt>
      <trkpt lat="25.058850000000003" lon="121.60499000000002">
        <time>2023-05-01T06:30:35.924Z</time>
        <ele>7.168360527282038</ele>
      </trkpt>
      <trkpt lat="25.058980000000002" lon="121.60578000000001">
        <time>2023-05-01T06:30:41.924Z</time>
        <ele>7.799850075650447</ele>
      </trkpt>
      <trkpt lat="25.059130000000003" lon="121.60660000000001">
        <time>2023-05-01T06:30:47.924Z</time>
        <ele>7.057645058450241</ele>
      </trkpt>
      <trkpt lat="25.05928" lon="121.60713000000001">
        <time>2023-05-01T06:30:53.924Z</time>
        <ele>6.30219937339487</ele>
      </trkpt>
      <trkpt lat="25.05928" lon="121.60714000000002">
        <time>2023-05-01T06:30:59.924Z</time>
        <ele>6.288587595942786</ele>
      </trkpt>
      <trkpt lat="25.059450000000002" lon="121.60774">
        <time>2023-05-01T06:31:05.924Z</time>
        <ele>5.43328337400407</ele>
      </trkpt>
      <trkpt lat="25.05983" lon="121.60889000000002">
        <time>2023-05-01T06:31:11.924Z</time>
        <ele>4.863100968827462</ele>
      </trkpt>
      <trkpt lat="25.05983" lon="121.6089">
        <time>2023-05-01T06:31:17.924Z</time>
        <ele>4.865459800225952</ele>
      </trkpt>
      <trkpt lat="25.060060000000004" lon="121.60949000000001">
        <time>2023-05-01T06:31:23.924Z</time>
        <ele>5.016840504543766</ele>
      </trkpt>
      <trkpt lat="25.060160000000003" lon="121.60966">
        <time>2023-05-01T06:31:29.924Z</time>
        <ele>5.064575522708003</ele>
      </trkpt>
      <trkpt lat="25.060160000000003" lon="121.60967000000001">
        <time>2023-05-01T06:31:35.924Z</time>
        <ele>5.066934347792252</ele>
      </trkpt>
      <trkpt lat="25.06039" lon="121.61005000000002">
        <time>2023-05-01T06:31:41.924Z</time>
        <ele>5.418799780576995</ele>
      </trkpt>
      <trkpt lat="25.06086" lon="121.61068000000002">
        <time>2023-05-01T06:31:47.924Z</time>
        <ele>6.09006246234749</ele>
      </trkpt>
      <trkpt lat="25.06086" lon="121.61069">
        <time>2023-05-01T06:31:53.924Z</time>
        <ele>6.098305496316327</ele>
      </trkpt>
      <trkpt lat="25.06097" lon="121.61082">
        <time>2023-05-01T06:31:59.924Z</time>
        <ele>6.244567471250075</ele>
      </trkpt>
      <trkpt lat="25.06144" lon="121.61126000000002">
        <time>2023-05-01T06:32:05.924Z</time>
        <ele>7.185726980527024</ele>
      </trkpt>
      <trkpt lat="25.06144" lon="121.61127">
        <time>2023-05-01T06:32:11.924Z</time>
        <ele>7.215791789488075</ele>
      </trkpt>
      <trkpt lat="25.06221" lon="121.61193000000002">
        <time>2023-05-01T06:32:17.924Z</time>
        <ele>10.440186974324892</ele>
      </trkpt>
      <trkpt lat="25.06221" lon="121.61194">
        <time>2023-05-01T06:32:23.924Z</time>
        <ele>10.470251595386728</ele>
      </trkpt>
      <trkpt lat="25.062890000000003" lon="121.61251000000001">
        <time>2023-05-01T06:32:29.924Z</time>
        <ele>13.294140046557207</ele>
      </trkpt>
      <trkpt lat="25.063250000000004" lon="121.61279">
        <time>2023-05-01T06:32:35.924Z</time>
        <ele>11.24706929298521</ele>
      </trkpt>
      <trkpt lat="25.063250000000004" lon="121.61280000000001">
        <time>2023-05-01T06:32:41.924Z</time>
        <ele>11.202555179685612</ele>
      </trkpt>
      <trkpt lat="25.06352" lon="121.61308000000001">
        <time>2023-05-01T06:32:47.924Z</time>
        <ele>9.387446472924797</ele>
      </trkpt>
      <trkpt lat="25.063290000000002" lon="121.61283000000002">
        <time>2023-05-01T06:32:53.924Z</time>
        <ele>7.805711250791902</ele>
      </trkpt>
      <trkpt lat="25.06332" lon="121.61279">
        <time>2023-05-01T06:32:59.924Z</time>
        <ele>7.575061285934586</ele>
      </trkpt>
      <trkpt lat="25.063450000000003" lon="121.61290000000001">
        <time>2023-05-01T06:33:05.924Z</time>
        <ele>6.77294137606226</ele>
      </trkpt>
      <trkpt lat="25.063470000000002" lon="121.61286000000001">
        <time>2023-05-01T06:33:11.924Z</time>
        <ele>6.5698220155219795</ele>
      </trkpt>
      <trkpt lat="25.063360000000003" lon="121.61278000000001">
        <time>2023-05-01T06:33:17.924Z</time>
        <ele>5.924989560038926</ele>
      </trkpt>
      <trkpt lat="25.06321" lon="121.61268000000001">
        <time>2023-05-01T06:33:23.924Z</time>
        <ele>5.0673568504818824</ele>
      </trkpt>
      <trkpt lat="25.062970000000004" lon="121.61252">
        <time>2023-05-01T06:33:29.924Z</time>
        <ele>4.70775548365147</ele>
      </trkpt>
      <trkpt lat="25.062820000000002" lon="121.61241000000001">
        <time>2023-05-01T06:33:35.924Z</time>
        <ele>5.0501140494947405</ele>
      </trkpt>
      <trkpt lat="25.06285" lon="121.61237000000001">
        <time>2023-05-01T06:33:41.924Z</time>
        <ele>5.1396884681698705</ele>
      </trkpt>
      <trkpt lat="25.06324" lon="121.61194">
        <time>2023-05-01T06:33:47.924Z</time>
        <ele>6.188718137331661</ele>
      </trkpt>
      <trkpt lat="25.06358" lon="121.61160000000001">
        <time>2023-05-01T06:33:53.924Z</time>
        <ele>7.061574711461767</ele>
      </trkpt>
      <trkpt lat="25.06361" lon="121.61157000000001">
        <time>2023-05-01T06:33:59.924Z</time>
        <ele>7.129271639568578</ele>
      </trkpt>
      <trkpt lat="25.06361" lon="121.61157000000001">
        <time>2023-05-01T06:34:05.924Z</time>
        <ele>7.129271639568578</ele>
      </trkpt>
      <trkpt lat="25.063760000000002" lon="121.61165000000001">
        <time>2023-05-01T06:34:11.924Z</time>
        <ele>7.36802800772973</ele>
      </trkpt>
      <trkpt lat="25.06415" lon="121.61188000000001">
        <time>2023-05-01T06:34:17.924Z</time>
        <ele>8.001855904849005</ele>
      </trkpt>
      <trkpt lat="25.064300000000003" lon="121.61196000000001">
        <time>2023-05-01T06:34:23.924Z</time>
        <ele>8.240612087227198</ele>
      </trkpt>
      <trkpt lat="25.064320000000002" lon="121.61194">
        <time>2023-05-01T06:34:29.924Z</time>
        <ele>8.279343987974382</ele>
      </trkpt>
      <trkpt lat="25.06417" lon="121.61185">
        <time>2023-05-01T06:34:35.924Z</time>
        <ele>8.524079596813177</ele>
      </trkpt>
      <trkpt lat="25.06418" lon="121.61177">
        <time>2023-05-01T06:34:41.924Z</time>
        <ele>8.629382892064008</ele>
      </trkpt>
      <trkpt lat="25.064210000000003" lon="121.61178000000001">
        <time>2023-05-01T06:34:47.924Z</time>
        <ele>8.674270397792114</ele>
      </trkpt>
      <trkpt lat="25.06434" lon="121.61186000000001">
        <time>2023-05-01T06:34:53.924Z</time>
        <ele>8.887637619712304</ele>
      </trkpt>
      <trkpt lat="25.064480000000003" lon="121.61197000000001">
        <time>2023-05-01T06:34:59.924Z</time>
        <ele>9.134119638551546</ele>
      </trkpt>
      <trkpt lat="25.06462" lon="121.61210000000001">
        <time>2023-05-01T06:35:05.924Z</time>
        <ele>9.396638481515112</ele>
      </trkpt>
      <trkpt lat="25.06493" lon="121.61254000000001">
        <time>2023-05-01T06:35:11.924Z</time>
        <ele>10.122047734840656</ele>
      </trkpt>
      <trkpt lat="25.065250000000002" lon="121.61326000000001">
        <time>2023-05-01T06:35:17.924Z</time>
        <ele>11.166784792736163</ele>
      </trkpt>
      <trkpt lat="25.065330000000003" lon="121.61377000000002">
        <time>2023-05-01T06:35:23.924Z</time>
        <ele>11.101134411289916</ele>
      </trkpt>
      <trkpt lat="25.065260000000002" lon="121.61423">
        <time>2023-05-01T06:35:29.924Z</time>
        <ele>10.991453979025962</ele>
      </trkpt>
      <trkpt lat="25.0651" lon="121.61484000000002">
        <time>2023-05-01T06:35:35.924Z</time>
        <ele>10.578244588391941</ele>
      </trkpt>
      <trkpt lat="25.064870000000003" lon="121.61565000000002">
        <time>2023-05-01T06:35:41.924Z</time>
        <ele>9.992865425821151</ele>
      </trkpt>
      <trkpt lat="25.064690000000002" lon="121.61624">
        <time>2023-05-01T06:35:47.924Z</time>
        <ele>9.563571724921902</ele>
      </trkpt>
      <trkpt lat="25.064660000000003" lon="121.61650000000002">
        <time>2023-05-01T06:35:53.924Z</time>
        <ele>9.38275293006506</ele>
      </trkpt>
      <trkpt lat="25.06471" lon="121.61677000000002">
        <time>2023-05-01T06:35:59.924Z</time>
        <ele>9.192657201158898</ele>
      </trkpt>
      <trkpt lat="25.064880000000002" lon="121.61719000000001">
        <time>2023-05-01T06:36:05.924Z</time>
        <ele>8.93873291250434</ele>
      </trkpt>
      <trkpt lat="25.065160000000002" lon="121.61759">
        <time>2023-05-01T06:36:11.924Z</time>
        <ele>9.077793139570883</ele>
      </trkpt>
      <trkpt lat="25.06538" lon="121.61774000000001">
        <time>2023-05-01T06:36:17.924Z</time>
        <ele>8.88460237513315</ele>
      </trkpt>
      <trkpt lat="25.06575" lon="121.61785">
        <time>2023-05-01T06:36:23.924Z</time>
        <ele>8.59864500475627</ele>
      </trkpt>
      <trkpt lat="25.06539" lon="121.61772">
        <time>2023-05-01T06:36:29.924Z</time>
        <ele>8.315934502419667</ele>
      </trkpt>
      <trkpt lat="25.06518" lon="121.61757000000001">
        <time>2023-05-01T06:36:35.924Z</time>
        <ele>8.12903959387613</ele>
      </trkpt>
      <trkpt lat="25.0649" lon="121.61719000000001">
        <time>2023-05-01T06:36:41.924Z</time>
        <ele>7.796928886488862</ele>
      </trkpt>
      <trkpt lat="25.06474" lon="121.61678">
        <time>2023-05-01T06:36:47.924Z</time>
        <ele>7.49385059847398</ele>
      </trkpt>
      <trkpt lat="25.064680000000003" lon="121.61648000000001">
        <time>2023-05-01T06:36:53.924Z</time>
        <ele>7.292132838727045</ele>
      </trkpt>
      <trkpt lat="25.064690000000002" lon="121.6162">
        <time>2023-05-01T06:36:59.924Z</time>
        <ele>7.108107211343269</ele>
      </trkpt>
      <trkpt lat="25.0651" lon="121.61485">
        <time>2023-05-01T06:37:05.924Z</time>
        <ele>6.50586469850861</ele>
      </trkpt>
      <trkpt lat="25.065260000000002" lon="121.61423">
        <time>2023-05-01T06:37:11.924Z</time>
        <ele>6.5084041732533855</ele>
      </trkpt>
      <trkpt lat="25.065330000000003" lon="121.61377000000002">
        <time>2023-05-01T06:37:17.924Z</time>
        <ele>6.510242068339907</ele>
      </trkpt>
      <trkpt lat="25.06527" lon="121.61327000000001">
        <time>2023-05-01T06:37:23.924Z</time>
        <ele>6.512229496900763</ele>
      </trkpt>
      <trkpt lat="25.064950000000003" lon="121.61253">
        <time>2023-05-01T06:37:29.924Z</time>
        <ele>6.97374638809989</ele>
      </trkpt>
      <trkpt lat="25.06462" lon="121.61210000000001">
        <time>2023-05-01T06:37:35.924Z</time>
        <ele>7.488015312878912</ele>
      </trkpt>
      <trkpt lat="25.064500000000002" lon="121.61197000000001">
        <time>2023-05-01T06:37:41.924Z</time>
        <ele>7.657297208149838</ele>
      </trkpt>
      <trkpt lat="25.06434" lon="121.61184000000002">
        <time>2023-05-01T06:37:47.924Z</time>
        <ele>7.8571702731005315</ele>
      </trkpt>
      <trkpt lat="25.064190000000004" lon="121.61176">
        <time>2023-05-01T06:37:53.924Z</time>
        <ele>7.876675464398861</ele>
      </trkpt>
      <trkpt lat="25.064030000000002" lon="121.61167">
        <time>2023-05-01T06:37:59.924Z</time>
        <ele>7.861598141391739</ele>
      </trkpt>
      <trkpt lat="25.063830000000003" lon="121.61157000000001">
        <time>2023-05-01T06:38:05.924Z</time>
        <ele>7.84316728495653</ele>
      </trkpt>
      <trkpt lat="25.0637" lon="121.61149">
        <time>2023-05-01T06:38:11.924Z</time>
        <ele>7.830668737351557</ele>
      </trkpt>
      <trkpt lat="25.06352" lon="121.61125000000001">
        <time>2023-05-01T06:38:17.924Z</time>
        <ele>7.806919955837614</ele>
      </trkpt>
      <trkpt lat="25.062980000000003" lon="121.61078">
        <time>2023-05-01T06:38:23.924Z</time>
        <ele>7.749126965603306</ele>
      </trkpt>
      <trkpt lat="25.062590000000004" lon="121.61040000000001">
        <time>2023-05-01T06:38:29.924Z</time>
        <ele>7.7053954641696905</ele>
      </trkpt>
      <trkpt lat="25.06227" lon="121.61021000000001">
        <time>2023-05-01T06:38:35.924Z</time>
        <ele>7.535825915156913</ele>
      </trkpt>
      <trkpt lat="25.062120000000004" lon="121.61034000000001">
        <time>2023-05-01T06:38:41.924Z</time>
        <ele>7.415192242551798</ele>
      </trkpt>
      <trkpt lat="25.06191" lon="121.61037">
        <time>2023-05-01T06:38:47.924Z</time>
        <ele>7.281514005476645</ele>
      </trkpt>
      <trkpt lat="25.061750000000004" lon="121.61024">
        <time>2023-05-01T06:38:53.924Z</time>
        <ele>7.155864656886436</ele>
      </trkpt>
      <trkpt lat="25.06154" lon="121.61001000000002">
        <time>2023-05-01T06:38:59.924Z</time>
        <ele>6.968619344785498</ele>
      </trkpt>
      <trkpt lat="25.06106" lon="121.60931000000001">
        <time>2023-05-01T06:39:05.924Z</time>
        <ele>6.464834770228572</ele>
      </trkpt>
      <trkpt lat="25.06069" lon="121.60866000000001">
        <time>2023-05-01T06:39:11.924Z</time>
        <ele>6.272727050652342</ele>
      </trkpt>
      <trkpt lat="25.060460000000003" lon="121.60826000000002">
        <time>2023-05-01T06:39:17.924Z</time>
        <ele>6.15523157925033</ele>
      </trkpt>
      <trkpt lat="25.060370000000002" lon="121.60796">
        <time>2023-05-01T06:39:23.924Z</time>
        <ele>6.175264805282345</ele>
      </trkpt>
      <trkpt lat="25.059980000000003" lon="121.60633000000001">
        <time>2023-05-01T06:39:29.924Z</time>
        <ele>6.333841827125081</ele>
      </trkpt>
      <trkpt lat="25.059710000000003" lon="121.60489000000001">
        <time>2023-05-01T06:39:35.924Z</time>
        <ele>6.20676036944484</ele>
      </trkpt>
      <trkpt lat="25.05957" lon="121.60390000000001">
        <time>2023-05-01T06:39:41.924Z</time>
        <ele>6.105228358140847</ele>
      </trkpt>
      <trkpt lat="25.05956" lon="121.60357">
        <time>2023-05-01T06:39:47.924Z</time>
        <ele>6.047223175548441</ele>
      </trkpt>
      <trkpt lat="25.05956" lon="121.6033">
        <time>2023-05-01T06:39:53.924Z</time>
        <ele>5.964721985178702</ele>
      </trkpt>
      <trkpt lat="25.059520000000003" lon="121.60303">
        <time>2023-05-01T06:39:59.924Z</time>
        <ele>5.881136708775973</ele>
      </trkpt>
      <trkpt lat="25.05957" lon="121.60274000000001">
        <time>2023-05-01T06:40:05.924Z</time>
        <ele>5.790950870977773</ele>
      </trkpt>
      <trkpt lat="25.059530000000002" lon="121.60241">
        <time>2023-05-01T06:40:11.924Z</time>
        <ele>5.689227196359927</ele>
      </trkpt>
      <trkpt lat="25.059430000000003" lon="121.60092000000002">
        <time>2023-05-01T06:40:17.924Z</time>
        <ele>5.641659518117804</ele>
      </trkpt>
      <trkpt lat="25.059490000000004" lon="121.60052">
        <time>2023-05-01T06:40:23.924Z</time>
        <ele>5.651369835898304</ele>
      </trkpt>
      <trkpt lat="25.059690000000003" lon="121.60044">
        <time>2023-05-01T06:40:29.924Z</time>
        <ele>5.6560205349618515</ele>
      </trkpt>
      <trkpt lat="25.059790000000003" lon="121.60029000000002">
        <time>2023-05-01T06:40:35.924Z</time>
        <ele>5.659345209060732</ele>
      </trkpt>
      <trkpt lat="25.059800000000003" lon="121.60005000000001">
        <time>2023-05-01T06:40:41.924Z</time>
        <ele>5.663642290682704</ele>
      </trkpt>
      <trkpt lat="25.059780000000003" lon="121.59931000000002">
        <time>2023-05-01T06:40:47.924Z</time>
        <ele>5.676883610982717</ele>
      </trkpt>
      <trkpt lat="25.059790000000003" lon="121.59874">
        <time>2023-05-01T06:40:53.924Z</time>
        <ele>5.687080410769095</ele>
      </trkpt>
      <trkpt lat="25.059900000000003" lon="121.59811">
        <time>2023-05-01T06:40:59.924Z</time>
        <ele>5.698553611577974</ele>
      </trkpt>
      <trkpt lat="25.06005" lon="121.59759000000001">
        <time>2023-05-01T06:41:05.924Z</time>
        <ele>5.708309454474465</ele>
      </trkpt>
      <trkpt lat="25.060250000000003" lon="121.59699">
        <time>2023-05-01T06:41:11.924Z</time>
        <ele>5.650998554190021</ele>
      </trkpt>
      <trkpt lat="25.060360000000003" lon="121.59669000000001">
        <time>2023-05-01T06:41:17.924Z</time>
        <ele>5.582769369632362</ele>
      </trkpt>
      <trkpt lat="25.060380000000002" lon="121.59649">
        <time>2023-05-01T06:41:23.924Z</time>
        <ele>5.540320187775844</ele>
      </trkpt>
      <trkpt lat="25.0605" lon="121.59615000000001">
        <time>2023-05-01T06:41:29.924Z</time>
        <ele>5.428830426743495</ele>
      </trkpt>
      <trkpt lat="25.060660000000002" lon="121.59604000000002">
        <time>2023-05-01T06:41:35.924Z</time>
        <ele>5.353157530994483</ele>
      </trkpt>
      <trkpt lat="25.060760000000002" lon="121.59572000000001">
        <time>2023-05-01T06:41:41.924Z</time>
        <ele>5.229635135197393</ele>
      </trkpt>
      <trkpt lat="25.060900000000004" lon="121.59495000000001">
        <time>2023-05-01T06:41:47.924Z</time>
        <ele>4.942948861394251</ele>
      </trkpt>
      <trkpt lat="25.06097" lon="121.59435">
        <time>2023-05-01T06:41:53.924Z</time>
        <ele>4.780472824818714</ele>
      </trkpt>
      <trkpt lat="25.06086" lon="121.59362000000002">
        <time>2023-05-01T06:41:59.924Z</time>
        <ele>4.72433390363351</ele>
      </trkpt>
      <trkpt lat="25.06061" lon="121.59290000000001">
        <time>2023-05-01T06:42:05.924Z</time>
        <ele>4.665871923902812</ele>
      </trkpt>
      <trkpt lat="25.06033" lon="121.59235000000001">
        <time>2023-05-01T06:42:11.924Z</time>
        <ele>4.488461720324009</ele>
      </trkpt>
      <trkpt lat="25.059820000000002" lon="121.59166">
        <time>2023-05-01T06:42:17.924Z</time>
        <ele>4.179850966424257</ele>
      </trkpt>
      <trkpt lat="25.059250000000002" lon="121.59088000000001">
        <time>2023-05-01T06:42:23.924Z</time>
        <ele>4.070897314015321</ele>
      </trkpt>
      <trkpt lat="25.058580000000003" lon="121.58994000000001">
        <time>2023-05-01T06:42:29.924Z</time>
        <ele>4.251199865829075</ele>
      </trkpt>
      <trkpt lat="25.058010000000003" lon="121.58922000000001">
        <time>2023-05-01T06:42:35.924Z</time>
        <ele>4.372395195907512</ele>
      </trkpt>
      <trkpt lat="25.05732" lon="121.58821">
        <time>2023-05-01T06:42:41.924Z</time>
        <ele>4.480375454453847</ele>
      </trkpt>
      <trkpt lat="25.056980000000003" lon="121.58758000000002">
        <time>2023-05-01T06:42:47.924Z</time>
        <ele>4.520614446218577</ele>
      </trkpt>
      <trkpt lat="25.056410000000003" lon="121.58638">
        <time>2023-05-01T06:42:53.924Z</time>
        <ele>4.469341569081049</ele>
      </trkpt>
      <trkpt lat="25.055930000000004" lon="121.58545000000001">
        <time>2023-05-01T06:42:59.924Z</time>
        <ele>4.947695269174282</ele>
      </trkpt>
      <trkpt lat="25.05533" lon="121.5841">
        <time>2023-05-01T06:43:05.924Z</time>
        <ele>5.063923559779491</ele>
      </trkpt>
      <trkpt lat="25.054930000000002" lon="121.58326000000001">
        <time>2023-05-01T06:43:11.924Z</time>
        <ele>5.027650222227836</ele>
      </trkpt>
      <trkpt lat="25.05468" lon="121.58273000000001">
        <time>2023-05-01T06:43:17.924Z</time>
        <ele>4.943049950547388</ele>
      </trkpt>
      <trkpt lat="25.05451" lon="121.58223000000001">
        <time>2023-05-01T06:43:23.924Z</time>
        <ele>4.853710242418127</ele>
      </trkpt>
      <trkpt lat="25.05423" lon="121.58178000000001">
        <time>2023-05-01T06:43:29.924Z</time>
        <ele>4.553378566578326</ele>
      </trkpt>
      <trkpt lat="25.053890000000003" lon="121.58124000000001">
        <time>2023-05-01T06:43:35.924Z</time>
        <ele>4.081164356277702</ele>
      </trkpt>
      <trkpt lat="25.053590000000003" lon="121.58001000000002">
        <time>2023-05-01T06:43:41.924Z</time>
        <ele>2.8518003976074535</ele>
      </trkpt>
      <trkpt lat="25.053150000000002" lon="121.57792">
        <time>2023-05-01T06:43:47.924Z</time>
        <ele>0.11662339381472303</ele>
      </trkpt>
      <trkpt lat="25.052950000000003" lon="121.57698">
        <time>2023-05-01T06:43:53.924Z</time>
        <ele>0.34394337244949647</ele>
      </trkpt>
      <trkpt lat="25.05282" lon="121.57629000000001">
        <time>2023-05-01T06:43:59.924Z</time>
        <ele>0.6360602487728781</ele>
      </trkpt>
      <trkpt lat="25.05271" lon="121.57572">
        <time>2023-05-01T06:44:05.924Z</time>
        <ele>0.9328680841305523</ele>
      </trkpt>
      <trkpt lat="25.052650000000003" lon="121.57505">
        <time>2023-05-01T06:44:11.924Z</time>
        <ele>1.2758179707715684</ele>
      </trkpt>
      <trkpt lat="25.05263" lon="121.57434">
        <time>2023-05-01T06:44:17.924Z</time>
        <ele>1.5539729190182903</ele>
      </trkpt>
      <trkpt lat="25.05271" lon="121.57379000000002">
        <time>2023-05-01T06:44:23.924Z</time>
        <ele>0.9335899178372782</ele>
      </trkpt>
      <trkpt lat="25.053020000000004" lon="121.57323000000001">
        <time>2023-05-01T06:44:29.924Z</time>
        <ele>0.20368435129962575</ele>
      </trkpt>
      <trkpt lat="25.05327" lon="121.57287000000001">
        <time>2023-05-01T06:44:35.924Z</time>
        <ele>0.006141416747054814</ele>
      </trkpt>
      <trkpt lat="25.053680000000004" lon="121.57262000000001">
        <time>2023-05-01T06:44:41.924Z</time>
        <ele>0.00436338539698492</ele>
      </trkpt>
      <trkpt lat="25.054100000000002" lon="121.57249000000002">
        <time>2023-05-01T06:44:47.924Z</time>
        <ele>0.0027090399778160255</ele>
      </trkpt>
      <trkpt lat="25.05459" lon="121.57246">
        <time>2023-05-01T06:44:53.924Z</time>
        <ele>0.0008485098434103904</ele>
      </trkpt>
      <trkpt lat="25.05514" lon="121.57248000000001">
        <time>2023-05-01T06:44:59.924Z</time>
        <ele>0.3142361701337607</ele>
      </trkpt>
      <trkpt lat="25.05536" lon="121.57248000000001">
        <time>2023-05-01T06:45:05.924Z</time>
        <ele>0.5259817741187356</ele>
      </trkpt>
      <trkpt lat="25.05599" lon="121.57238000000001">
        <time>2023-05-01T06:45:11.924Z</time>
        <ele>1.1386496838954476</ele>
      </trkpt>
      <trkpt lat="25.05666" lon="121.57233000000001">
        <time>2023-05-01T06:45:17.924Z</time>
        <ele>1.646331483666636</ele>
      </trkpt>
      <trkpt lat="25.057620000000004" lon="121.57223">
        <time>2023-05-01T06:45:23.924Z</time>
        <ele>0.7721347128996868</ele>
      </trkpt>
      <trkpt lat="25.05863" lon="121.57202000000001">
        <time>2023-05-01T06:45:29.924Z</time>
        <ele>0</ele>
      </trkpt>
      <trkpt lat="25.05993" lon="121.57168000000001">
        <time>2023-05-01T06:45:35.924Z</time>
        <ele>0</ele>
      </trkpt>
      <trkpt lat="25.060200000000002" lon="121.57159000000001">
        <time>2023-05-01T06:45:41.924Z</time>
        <ele>0</ele>
      </trkpt>
      <trkpt lat="25.06058" lon="121.57167000000001">
        <time>2023-05-01T06:45:47.924Z</time>
        <ele>0.16520259144087746</ele>
      </trkpt>
      <trkpt lat="25.060570000000002" lon="121.57172000000001">
        <time>2023-05-01T06:45:53.924Z</time>
        <ele>0.19218852441180473</ele>
      </trkpt>
      <trkpt lat="25.060340000000004" lon="121.57206000000001">
        <time>2023-05-01T06:45:59.924Z</time>
        <ele>0.41544554866113764</ele>
      </trkpt>
      <trkpt lat="25.06125" lon="121.57194000000001">
        <time>2023-05-01T06:46:05.924Z</time>
        <ele>0.945888272708814</ele>
      </trkpt>
      <trkpt lat="25.061580000000003" lon="121.57239000000001">
        <time>2023-05-01T06:46:11.924Z</time>
        <ele>1.250435737186455</ele>
      </trkpt>
      <trkpt lat="25.06172" lon="121.57241">
        <time>2023-05-01T06:46:17.924Z</time>
        <ele>1.376996116321435</ele>
      </trkpt>
      <trkpt lat="25.063250000000004" lon="121.57220000000001">
        <time>2023-05-01T06:46:23.924Z</time>
        <ele>3.263358021835338</ele>
      </trkpt>
      <trkpt lat="25.064320000000002" lon="121.57211000000001">
        <time>2023-05-01T06:46:29.924Z</time>
        <ele>3.25275914954359</ele>
      </trkpt>
      <trkpt lat="25.065060000000003" lon="121.57207000000001">
        <time>2023-05-01T06:46:35.924Z</time>
        <ele>3.4696580674128694</ele>
      </trkpt>
      <trkpt lat="25.06546" lon="121.57204000000002">
        <time>2023-05-01T06:46:41.924Z</time>
        <ele>3.660484717324925</ele>
      </trkpt>
      <trkpt lat="25.065820000000002" lon="121.57201">
        <time>2023-05-01T06:46:47.924Z</time>
        <ele>3.832322244599627</ele>
      </trkpt>
      <trkpt lat="25.06613" lon="121.57190000000001">
        <time>2023-05-01T06:46:53.924Z</time>
        <ele>3.9873837972542665</ele>
      </trkpt>
      <trkpt lat="25.06641" lon="121.57178">
        <time>2023-05-01T06:46:59.924Z</time>
        <ele>4.13044549461012</ele>
      </trkpt>
      <trkpt lat="25.06669" lon="121.57177000000001">
        <time>2023-05-01T06:47:05.924Z</time>
        <ele>4.076239126585538</ele>
      </trkpt>
      <trkpt lat="25.0668" lon="121.57185000000001">
        <time>2023-05-01T06:47:11.924Z</time>
        <ele>4.041370633359206</ele>
      </trkpt>
      <trkpt lat="25.06687" lon="121.57201">
        <time>2023-05-01T06:47:17.924Z</time>
        <ele>3.9986463585935224</ele>
      </trkpt>
      <trkpt lat="25.067040000000002" lon="121.57203000000001">
        <time>2023-05-01T06:47:23.924Z</time>
        <ele>3.953464003571757</ele>
      </trkpt>
      <trkpt lat="25.06718" lon="121.57192">
        <time>2023-05-01T06:47:29.924Z</time>
        <ele>3.9079687618607846</ele>
      </trkpt>
      <trkpt lat="25.06745" lon="121.57199000000001">
        <time>2023-05-01T06:47:35.924Z</time>
        <ele>3.834654670201079</ele>
      </trkpt>
      <trkpt lat="25.0679" lon="121.57216000000001">
        <time>2023-05-01T06:47:41.924Z</time>
        <ele>3.7414958927909723</ele>
      </trkpt>
      <trkpt lat="25.068350000000002" lon="121.57235000000001">
        <time>2023-05-01T06:47:47.924Z</time>
        <ele>3.8842915872070938</ele>
      </trkpt>
      <trkpt lat="25.06884" lon="121.57259">
        <time>2023-05-01T06:47:53.924Z</time>
        <ele>4.043205065886004</ele>
      </trkpt>
      <trkpt lat="25.069360000000003" lon="121.57274000000001">
        <time>2023-05-01T06:47:59.924Z</time>
        <ele>4.132169824911415</ele>
      </trkpt>
      <trkpt lat="25.0698" lon="121.57283000000001">
        <time>2023-05-01T06:48:05.924Z</time>
        <ele>3.9785415946957086</ele>
      </trkpt>
      <trkpt lat="25.07025" lon="121.5729">
        <time>2023-05-01T06:48:11.924Z</time>
        <ele>3.8225368962319486</ele>
      </trkpt>
      <trkpt lat="25.070940000000004" lon="121.57289000000002">
        <time>2023-05-01T06:48:17.924Z</time>
        <ele>3.6386772351452614</ele>
      </trkpt>
      <trkpt lat="25.071520000000003" lon="121.57288000000001">
        <time>2023-05-01T06:48:23.924Z</time>
        <ele>3.5771579906641304</ele>
      </trkpt>
      <trkpt lat="25.07203" lon="121.57287000000001">
        <time>2023-05-01T06:48:29.924Z</time>
        <ele>3.5230615226738404</ele>
      </trkpt>
      <trkpt lat="25.072830000000003" lon="121.57280000000002">
        <time>2023-05-01T06:48:35.924Z</time>
        <ele>3.5095778501084873</ele>
      </trkpt>
      <trkpt lat="25.073490000000003" lon="121.57257000000001">
        <time>2023-05-01T06:48:41.924Z</time>
        <ele>3.758800799260926</ele>
      </trkpt>
      <trkpt lat="25.07382" lon="121.57242000000001">
        <time>2023-05-01T06:48:47.924Z</time>
        <ele>3.887349033409561</ele>
      </trkpt>
      <trkpt lat="25.074550000000002" lon="121.57199000000001">
        <time>2023-05-01T06:48:53.924Z</time>
        <ele>3.6856127065685196</ele>
      </trkpt>
      <trkpt lat="25.07515" lon="121.5716">
        <time>2023-05-01T06:48:59.924Z</time>
        <ele>3.17701315850654</ele>
      </trkpt>
      <trkpt lat="25.075550000000003" lon="121.57134">
        <time>2023-05-01T06:49:05.924Z</time>
        <ele>2.837947133528382</ele>
      </trkpt>
      <trkpt lat="25.076040000000003" lon="121.57092000000002">
        <time>2023-05-01T06:49:11.924Z</time>
        <ele>2.3845136208855373</ele>
      </trkpt>
      <trkpt lat="25.076290000000004" lon="121.57075">
        <time>2023-05-01T06:49:17.924Z</time>
        <ele>2.170016678576009</ele>
      </trkpt>
      <trkpt lat="25.076500000000003" lon="121.57047000000001">
        <time>2023-05-01T06:49:23.924Z</time>
        <ele>1.929050151104634</ele>
      </trkpt>
      <trkpt lat="25.076690000000003" lon="121.57011000000001">
        <time>2023-05-01T06:49:29.924Z</time>
        <ele>1.7486780088087703</ele>
      </trkpt>
      <trkpt lat="25.076810000000002" lon="121.56973">
        <time>2023-05-01T06:49:35.924Z</time>
        <ele>1.7275560890578658</ele>
      </trkpt>
      <trkpt lat="25.076860000000003" lon="121.56941">
        <time>2023-05-01T06:49:41.924Z</time>
        <ele>1.7105052472915787</ele>
      </trkpt>
      <trkpt lat="25.076860000000003" lon="121.56905">
        <time>2023-05-01T06:49:47.924Z</time>
        <ele>1.6915992720640118</ele>
      </trkpt>
      <trkpt lat="25.07673" lon="121.56856">
        <time>2023-05-01T06:49:53.924Z</time>
        <ele>1.9256831773036498</ele>
      </trkpt>
      <trkpt lat="25.07637" lon="121.56785">
        <time>2023-05-01T06:49:59.924Z</time>
        <ele>2.32968416445664</ele>
      </trkpt>
      <trkpt lat="25.07599" lon="121.56720000000001">
        <time>2023-05-01T06:50:05.924Z</time>
        <ele>2.2626590474741333</ele>
      </trkpt>
      <trkpt lat="25.07524" lon="121.56594000000001">
        <time>2023-05-01T06:50:11.924Z</time>
        <ele>2.330321909385862</ele>
      </trkpt>
      <trkpt lat="25.074740000000002" lon="121.56513000000001">
        <time>2023-05-01T06:50:17.924Z</time>
        <ele>3.3004924893475915</ele>
      </trkpt>
      <trkpt lat="25.07412" lon="121.56407000000002">
        <time>2023-05-01T06:50:23.924Z</time>
        <ele>4.5495233640316535</ele>
      </trkpt>
      <trkpt lat="25.073680000000003" lon="121.56323">
        <time>2023-05-01T06:50:29.924Z</time>
        <ele>5.510285249292602</ele>
      </trkpt>
      <trkpt lat="25.07356" lon="121.56280000000001">
        <time>2023-05-01T06:50:35.924Z</time>
        <ele>5.956188130196042</ele>
      </trkpt>
      <trkpt lat="25.073510000000002" lon="121.5626">
        <time>2023-05-01T06:50:41.924Z</time>
        <ele>6.161819781065411</ele>
      </trkpt>
      <trkpt lat="25.073500000000003" lon="121.56223000000001">
        <time>2023-05-01T06:50:47.924Z</time>
        <ele>6.528830566134637</ele>
      </trkpt>
      <trkpt lat="25.07355" lon="121.56193">
        <time>2023-05-01T06:50:53.924Z</time>
        <ele>6.831215173415588</ele>
      </trkpt>
      <trkpt lat="25.07354" lon="121.56161000000002">
        <time>2023-05-01T06:50:59.924Z</time>
        <ele>7.148676844610498</ele>
      </trkpt>
      <trkpt lat="25.07354" lon="121.56131">
        <time>2023-05-01T06:51:05.924Z</time>
        <ele>7.275334105554285</ele>
      </trkpt>
      <trkpt lat="25.073670000000003" lon="121.56102000000001">
        <time>2023-05-01T06:51:11.924Z</time>
        <ele>6.735719827047725</ele>
      </trkpt>
      <trkpt lat="25.073850000000004" lon="121.56062000000001">
        <time>2023-05-01T06:51:17.924Z</time>
        <ele>5.990865902246803</ele>
      </trkpt>
      <trkpt lat="25.074050000000003" lon="121.56026000000001">
        <time>2023-05-01T06:51:23.924Z</time>
        <ele>5.28686789455975</ele>
      </trkpt>
      <trkpt lat="25.074160000000003" lon="121.56007000000001">
        <time>2023-05-01T06:51:29.924Z</time>
        <ele>4.911006918810831</ele>
      </trkpt>
      <trkpt lat="25.074350000000003" lon="121.55991000000002">
        <time>2023-05-01T06:51:35.924Z</time>
        <ele>4.472091469544235</ele>
      </trkpt>
      <trkpt lat="25.07458" lon="121.55987">
        <time>2023-05-01T06:51:41.924Z</time>
        <ele>4.045237771379247</ele>
      </trkpt>
      <trkpt lat="25.07477" lon="121.55974">
        <time>2023-05-01T06:51:47.924Z</time>
        <ele>3.8508098252175893</ele>
      </trkpt>
      <trkpt lat="25.074830000000002" lon="121.55968000000001">
        <time>2023-05-01T06:51:53.924Z</time>
        <ele>3.7963182911836686</ele>
      </trkpt>
      <trkpt lat="25.07497" lon="121.55948000000001">
        <time>2023-05-01T06:51:59.924Z</time>
        <ele>3.6420610446873196</ele>
      </trkpt>
      <trkpt lat="25.07515" lon="121.55932000000001">
        <time>2023-05-01T06:52:05.924Z</time>
        <ele>3.4865589186113457</ele>
      </trkpt>
      <trkpt lat="25.075390000000002" lon="121.55933000000002">
        <time>2023-05-01T06:52:11.924Z</time>
        <ele>3.3252952410026184</ele>
      </trkpt>
      <trkpt lat="25.07571" lon="121.55931000000001">
        <time>2023-05-01T06:52:17.924Z</time>
        <ele>3.110083836241606</ele>
      </trkpt>
      <trkpt lat="25.075920000000004" lon="121.55926000000001">
        <time>2023-05-01T06:52:23.924Z</time>
        <ele>2.965802500356438</ele>
      </trkpt>
      <trkpt lat="25.076020000000003" lon="121.55913000000001">
        <time>2023-05-01T06:52:29.924Z</time>
        <ele>2.8617428802167404</ele>
      </trkpt>
      <trkpt lat="25.076050000000002" lon="121.55894">
        <time>2023-05-01T06:52:35.924Z</time>
        <ele>2.743820026203642</ele>
      </trkpt>
      <trkpt lat="25.076" lon="121.55876">
        <time>2023-05-01T06:52:41.924Z</time>
        <ele>2.56301752888525</ele>
      </trkpt>
      <trkpt lat="25.076010000000004" lon="121.55851000000001">
        <time>2023-05-01T06:52:47.924Z</time>
        <ele>2.3056018448557953</ele>
      </trkpt>
      <trkpt lat="25.07607" lon="121.55832000000001">
        <time>2023-05-01T06:52:53.924Z</time>
        <ele>2.0987389678867343</ele>
      </trkpt>
      <trkpt lat="25.07627" lon="121.55799">
        <time>2023-05-01T06:52:59.924Z</time>
        <ele>1.690986549406681</ele>
      </trkpt>
      <trkpt lat="25.07626" lon="121.55783000000001">
        <time>2023-05-01T06:53:05.924Z</time>
        <ele>1.5260124293976474</ele>
      </trkpt>
      <trkpt lat="25.076310000000003" lon="121.55770000000001">
        <time>2023-05-01T06:53:11.924Z</time>
        <ele>1.3808498986500324</ele>
      </trkpt>
      <trkpt lat="25.07654" lon="121.55752000000001">
        <time>2023-05-01T06:53:17.924Z</time>
        <ele>1.3616977822695724</ele>
      </trkpt>
      <trkpt lat="25.07675" lon="121.55728">
        <time>2023-05-01T06:53:23.924Z</time>
        <ele>1.4499825656784346</ele>
      </trkpt>
      <trkpt lat="25.076770000000003" lon="121.55717000000001">
        <time>2023-05-01T06:53:29.924Z</time>
        <ele>1.516941673497461</ele>
      </trkpt>
      <trkpt lat="25.07672" lon="121.55701">
        <time>2023-05-01T06:53:35.924Z</time>
        <ele>1.6179181017398352</ele>
      </trkpt>
      <trkpt lat="25.07665" lon="121.55687">
        <time>2023-05-01T06:53:41.924Z</time>
        <ele>1.713255720600412</ele>
      </trkpt>
      <trkpt lat="25.07646" lon="121.55638">
        <time>2023-05-01T06:53:47.924Z</time>
        <ele>1.380832836950073</ele>
      </trkpt>
      <trkpt lat="25.07625" lon="121.55588000000002">
        <time>2023-05-01T06:53:53.924Z</time>
        <ele>0.9727756563263035</ele>
      </trkpt>
      <trkpt lat="25.076230000000002" lon="121.55547000000001">
        <time>2023-05-01T06:53:59.924Z</time>
        <ele>0.6684863655798637</ele>
      </trkpt>
      <trkpt lat="25.076330000000002" lon="121.55423">
        <time>2023-05-01T06:54:05.924Z</time>
        <ele>0.05183617320918205</ele>
      </trkpt>
      <trkpt lat="25.07655" lon="121.55252000000002">
        <time>2023-05-01T06:54:11.924Z</time>
        <ele>0.01613261781575528</ele>
      </trkpt>
      <trkpt lat="25.07663" lon="121.55090000000001">
        <time>2023-05-01T06:54:17.924Z</time>
        <ele>0.18441521642643463</ele>
      </trkpt>
      <trkpt lat="25.07675" lon="121.54912000000002">
        <time>2023-05-01T06:54:23.924Z</time>
        <ele>1.252496086358277</ele>
      </trkpt>
      <trkpt lat="25.076870000000003" lon="121.54783">
        <time>2023-05-01T06:54:29.924Z</time>
        <ele>2.836903319239675</ele>
      </trkpt>
      <trkpt lat="25.07692" lon="121.5473">
        <time>2023-05-01T06:54:35.924Z</time>
        <ele>2.7670350719281624</ele>
      </trkpt>
      <trkpt lat="25.07703" lon="121.54660000000001">
        <time>2023-05-01T06:54:41.924Z</time>
        <ele>1.4841846697221162</ele>
      </trkpt>
      <trkpt lat="25.07712" lon="121.54649">
        <time>2023-05-01T06:54:47.924Z</time>
        <ele>1.2171386718564674</ele>
      </trkpt>
      <trkpt lat="25.077280000000002" lon="121.54627">
        <time>2023-05-01T06:54:53.924Z</time>
        <ele>0.7086940358755872</ele>
      </trkpt>
      <trkpt lat="25.07729" lon="121.54566000000001">
        <time>2023-05-01T06:54:59.924Z</time>
        <ele>0.05028433782904926</ele>
      </trkpt>
      <trkpt lat="25.07722" lon="121.54497">
        <time>2023-05-01T06:55:05.924Z</time>
        <ele>0.12393944041554215</ele>
      </trkpt>
      <trkpt lat="25.077230000000004" lon="121.54449000000001">
        <time>2023-05-01T06:55:11.924Z</time>
        <ele>0.17487614996050171</ele>
      </trkpt>
      <trkpt lat="25.0773" lon="121.54324000000001">
        <time>2023-05-01T06:55:17.924Z</time>
        <ele>0.30773955093889976</ele>
      </trkpt>
      <trkpt lat="25.077520000000003" lon="121.53922000000001">
        <time>2023-05-01T06:55:23.924Z</time>
        <ele>0.20834204791216174</ele>
      </trkpt>
      <trkpt lat="25.07757" lon="121.53718">
        <time>2023-05-01T06:55:29.924Z</time>
        <ele>0.6502739901768481</ele>
      </trkpt>
      <trkpt lat="25.077700000000004" lon="121.53514000000001">
        <time>2023-05-01T06:55:35.924Z</time>
        <ele>0.23298047929328314</ele>
      </trkpt>
      <trkpt lat="25.077840000000002" lon="121.53379000000001">
        <time>2023-05-01T06:55:41.924Z</time>
        <ele>0.1133141645210576</ele>
      </trkpt>
      <trkpt lat="25.07777" lon="121.53330000000001">
        <time>2023-05-01T06:55:47.924Z</time>
        <ele>0.05308601705269486</ele>
      </trkpt>
      <trkpt lat="25.07775" lon="121.5331">
        <time>2023-05-01T06:55:53.924Z</time>
        <ele>0.02865408767902739</ele>
      </trkpt>
      <trkpt lat="25.077820000000003" lon="121.53272000000001">
        <time>2023-05-01T06:55:59.924Z</time>
        <ele>0.056378791155548065</ele>
      </trkpt>
      <trkpt lat="25.07788" lon="121.53216">
        <time>2023-05-01T06:56:05.924Z</time>
        <ele>0.2659046134114329</ele>
      </trkpt>
      <trkpt lat="25.07795" lon="121.53149">
        <time>2023-05-01T06:56:11.924Z</time>
        <ele>0.5165030809586306</ele>
      </trkpt>
      <trkpt lat="25.07787" lon="121.53047000000001">
        <time>2023-05-01T06:56:17.924Z</time>
        <ele>0.6210162970014623</ele>
      </trkpt>
      <trkpt lat="25.07777" lon="121.52994000000001">
        <time>2023-05-01T06:56:23.924Z</time>
        <ele>0.5027750127726474</ele>
      </trkpt>
      <trkpt lat="25.0776" lon="121.52898">
        <time>2023-05-01T06:56:29.924Z</time>
        <ele>0.2891275874297839</ele>
      </trkpt>
      <trkpt lat="25.07729" lon="121.52845">
        <time>2023-05-01T06:56:35.924Z</time>
        <ele>0.19136115908923187</ele>
      </trkpt>
      <trkpt lat="25.07719" lon="121.52826">
        <time>2023-05-01T06:56:41.924Z</time>
        <ele>0.1623774687464046</ele>
      </trkpt>
      <trkpt lat="25.07684" lon="121.52781000000002">
        <time>2023-05-01T06:56:47.924Z</time>
        <ele>0.08421853901285431</ele>
      </trkpt>
      <trkpt lat="25.07663" lon="121.52753000000001">
        <time>2023-05-01T06:56:53.924Z</time>
        <ele>0.03631107289924559</ele>
      </trkpt>
      <trkpt lat="25.07647" lon="121.52735000000001">
        <time>2023-05-01T06:56:59.924Z</time>
        <ele>0.0030905684083456656</ele>
      </trkpt>
      <trkpt lat="25.076290000000004" lon="121.52721000000001">
        <time>2023-05-01T06:57:05.924Z</time>
        <ele>0</ele>
      </trkpt>
      <trkpt lat="25.076110000000003" lon="121.52716000000001">
        <time>2023-05-01T06:57:11.924Z</time>
        <ele>0</ele>
      </trkpt>
      <trkpt lat="25.075850000000003" lon="121.52715">
        <time>2023-05-01T06:57:17.924Z</time>
        <ele>0</ele>
      </trkpt>
      <trkpt lat="25.07543" lon="121.52716000000001">
        <time>2023-05-01T06:57:23.924Z</time>
        <ele>0</ele>
      </trkpt>
      <trkpt lat="25.075190000000003" lon="121.52711000000001">
        <time>2023-05-01T06:57:29.924Z</time>
        <ele>0</ele>
      </trkpt>
      <trkpt lat="25.07457" lon="121.52732">
        <time>2023-05-01T06:57:35.924Z</time>
        <ele>0</ele>
      </trkpt>
      <trkpt lat="25.074340000000003" lon="121.52747000000001">
        <time>2023-05-01T06:57:41.924Z</time>
        <ele>0</ele>
      </trkpt>
      <trkpt lat="25.07412" lon="121.52759">
        <time>2023-05-01T06:57:47.924Z</time>
        <ele>0</ele>
      </trkpt>
      <trkpt lat="25.073790000000002" lon="121.52756000000001">
        <time>2023-05-01T06:57:53.924Z</time>
        <ele>0</ele>
      </trkpt>
      <trkpt lat="25.073600000000003" lon="121.52749000000001">
        <time>2023-05-01T06:57:59.924Z</time>
        <ele>0</ele>
      </trkpt>
      <trkpt lat="25.07337" lon="121.52719">
        <time>2023-05-01T06:58:05.924Z</time>
        <ele>0</ele>
      </trkpt>
      <trkpt lat="25.07327" lon="121.52683">
        <time>2023-05-01T06:58:11.924Z</time>
        <ele>0.00007097645102284842</ele>
      </trkpt>
      <trkpt lat="25.07334" lon="121.52645000000001">
        <time>2023-05-01T06:58:17.924Z</time>
        <ele>0.00017795674143020635</ele>
      </trkpt>
      <trkpt lat="25.073490000000003" lon="121.52617000000001">
        <time>2023-05-01T06:58:23.924Z</time>
        <ele>0.0002675943520524491</ele>
      </trkpt>
      <trkpt lat="25.073900000000002" lon="121.52585">
        <time>2023-05-01T06:58:29.924Z</time>
        <ele>0.0004199992410069395</ele>
      </trkpt>
      <trkpt lat="25.074370000000002" lon="121.52555000000001">
        <time>2023-05-01T06:58:35.924Z</time>
        <ele>0.000584710126416668</ele>
      </trkpt>
      <trkpt lat="25.074830000000002" lon="121.52528000000001">
        <time>2023-05-01T06:58:41.924Z</time>
        <ele>0.0007037152059958376</ele>
      </trkpt>
      <trkpt lat="25.075740000000003" lon="121.52472000000002">
        <time>2023-05-01T06:58:47.924Z</time>
        <ele>0.0005716285742830673</ele>
      </trkpt>
      <trkpt lat="25.07646" lon="121.52419">
        <time>2023-05-01T06:58:53.924Z</time>
        <ele>0.0004288273626857914</ele>
      </trkpt>
      <trkpt lat="25.077080000000002" lon="121.52359000000001">
        <time>2023-05-01T06:58:59.924Z</time>
        <ele>0.00019040167691058367</ele>
      </trkpt>
      <trkpt lat="25.077620000000003" lon="121.52274000000001">
        <time>2023-05-01T06:59:05.924Z</time>
        <ele>0.2909447324067895</ele>
      </trkpt>
      <trkpt lat="25.07841" lon="121.52154000000002">
        <time>2023-05-01T06:59:11.924Z</time>
        <ele>0.9753045319754541</ele>
      </trkpt>
      <trkpt lat="25.078500000000002" lon="121.5211">
        <time>2023-05-01T06:59:17.924Z</time>
        <ele>1.2463187212492195</ele>
      </trkpt>
      <trkpt lat="25.07919" lon="121.51949">
        <time>2023-05-01T06:59:23.924Z</time>
        <ele>1.9700587004851164</ele>
      </trkpt>
      <trkpt lat="25.079990000000002" lon="121.51783">
        <time>2023-05-01T06:59:29.924Z</time>
        <ele>1.6964592462833983</ele>
      </trkpt>
      <trkpt lat="25.080150000000003" lon="121.51766">
        <time>2023-05-01T06:59:35.924Z</time>
        <ele>1.5850642052962844</ele>
      </trkpt>
      <trkpt lat="25.080170000000003" lon="121.51776000000001">
        <time>2023-05-01T06:59:41.924Z</time>
        <ele>1.538412282106441</ele>
      </trkpt>
      <trkpt lat="25.080370000000002" lon="121.51787000000002">
        <time>2023-05-01T06:59:47.924Z</time>
        <ele>1.4264951362119718</ele>
      </trkpt>
      <trkpt lat="25.080530000000003" lon="121.51790000000001">
        <time>2023-05-01T06:59:53.924Z</time>
        <ele>1.3452837494150436</ele>
      </trkpt>
      <trkpt lat="25.08077" lon="121.51765">
        <time>2023-05-01T06:59:59.924Z</time>
        <ele>1.1797677530300505</ele>
      </trkpt>
      <trkpt lat="25.081170000000004" lon="121.51732000000001">
        <time>2023-05-01T07:00:05.924Z</time>
        <ele>0.9294420584041314</ele>
      </trkpt>
      <trkpt lat="25.081110000000002" lon="121.51727000000001">
        <time>2023-05-01T07:00:11.924Z</time>
        <ele>0.8917559287554186</ele>
      </trkpt>
      <trkpt lat="25.080990000000003" lon="121.51711000000002">
        <time>2023-05-01T07:00:17.924Z</time>
        <ele>0.797310625875157</ele>
      </trkpt>
      <trkpt lat="25.080930000000002" lon="121.51698">
        <time>2023-05-01T07:00:23.924Z</time>
        <ele>0.730902522453591</ele>
      </trkpt>
      <trkpt lat="25.08096" lon="121.51671">
        <time>2023-05-01T07:00:29.924Z</time>
        <ele>1.1445571280642892</ele>
      </trkpt>
      <trkpt lat="25.081020000000002" lon="121.51662">
        <time>2023-05-01T07:00:35.924Z</time>
        <ele>1.3896541913444902</ele>
      </trkpt>
      <trkpt lat="25.08126" lon="121.51643000000001">
        <time>2023-05-01T07:00:41.924Z</time>
        <ele>2.1035641287098032</ele>
      </trkpt>
      <trkpt lat="25.081770000000002" lon="121.51598000000001">
        <time>2023-05-01T07:00:47.924Z</time>
        <ele>3.682212440087552</ele>
      </trkpt>
      <trkpt lat="25.082490000000004" lon="121.51542">
        <time>2023-05-01T07:00:53.924Z</time>
        <ele>5.0101028828891545</ele>
      </trkpt>
      <trkpt lat="25.082800000000002" lon="121.51528">
        <time>2023-05-01T07:00:59.924Z</time>
        <ele>5.267648042694236</ele>
      </trkpt>
      <trkpt lat="25.083360000000003" lon="121.51512000000001">
        <time>2023-05-01T07:01:05.924Z</time>
        <ele>5.712247566466819</ele>
      </trkpt>
      <trkpt lat="25.083830000000003" lon="121.51495000000001">
        <time>2023-05-01T07:01:11.924Z</time>
        <ele>6.092456418029345</ele>
      </trkpt>
      <trkpt lat="25.084550000000004" lon="121.51488">
        <time>2023-05-01T07:01:17.924Z</time>
        <ele>4.667582540204412</ele>
      </trkpt>
      <trkpt lat="25.085300000000004" lon="121.51479">
        <time>2023-05-01T07:01:23.924Z</time>
        <ele>2.649774666482829</ele>
      </trkpt>
      <trkpt lat="25.086250000000003" lon="121.51468000000001">
        <time>2023-05-01T07:01:29.924Z</time>
        <ele>4.7144633316603395</ele>
      </trkpt>
      <trkpt lat="25.087030000000002" lon="121.51459000000001">
        <time>2023-05-01T07:01:35.924Z</time>
        <ele>4.554460839244061</ele>
      </trkpt>
      <trkpt lat="25.087760000000003" lon="121.51452">
        <time>2023-05-01T07:01:41.924Z</time>
        <ele>2.547266588210787</ele>
      </trkpt>
      <trkpt lat="25.08838" lon="121.51449000000001">
        <time>2023-05-01T07:01:47.924Z</time>
        <ele>0.847341014748322</ele>
      </trkpt>
      <trkpt lat="25.089160000000003" lon="121.51434">
        <time>2023-05-01T07:01:53.924Z</time>
        <ele>0.5915582224910023</ele>
      </trkpt>
      <trkpt lat="25.089430000000004" lon="121.51427000000001">
        <time>2023-05-01T07:01:59.924Z</time>
        <ele>0.5796502480045211</ele>
      </trkpt>
      <trkpt lat="25.090460000000004" lon="121.51405000000001">
        <time>2023-05-01T07:02:05.924Z</time>
        <ele>0.5690262637994968</ele>
      </trkpt>
      <trkpt lat="25.0909" lon="121.51394">
        <time>2023-05-01T07:02:11.924Z</time>
        <ele>0.6188408438589796</ele>
      </trkpt>
      <trkpt lat="25.09157" lon="121.51375000000002">
        <time>2023-05-01T07:02:17.924Z</time>
        <ele>0.6952287762514866</ele>
      </trkpt>
      <trkpt lat="25.09204" lon="121.51348000000002">
        <time>2023-05-01T07:02:23.924Z</time>
        <ele>0.7537828098412319</ele>
      </trkpt>
      <trkpt lat="25.092660000000002" lon="121.51311000000001">
        <time>2023-05-01T07:02:29.924Z</time>
        <ele>0.8318890078113168</ele>
      </trkpt>
      <trkpt lat="25.09334" lon="121.5126">
        <time>2023-05-01T07:02:35.924Z</time>
        <ele>0.9239249224264743</ele>
      </trkpt>
      <trkpt lat="25.0941" lon="121.51193">
        <time>2023-05-01T07:02:41.924Z</time>
        <ele>1.109790140000838</ele>
      </trkpt>
      <trkpt lat="25.094610000000003" lon="121.51117">
        <time>2023-05-01T07:02:47.924Z</time>
        <ele>1.2875616941640808</ele>
      </trkpt>
      <trkpt lat="25.09483" lon="121.51112">
        <time>2023-05-01T07:02:53.924Z</time>
        <ele>1.3340188514682676</ele>
      </trkpt>
      <trkpt lat="25.095000000000002" lon="121.51092000000001">
        <time>2023-05-01T07:02:59.924Z</time>
        <ele>1.3855368218762014</ele>
      </trkpt>
      <trkpt lat="25.0956" lon="121.51057000000002">
        <time>2023-05-01T07:03:05.924Z</time>
        <ele>1.5260268540768807</ele>
      </trkpt>
      <trkpt lat="25.095720000000004" lon="121.5104">
        <time>2023-05-01T07:03:11.924Z</time>
        <ele>1.56652963444777</ele>
      </trkpt>
      <trkpt lat="25.09578" lon="121.51036">
        <time>2023-05-01T07:03:17.924Z</time>
        <ele>1.5810441343503354</ele>
      </trkpt>
      <trkpt lat="25.095850000000002" lon="121.51039000000002">
        <time>2023-05-01T07:03:23.924Z</time>
        <ele>1.5965824600874736</ele>
      </trkpt>
      <trkpt lat="25.096280000000004" lon="121.51064000000001">
        <time>2023-05-01T07:03:29.924Z</time>
        <ele>1.4321087961223582</ele>
      </trkpt>
      <trkpt lat="25.09652" lon="121.51056000000001">
        <time>2023-05-01T07:03:35.924Z</time>
        <ele>1.1281538677428875</ele>
      </trkpt>
      <trkpt lat="25.096870000000003" lon="121.51056000000001">
        <time>2023-05-01T07:03:41.924Z</time>
        <ele>0.8280193928175815</ele>
      </trkpt>
      <trkpt lat="25.097050000000003" lon="121.51065000000001">
        <time>2023-05-01T07:03:47.924Z</time>
        <ele>0.6584188135004219</ele>
      </trkpt>
      <trkpt lat="25.09721" lon="121.51081">
        <time>2023-05-01T07:03:53.924Z</time>
        <ele>0.47285362495688094</ele>
      </trkpt>
      <trkpt lat="25.0973" lon="121.51095000000001">
        <time>2023-05-01T07:03:59.924Z</time>
        <ele>0.3390355146856382</ele>
      </trkpt>
      <trkpt lat="25.097410000000004" lon="121.51120000000002">
        <time>2023-05-01T07:04:05.924Z</time>
        <ele>0.24985035513318454</ele>
      </trkpt>
      <trkpt lat="25.09748" lon="121.51140000000001">
        <time>2023-05-01T07:04:11.924Z</time>
        <ele>0.2202744013415889</ele>
      </trkpt>
      <trkpt lat="25.09794" lon="121.51120000000002">
        <time>2023-05-01T07:04:17.924Z</time>
        <ele>0.14527808887482507</ele>
      </trkpt>
      <trkpt lat="25.09787" lon="121.51088000000001">
        <time>2023-05-01T07:04:23.924Z</time>
        <ele>0.0998505367201462</ele>
      </trkpt>
      <trkpt lat="25.097620000000003" lon="121.50991">
        <time>2023-05-01T07:04:29.924Z</time>
        <ele>-0.031488323758271194</ele>
      </trkpt>
      <trkpt lat="25.097430000000003" lon="121.50942">
        <time>2023-05-01T07:04:35.924Z</time>
        <ele>-0.023065825147908364</ele>
      </trkpt>
      <trkpt lat="25.097310000000004" lon="121.50928">
        <time>2023-05-01T07:04:41.924Z</time>
        <ele>-0.020025189145921808</ele>
      </trkpt>
      <trkpt lat="25.097260000000002" lon="121.50913000000001">
        <time>2023-05-01T07:04:47.924Z</time>
        <ele>-0.017499044234335993</ele>
      </trkpt>
      <trkpt lat="25.097250000000003" lon="121.50873000000001">
        <time>2023-05-01T07:04:53.924Z</time>
        <ele>-0.011170788742266556</ele>
      </trkpt>
      <trkpt lat="25.097240000000003" lon="121.50846000000001">
        <time>2023-05-01T07:04:59.924Z</time>
        <ele>-0.006897294379486714</ele>
      </trkpt>
      <trkpt lat="25.097050000000003" lon="121.50754">
        <time>2023-05-01T07:05:05.924Z</time>
        <ele>0.22185144410777202</ele>
      </trkpt>
      <trkpt lat="25.097150000000003" lon="121.50616000000001">
        <time>2023-05-01T07:05:11.924Z</time>
        <ele>1.234081928941645</ele>
      </trkpt>
      <trkpt lat="25.097220000000004" lon="121.50437000000001">
        <time>2023-05-01T07:05:17.924Z</time>
        <ele>1.5060930765218439</ele>
      </trkpt>
      <trkpt lat="25.097890000000003" lon="121.50225">
        <time>2023-05-01T07:05:23.924Z</time>
        <ele>-0.2988114600823459</ele>
      </trkpt>
      <trkpt lat="25.097920000000002" lon="121.50183000000001">
        <time>2023-05-01T07:05:29.924Z</time>
        <ele>-0.10906411869439303</ele>
      </trkpt>
      <trkpt lat="25.09832" lon="121.50084000000001">
        <time>2023-05-01T07:05:35.924Z</time>
        <ele>0.37875010346884785</ele>
      </trkpt>
      <trkpt lat="25.0989" lon="121.49953000000001">
        <time>2023-05-01T07:05:41.924Z</time>
        <ele>0.7916944943577149</ele>
      </trkpt>
      <trkpt lat="25.099390000000003" lon="121.49896000000001">
        <time>2023-05-01T07:05:47.924Z</time>
        <ele>0.9163168999661351</ele>
      </trkpt>
      <trkpt lat="25.09993" lon="121.49867">
        <time>2023-05-01T07:05:53.924Z</time>
        <ele>1.0212663102959494</ele>
      </trkpt>
      <trkpt lat="25.100530000000003" lon="121.49863">
        <time>2023-05-01T07:05:59.924Z</time>
        <ele>1.12621503073701</ele>
      </trkpt>
      <trkpt lat="25.101080000000003" lon="121.49859000000001">
        <time>2023-05-01T07:06:05.924Z</time>
        <ele>0.10103790246787349</ele>
      </trkpt>
      <trkpt lat="25.10171" lon="121.49874000000001">
        <time>2023-05-01T07:06:11.924Z</time>
        <ele>0.09090748702134613</ele>
      </trkpt>
      <trkpt lat="25.10234" lon="121.49872">
        <time>2023-05-01T07:06:17.924Z</time>
        <ele>0.08100293605388262</ele>
      </trkpt>
      <trkpt lat="25.103540000000002" lon="121.49869000000001">
        <time>2023-05-01T07:06:23.924Z</time>
        <ele>0.06034976192786034</ele>
      </trkpt>
      <trkpt lat="25.10479" lon="121.49865000000001">
        <time>2023-05-01T07:06:29.924Z</time>
        <ele>0.01570823759829102</ele>
      </trkpt>
      <trkpt lat="25.10593" lon="121.49859000000001">
        <time>2023-05-01T07:06:35.924Z</time>
        <ele>0.005847268723869432</ele>
      </trkpt>
      <trkpt lat="25.107210000000002" lon="121.49858">
        <time>2023-05-01T07:06:41.924Z</time>
        <ele>0.03501454078117968</ele>
      </trkpt>
      <trkpt lat="25.109420000000004" lon="121.49846000000001">
        <time>2023-05-01T07:06:47.924Z</time>
        <ele>0.020496931003723375</ele>
      </trkpt>
      <trkpt lat="25.109710000000003" lon="121.49836">
        <time>2023-05-01T07:06:53.924Z</time>
        <ele>0.016796041386676442</ele>
      </trkpt>
      <trkpt lat="25.109820000000003" lon="121.49834000000001">
        <time>2023-05-01T07:06:59.924Z</time>
        <ele>0.015438487941005772</ele>
      </trkpt>
      <trkpt lat="25.11014" lon="121.49828000000001">
        <time>2023-05-01T07:07:05.924Z</time>
        <ele>0.011485899635442892</ele>
      </trkpt>
      <trkpt lat="25.11032" lon="121.49817000000002">
        <time>2023-05-01T07:07:11.924Z</time>
        <ele>0.008977857936400857</ele>
      </trkpt>
      <trkpt lat="25.110490000000002" lon="121.49819000000001">
        <time>2023-05-01T07:07:17.924Z</time>
        <ele>0.0068961505392843995</ele>
      </trkpt>
      <trkpt lat="25.1108" lon="121.49822">
        <time>2023-05-01T07:07:23.924Z</time>
        <ele>0.003107064510597397</ele>
      </trkpt>
      <trkpt lat="25.11107" lon="121.49828000000001">
        <time>2023-05-01T07:07:29.924Z</time>
        <ele>0</ele>
      </trkpt>
      <trkpt lat="25.111400000000003" lon="121.49828000000001">
        <time>2023-05-01T07:07:35.924Z</time>
        <ele>0</ele>
      </trkpt>
      <trkpt lat="25.111810000000002" lon="121.49828000000001">
        <time>2023-05-01T07:07:41.924Z</time>
        <ele>0.16198476869265838</ele>
      </trkpt>
      <trkpt lat="25.11212" lon="121.49826000000002">
        <time>2023-05-01T07:07:47.924Z</time>
        <ele>0.4490722883055386</ele>
      </trkpt>
      <trkpt lat="25.11232" lon="121.49829000000001">
        <time>2023-05-01T07:07:53.924Z</time>
        <ele>0.6356877276559689</ele>
      </trkpt>
      <trkpt lat="25.112840000000002" lon="121.49832">
        <time>2023-05-01T07:07:59.924Z</time>
        <ele>1.0884322621784466</ele>
      </trkpt>
      <trkpt lat="25.112520000000004" lon="121.49817000000002">
        <time>2023-05-01T07:08:05.924Z</time>
        <ele>1.1883820293945286</ele>
      </trkpt>
      <trkpt lat="25.112420000000004" lon="121.49822">
        <time>2023-05-01T07:08:11.924Z</time>
        <ele>1.2199461354464283</ele>
      </trkpt>
      <trkpt lat="25.112190000000002" lon="121.49831">
        <time>2023-05-01T07:08:17.924Z</time>
        <ele>1.2900872665717151</ele>
      </trkpt>
      <trkpt lat="25.111970000000003" lon="121.49841">
        <time>2023-05-01T07:08:23.924Z</time>
        <ele>1.358486065336356</ele>
      </trkpt>
      <trkpt lat="25.111900000000002" lon="121.49832">
        <time>2023-05-01T07:08:29.924Z</time>
        <ele>1.3894460596089042</ele>
      </trkpt>
      <trkpt lat="25.11154" lon="121.49686000000001">
        <time>2023-05-01T07:08:35.924Z</time>
        <ele>0.8647303623421605</ele>
      </trkpt>
      <trkpt lat="25.111250000000002" lon="121.49566000000002">
        <time>2023-05-01T07:08:41.924Z</time>
        <ele>-0.6680006739165971</ele>
      </trkpt>
      <trkpt lat="25.11126" lon="121.49547000000001">
        <time>2023-05-01T07:08:47.924Z</time>
        <ele>-0.6869059450162291</ele>
      </trkpt>
      <trkpt lat="25.111060000000002" lon="121.49478">
        <time>2023-05-01T07:08:53.924Z</time>
        <ele>-0.4275131794600983</ele>
      </trkpt>
      <trkpt lat="25.111030000000003" lon="121.49438">
        <time>2023-05-01T07:08:59.924Z</time>
        <ele>-0.28374079359151244</ele>
      </trkpt>
      <trkpt lat="25.111130000000003" lon="121.49388">
        <time>2023-05-01T07:09:05.924Z</time>
        <ele>-0.10036177621917557</ele>
      </trkpt>
      <trkpt lat="25.111130000000003" lon="121.49388">
        <time>2023-05-01T07:09:11.924Z</time>
        <ele>-0.10036177621917557</ele>
      </trkpt>
      <trkpt lat="25.111120000000003" lon="121.49391000000001">
        <time>2023-05-01T07:09:17.924Z</time>
        <ele>-0.08891770375781478</ele>
      </trkpt>
      <trkpt lat="25.111120000000003" lon="121.49392000000002">
        <time>2023-05-01T07:09:23.924Z</time>
        <ele>-0.0853355288962182</ele>
      </trkpt>
      <trkpt lat="25.110930000000003" lon="121.49421000000001">
        <time>2023-05-01T07:09:29.924Z</time>
        <ele>-0.023186082076554104</ele>
      </trkpt>
      <trkpt lat="25.110830000000004" lon="121.49433">
        <time>2023-05-01T07:09:35.924Z</time>
        <ele>-0.054867178102440295</ele>
      </trkpt>
      <trkpt lat="25.110650000000003" lon="121.49459000000002">
        <time>2023-05-01T07:09:41.924Z</time>
        <ele>-0.11847802651546224</ele>
      </trkpt>
      <trkpt lat="25.11053" lon="121.49470000000001">
        <time>2023-05-01T07:09:47.924Z</time>
        <ele>-0.15191107304561408</ele>
      </trkpt>
      <trkpt lat="25.110390000000002" lon="121.49485000000001">
        <time>2023-05-01T07:09:53.924Z</time>
        <ele>-0.193745741843233</ele>
      </trkpt>
      <trkpt lat="25.110020000000002" lon="121.49514">
        <time>2023-05-01T07:09:59.924Z</time>
        <ele>-0.29097382015138307</ele>
      </trkpt>
      <trkpt lat="25.10967" lon="121.49533000000001">
        <time>2023-05-01T07:10:05.924Z</time>
        <ele>-0.37448364182776556</ele>
      </trkpt>
      <trkpt lat="25.109710000000003" lon="121.49534000000001">
        <time>2023-05-01T07:10:11.924Z</time>
        <ele>-0.3832584081467229</ele>
      </trkpt>
      <trkpt lat="25.109720000000003" lon="121.49534000000001">
        <time>2023-05-01T07:10:17.924Z</time>
        <ele>-0.3853973858480741</ele>
      </trkpt>
      <trkpt lat="25.10967" lon="121.49533000000001">
        <time>2023-05-01T07:10:23.924Z</time>
        <ele>-0.3928171045883049</ele>
      </trkpt>
      <trkpt lat="25.109620000000003" lon="121.49535000000002">
        <time>2023-05-01T07:10:29.924Z</time>
        <ele>-0.3910015143011198</ele>
      </trkpt>
      <trkpt lat="25.10932" lon="121.49557000000001">
        <time>2023-05-01T07:10:35.924Z</time>
        <ele>-0.3786937059470807</ele>
      </trkpt>
      <trkpt lat="25.109180000000002" lon="121.49566000000002">
        <time>2023-05-01T07:10:41.924Z</time>
        <ele>-0.37315888547626624</ele>
      </trkpt>
      <trkpt lat="25.10901" lon="121.49571000000002">
        <time>2023-05-01T07:10:47.924Z</time>
        <ele>-0.3671542040634778</ele>
      </trkpt>
      <trkpt lat="25.108950000000004" lon="121.49572">
        <time>2023-05-01T07:10:53.924Z</time>
        <ele>-0.3650836023144293</ele>
      </trkpt>
      <trkpt lat="25.108590000000003" lon="121.49572">
        <time>2023-05-01T07:10:59.924Z</time>
        <ele>-0.3528006157635255</ele>
      </trkpt>
      <trkpt lat="25.107100000000003" lon="121.49583000000001">
        <time>2023-05-01T07:11:05.924Z</time>
        <ele>-0.06872915486805917</ele>
      </trkpt>
      <trkpt lat="25.104260000000004" lon="121.49603">
        <time>2023-05-01T07:11:11.924Z</time>
        <ele>0.7866522983770594</ele>
      </trkpt>
      <trkpt lat="25.103880000000004" lon="121.49605000000001">
        <time>2023-05-01T07:11:17.924Z</time>
        <ele>0.751074312039074</ele>
      </trkpt>
      <trkpt lat="25.101440000000004" lon="121.49624000000001">
        <time>2023-05-01T07:11:23.924Z</time>
        <ele>0.42704573148265096</ele>
      </trkpt>
      <trkpt lat="25.10103" lon="121.49631000000001">
        <time>2023-05-01T07:11:29.924Z</time>
        <ele>0.27122324452749613</ele>
      </trkpt>
      <trkpt lat="25.1003" lon="121.49635">
        <time>2023-05-01T07:11:35.924Z</time>
        <ele>0</ele>
      </trkpt>
      <trkpt lat="25.099510000000002" lon="121.4963">
        <time>2023-05-01T07:11:41.924Z</time>
        <ele>0</ele>
      </trkpt>
      <trkpt lat="25.099280000000004" lon="121.49631000000001">
        <time>2023-05-01T07:11:47.924Z</time>
        <ele>0</ele>
      </trkpt>
      <trkpt lat="25.098920000000003" lon="121.49634">
        <time>2023-05-01T07:11:53.924Z</time>
        <ele>0</ele>
      </trkpt>
      <trkpt lat="25.098540000000003" lon="121.49642000000001">
        <time>2023-05-01T07:11:59.924Z</time>
        <ele>0</ele>
      </trkpt>
      <trkpt lat="25.09824" lon="121.49651000000001">
        <time>2023-05-01T07:12:05.924Z</time>
        <ele>0</ele>
      </trkpt>
      <trkpt lat="25.09803" lon="121.49661">
        <time>2023-05-01T07:12:11.924Z</time>
        <ele>0</ele>
      </trkpt>
      <trkpt lat="25.09767" lon="121.49681000000001">
        <time>2023-05-01T07:12:17.924Z</time>
        <ele>0</ele>
      </trkpt>
      <trkpt lat="25.09748" lon="121.49695000000001">
        <time>2023-05-01T07:12:23.924Z</time>
        <ele>0</ele>
      </trkpt>
      <trkpt lat="25.09738" lon="121.49703000000001">
        <time>2023-05-01T07:12:29.924Z</time>
        <ele>0</ele>
      </trkpt>
      <trkpt lat="25.09729" lon="121.49712000000001">
        <time>2023-05-01T07:12:35.924Z</time>
        <ele>0</ele>
      </trkpt>
      <trkpt lat="25.097040000000003" lon="121.49752000000001">
        <time>2023-05-01T07:12:41.924Z</time>
        <ele>0</ele>
      </trkpt>
      <trkpt lat="25.096700000000002" lon="121.49801000000001">
        <time>2023-05-01T07:12:47.924Z</time>
        <ele>0.0007289374643325392</ele>
      </trkpt>
      <trkpt lat="25.09653" lon="121.49832">
        <time>2023-05-01T07:12:53.924Z</time>
        <ele>0.0015217483931400466</ele>
      </trkpt>
      <trkpt lat="25.095550000000003" lon="121.50021000000001">
        <time>2023-05-01T07:12:59.924Z</time>
        <ele>0.03915953857177228</ele>
      </trkpt>
      <trkpt lat="25.095280000000002" lon="121.50078">
        <time>2023-05-01T07:13:05.924Z</time>
        <ele>0.027192157501496495</ele>
      </trkpt>
      <trkpt lat="25.09524" lon="121.50081000000002">
        <time>2023-05-01T07:13:11.924Z</time>
        <ele>0.02613672901407251</ele>
      </trkpt>
      <trkpt lat="25.09523" lon="121.50092000000001">
        <time>2023-05-01T07:13:17.924Z</time>
        <ele>0.02394333578430659</ele>
      </trkpt>
      <trkpt lat="25.095000000000002" lon="121.50202000000002">
        <time>2023-05-01T07:13:23.924Z</time>
        <ele>0.013873109988143669</ele>
      </trkpt>
      <trkpt lat="25.09493" lon="121.50247000000002">
        <time>2023-05-01T07:13:29.924Z</time>
        <ele>0.29662111590710805</ele>
      </trkpt>
      <trkpt lat="25.094880000000003" lon="121.50308000000001">
        <time>2023-05-01T07:13:35.924Z</time>
        <ele>0.6759565939643446</ele>
      </trkpt>
      <trkpt lat="25.09484" lon="121.50411000000001">
        <time>2023-05-01T07:13:41.924Z</time>
        <ele>1.3144747783854516</ele>
      </trkpt>
      <trkpt lat="25.094880000000003" lon="121.50546000000001">
        <time>2023-05-01T07:13:47.924Z</time>
        <ele>3.2622130399281573</ele>
      </trkpt>
      <trkpt lat="25.094880000000003" lon="121.50547000000002">
        <time>2023-05-01T07:13:53.924Z</time>
        <ele>3.2822785550578377</ele>
      </trkpt>
      <trkpt lat="25.094900000000003" lon="121.50602">
        <time>2023-05-01T07:13:59.924Z</time>
        <ele>4.3867613819129305</ele>
      </trkpt>
      <trkpt lat="25.094890000000003" lon="121.5074">
        <time>2023-05-01T07:14:05.924Z</time>
        <ele>2.7351126718682943</ele>
      </trkpt>
      <trkpt lat="25.09486" lon="121.50779000000001">
        <time>2023-05-01T07:14:11.924Z</time>
        <ele>2.236244765871803</ele>
      </trkpt>
      <trkpt lat="25.094800000000003" lon="121.50807">
        <time>2023-05-01T07:14:17.924Z</time>
        <ele>4.276038768991475</ele>
      </trkpt>
      <trkpt lat="25.094700000000003" lon="121.50835000000001">
        <time>2023-05-01T07:14:23.924Z</time>
        <ele>6.870574086594938</ele>
      </trkpt>
      <trkpt lat="25.094540000000002" lon="121.50864000000001">
        <time>2023-05-01T07:14:29.924Z</time>
        <ele>9.7955996780986</ele>
      </trkpt>
      <trkpt lat="25.09402" lon="121.50941000000002">
        <time>2023-05-01T07:14:35.924Z</time>
        <ele>18.065285331170564</ele>
      </trkpt>
      <trkpt lat="25.093780000000002" lon="121.50975000000001">
        <time>2023-05-01T07:14:41.924Z</time>
        <ele>16.077646255441657</ele>
      </trkpt>
      <trkpt lat="25.09336" lon="121.51028000000001">
        <time>2023-05-01T07:14:47.924Z</time>
        <ele>12.639220242048676</ele>
      </trkpt>
      <trkpt lat="25.092820000000003" lon="121.51088000000001">
        <time>2023-05-01T07:14:53.924Z</time>
        <ele>8.510699028360822</ele>
      </trkpt>
      <trkpt lat="25.092370000000003" lon="121.51127000000001">
        <time>2023-05-01T07:14:59.924Z</time>
        <ele>5.429820541401306</ele>
      </trkpt>
      <trkpt lat="25.09205" lon="121.51152">
        <time>2023-05-01T07:15:05.924Z</time>
        <ele>4.016418844546163</ele>
      </trkpt>
      <trkpt lat="25.091240000000003" lon="121.51201">
        <time>2023-05-01T07:15:11.924Z</time>
        <ele>0.7234155261284494</ele>
      </trkpt>
      <trkpt lat="25.090960000000003" lon="121.51213000000001">
        <time>2023-05-01T07:15:17.924Z</time>
        <ele>0.25256198745162867</ele>
      </trkpt>
      <trkpt lat="25.09027" lon="121.51239000000001">
        <time>2023-05-01T07:15:23.924Z</time>
        <ele>0.148756525733535</ele>
      </trkpt>
      <trkpt lat="25.08933" lon="121.51271000000001">
        <time>2023-05-01T07:15:29.924Z</time>
        <ele>0.008716070010597963</ele>
      </trkpt>
      <trkpt lat="25.088890000000003" lon="121.51289000000001">
        <time>2023-05-01T07:15:35.924Z</time>
        <ele>0.9402459056130144</ele>
      </trkpt>
      <trkpt lat="25.08864" lon="121.51295">
        <time>2023-05-01T07:15:41.924Z</time>
        <ele>1.5295588409254424</ele>
      </trkpt>
      <trkpt lat="25.088310000000003" lon="121.51299000000002">
        <time>2023-05-01T07:15:47.924Z</time>
        <ele>2.294128806930493</ele>
      </trkpt>
      <trkpt lat="25.08799" lon="121.513">
        <time>2023-05-01T07:15:53.924Z</time>
        <ele>2.7563308360924417</ele>
      </trkpt>
      <trkpt lat="25.086650000000002" lon="121.51317000000002">
        <time>2023-05-01T07:15:59.924Z</time>
        <ele>2.7907818968072955</ele>
      </trkpt>
      <trkpt lat="25.08519" lon="121.5134">
        <time>2023-05-01T07:16:05.924Z</time>
        <ele>2.761114868282177</ele>
      </trkpt>
      <trkpt lat="25.084570000000003" lon="121.51343000000001">
        <time>2023-05-01T07:16:11.924Z</time>
        <ele>2.7399110251667955</ele>
      </trkpt>
      <trkpt lat="25.084400000000002" lon="121.51347000000001">
        <time>2023-05-01T07:16:17.924Z</time>
        <ele>2.7337780091494785</ele>
      </trkpt>
      <trkpt lat="25.08415" lon="121.51357000000002">
        <time>2023-05-01T07:16:23.924Z</time>
        <ele>2.7243921557860427</ele>
      </trkpt>
      <trkpt lat="25.08387" lon="121.51364000000001">
        <time>2023-05-01T07:16:29.924Z</time>
        <ele>2.7142621745589888</ele>
      </trkpt>
      <trkpt lat="25.08292" lon="121.51385">
        <time>2023-05-01T07:16:35.924Z</time>
        <ele>2.7256252541958714</ele>
      </trkpt>
      <trkpt lat="25.08282" lon="121.51388000000001">
        <time>2023-05-01T07:16:41.924Z</time>
        <ele>2.7291340421817676</ele>
      </trkpt>
      <trkpt lat="25.081460000000003" lon="121.51458000000001">
        <time>2023-05-01T07:16:47.924Z</time>
        <ele>2.7630164847492975</ele>
      </trkpt>
      <trkpt lat="25.0803" lon="121.51516000000001">
        <time>2023-05-01T07:16:53.924Z</time>
        <ele>2.7579139743081016</ele>
      </trkpt>
      <trkpt lat="25.080090000000002" lon="121.51533">
        <time>2023-05-01T07:16:59.924Z</time>
        <ele>2.782522235524196</ele>
      </trkpt>
      <trkpt lat="25.079810000000002" lon="121.51561000000001">
        <time>2023-05-01T07:17:05.924Z</time>
        <ele>2.8182427172668527</ele>
      </trkpt>
      <trkpt lat="25.07935" lon="121.51622">
        <time>2023-05-01T07:17:11.924Z</time>
        <ele>2.888709213627849</ele>
      </trkpt>
      <trkpt lat="25.079320000000003" lon="121.51628000000001">
        <time>2023-05-01T07:17:17.924Z</time>
        <ele>2.8976884933265628</ele>
      </trkpt>
      <trkpt lat="25.07935" lon="121.51622">
        <time>2023-05-01T07:17:23.924Z</time>
        <ele>2.906667773025201</ele>
      </trkpt>
      <trkpt lat="25.07926" lon="121.51629000000001">
        <time>2023-05-01T07:17:29.924Z</time>
        <ele>2.922554529005514</ele>
      </trkpt>
      <trkpt lat="25.079130000000003" lon="121.51642000000001">
        <time>2023-05-01T07:17:35.924Z</time>
        <ele>2.947882166530572</ele>
      </trkpt>
      <trkpt lat="25.0789" lon="121.51674000000001">
        <time>2023-05-01T07:17:41.924Z</time>
        <ele>3.001359703282022</ele>
      </trkpt>
      <trkpt lat="25.07882" lon="121.51687000000001">
        <time>2023-05-01T07:17:47.924Z</time>
        <ele>3.0219420111441684</ele>
      </trkpt>
      <trkpt lat="25.07882" lon="121.51696000000001">
        <time>2023-05-01T07:17:53.924Z</time>
        <ele>3.033748671033011</ele>
      </trkpt>
      <trkpt lat="25.078770000000002" lon="121.51705000000001">
        <time>2023-05-01T07:17:59.924Z</time>
        <ele>3.0475786585108935</ele>
      </trkpt>
      <trkpt lat="25.0786" lon="121.51728000000001">
        <time>2023-05-01T07:18:05.924Z</time>
        <ele>3.0864376119980523</ele>
      </trkpt>
      <trkpt lat="25.078490000000002" lon="121.51746000000001">
        <time>2023-05-01T07:18:11.924Z</time>
        <ele>3.0833062807738707</ele>
      </trkpt>
      <trkpt lat="25.07834" lon="121.51776000000001">
        <time>2023-05-01T07:18:17.924Z</time>
        <ele>3.0708923972759568</ele>
      </trkpt>
      <trkpt lat="25.078030000000002" lon="121.51849000000001">
        <time>2023-05-01T07:18:23.924Z</time>
        <ele>3.0416762611461</ele>
      </trkpt>
      <trkpt lat="25.07778" lon="121.51922">
        <time>2023-05-01T07:18:29.924Z</time>
        <ele>3.013386908509145</ele>
      </trkpt>
      <trkpt lat="25.07749" lon="121.52026000000001">
        <time>2023-05-01T07:18:35.924Z</time>
        <ele>2.9739345129299</ele>
      </trkpt>
      <trkpt lat="25.07731" lon="121.52101">
        <time>2023-05-01T07:18:41.924Z</time>
        <ele>2.9458010383837587</ele>
      </trkpt>
      <trkpt lat="25.077150000000003" lon="121.52129000000001">
        <time>2023-05-01T07:18:47.924Z</time>
        <ele>2.933810972675341</ele>
      </trkpt>
      <trkpt lat="25.07691" lon="121.5215">
        <time>2023-05-01T07:18:53.924Z</time>
        <ele>2.9215883494156882</ele>
      </trkpt>
      <trkpt lat="25.076760000000004" lon="121.52164">
        <time>2023-05-01T07:18:59.924Z</time>
        <ele>2.913747472415425</ele>
      </trkpt>
      <trkpt lat="25.07647" lon="121.52189000000001">
        <time>2023-05-01T07:19:05.924Z</time>
        <ele>2.8990628381729744</ele>
      </trkpt>
      <trkpt lat="25.07619" lon="121.52225000000001">
        <time>2023-05-01T07:19:11.924Z</time>
        <ele>2.8818906474949544</ele>
      </trkpt>
      <trkpt lat="25.076040000000003" lon="121.52271">
        <time>2023-05-01T07:19:17.924Z</time>
        <ele>2.864167642715775</ele>
      </trkpt>
      <trkpt lat="25.075940000000003" lon="121.52293000000002">
        <time>2023-05-01T07:19:23.924Z</time>
        <ele>2.8552488238178935</ele>
      </trkpt>
      <trkpt lat="25.075770000000002" lon="121.52325">
        <time>2023-05-01T07:19:29.924Z</time>
        <ele>2.8418109330760597</ele>
      </trkpt>
      <trkpt lat="25.07495" lon="121.52393000000001">
        <time>2023-05-01T07:19:35.924Z</time>
        <ele>2.8008840060214917</ele>
      </trkpt>
      <trkpt lat="25.074650000000002" lon="121.52412000000001">
        <time>2023-05-01T07:19:41.924Z</time>
        <ele>3.4321728216651377</ele>
      </trkpt>
      <trkpt lat="25.073310000000003" lon="121.52484000000001">
        <time>2023-05-01T07:19:47.924Z</time>
        <ele>4.002627089197038</ele>
      </trkpt>
      <trkpt lat="25.07262" lon="121.52547000000001">
        <time>2023-05-01T07:19:53.924Z</time>
        <ele>3.6926534730704628</ele>
      </trkpt>
      <trkpt lat="25.07206" lon="121.52692">
        <time>2023-05-01T07:19:59.924Z</time>
        <ele>4.091851530701899</ele>
      </trkpt>
      <trkpt lat="25.072170000000003" lon="121.52752000000001">
        <time>2023-05-01T07:20:05.924Z</time>
        <ele>4.443795146436908</ele>
      </trkpt>
      <trkpt lat="25.07278" lon="121.52891000000001">
        <time>2023-05-01T07:20:11.924Z</time>
        <ele>5.331044010861338</ele>
      </trkpt>
      <trkpt lat="25.07299" lon="121.52943">
        <time>2023-05-01T07:20:17.924Z</time>
        <ele>4.97510004845575</ele>
      </trkpt>
      <trkpt lat="25.073290000000004" lon="121.52944000000001">
        <time>2023-05-01T07:20:23.924Z</time>
        <ele>4.5352544671765145</ele>
      </trkpt>
      <trkpt lat="25.07355" lon="121.52900000000001">
        <time>2023-05-01T07:20:29.924Z</time>
        <ele>4.013626843229085</ele>
      </trkpt>
      <trkpt lat="25.073950000000004" lon="121.52918000000001">
        <time>2023-05-01T07:20:35.924Z</time>
        <ele>3.69668770877768</ele>
      </trkpt>
      <trkpt lat="25.07401" lon="121.52940000000001">
        <time>2023-05-01T07:20:41.924Z</time>
        <ele>3.5433399211489904</ele>
      </trkpt>
      <trkpt lat="25.074150000000003" lon="121.52962000000001">
        <time>2023-05-01T07:20:47.924Z</time>
        <ele>3.3641308148150495</ele>
      </trkpt>
      <trkpt lat="25.07439" lon="121.52954000000001">
        <time>2023-05-01T07:20:53.924Z</time>
        <ele>3.180242197965895</ele>
      </trkpt>
      <trkpt lat="25.07459" lon="121.52958000000001">
        <time>2023-05-01T07:20:59.924Z</time>
        <ele>3.0311972819333572</ele>
      </trkpt>
      <trkpt lat="25.074900000000003" lon="121.52990000000001">
        <time>2023-05-01T07:21:05.924Z</time>
        <ele>2.7026115538610678</ele>
      </trkpt>
      <trkpt lat="25.075170000000004" lon="121.53022000000001">
        <time>2023-05-01T07:21:11.924Z</time>
        <ele>2.115863115815251</ele>
      </trkpt>
      <trkpt lat="25.07523" lon="121.53037">
        <time>2023-05-01T07:21:17.924Z</time>
        <ele>1.8954994896932265</ele>
      </trkpt>
      <trkpt lat="25.075270000000003" lon="121.53067000000001">
        <time>2023-05-01T07:21:23.924Z</time>
        <ele>1.4876741952711068</ele>
      </trkpt>
      <trkpt lat="25.07533" lon="121.53081000000002">
        <time>2023-05-01T07:21:29.924Z</time>
        <ele>1.2795557918492466</ele>
      </trkpt>
      <trkpt lat="25.07543" lon="121.53091">
        <time>2023-05-01T07:21:35.924Z</time>
        <ele>1.079795909784193</ele>
      </trkpt>
      <trkpt lat="25.075650000000003" lon="121.53111000000001">
        <time>2023-05-01T07:21:41.924Z</time>
        <ele>0.6579693546082395</ele>
      </trkpt>
      <trkpt lat="25.0757" lon="121.53121000000002">
        <time>2023-05-01T07:21:47.924Z</time>
        <ele>0.5045249402144861</ele>
      </trkpt>
      <trkpt lat="25.07572" lon="121.53137000000001">
        <time>2023-05-01T07:21:53.924Z</time>
        <ele>0.2872954165117172</ele>
      </trkpt>
      <trkpt lat="25.07569" lon="121.53151000000001">
        <time>2023-05-01T07:21:59.924Z</time>
        <ele>0.09384285909251748</ele>
      </trkpt>
      <trkpt lat="25.07563" lon="121.53168000000001">
        <time>2023-05-01T07:22:05.924Z</time>
        <ele>0.04785664604751898</ele>
      </trkpt>
      <trkpt lat="25.075480000000002" lon="121.53178000000001">
        <time>2023-05-01T07:22:11.924Z</time>
        <ele>0.1249104457124567</ele>
      </trkpt>
      <trkpt lat="25.07541" lon="121.53190000000001">
        <time>2023-05-01T07:22:17.924Z</time>
        <ele>0.18189862401259438</ele>
      </trkpt>
      <trkpt lat="25.07534" lon="121.53207">
        <time>2023-05-01T07:22:23.924Z</time>
        <ele>0.2565081036970166</ele>
      </trkpt>
      <trkpt lat="25.07533" lon="121.53215000000002">
        <time>2023-05-01T07:22:29.924Z</time>
        <ele>0.288800577664541</ele>
      </trkpt>
      <trkpt lat="25.075370000000003" lon="121.53239">
        <time>2023-05-01T07:22:35.924Z</time>
        <ele>0.3863720581352637</ele>
      </trkpt>
      <trkpt lat="25.0755" lon="121.53262000000001">
        <time>2023-05-01T07:22:41.924Z</time>
        <ele>0.4946236069012849</ele>
      </trkpt>
      <trkpt lat="25.075570000000003" lon="121.53285000000001">
        <time>2023-05-01T07:22:47.924Z</time>
        <ele>0.5916017689809079</ele>
      </trkpt>
      <trkpt lat="25.075550000000003" lon="121.53305">
        <time>2023-05-01T07:22:53.924Z</time>
        <ele>0.6720636883219563</ele>
      </trkpt>
      <trkpt lat="25.07553" lon="121.53321000000001">
        <time>2023-05-01T07:22:59.924Z</time>
        <ele>0.7366485307419792</ele>
      </trkpt>
      <trkpt lat="25.07552" lon="121.53338000000001">
        <time>2023-05-01T07:23:05.924Z</time>
        <ele>0.8047742611525236</ele>
      </trkpt>
      <trkpt lat="25.07553" lon="121.53354000000002">
        <time>2023-05-01T07:23:11.924Z</time>
        <ele>0.8822732564436061</ele>
      </trkpt>
      <trkpt lat="25.07552" lon="121.53381000000002">
        <time>2023-05-01T07:23:17.924Z</time>
        <ele>1.0320079383733183</ele>
      </trkpt>
      <trkpt lat="25.07551" lon="121.53402000000001">
        <time>2023-05-01T07:23:23.924Z</time>
        <ele>1.1485310233424868</ele>
      </trkpt>
      <trkpt lat="25.075360000000003" lon="121.53437000000001">
        <time>2023-05-01T07:23:29.924Z</time>
        <ele>1.3628708168138814</ele>
      </trkpt>
      <trkpt lat="25.075200000000002" lon="121.53464000000001">
        <time>2023-05-01T07:23:35.924Z</time>
        <ele>1.5413637839999756</ele>
      </trkpt>
      <trkpt lat="25.07506" lon="121.53482000000001">
        <time>2023-05-01T07:23:41.924Z</time>
        <ele>1.6725258082205987</ele>
      </trkpt>
      <trkpt lat="25.074910000000003" lon="121.53498">
        <time>2023-05-01T07:23:47.924Z</time>
        <ele>1.799762051293937</ele>
      </trkpt>
      <trkpt lat="25.074800000000003" lon="121.53523000000001">
        <time>2023-05-01T07:23:53.924Z</time>
        <ele>2.075815464070441</ele>
      </trkpt>
      <trkpt lat="25.074740000000002" lon="121.53542000000002">
        <time>2023-05-01T07:23:59.924Z</time>
        <ele>2.2800502495223327</ele>
      </trkpt>
      <trkpt lat="25.074730000000002" lon="121.53569000000002">
        <time>2023-05-01T07:24:05.924Z</time>
        <ele>2.554489829238143</ele>
      </trkpt>
      <trkpt lat="25.074790000000004" lon="121.53598000000001">
        <time>2023-05-01T07:24:11.924Z</time>
        <ele>2.8565187244878767</ele>
      </trkpt>
      <trkpt lat="25.074920000000002" lon="121.53626000000001">
        <time>2023-05-01T07:24:17.924Z</time>
        <ele>3.175705624120182</ele>
      </trkpt>
      <trkpt lat="25.075100000000003" lon="121.53645000000002">
        <time>2023-05-01T07:24:23.924Z</time>
        <ele>3.4541365391495438</ele>
      </trkpt>
      <trkpt lat="25.075280000000003" lon="121.53658000000001">
        <time>2023-05-01T07:24:29.924Z</time>
        <ele>3.554566869065892</ele>
      </trkpt>
      <trkpt lat="25.07552" lon="121.53671000000001">
        <time>2023-05-01T07:24:35.924Z</time>
        <ele>3.6348168799953613</ele>
      </trkpt>
      <trkpt lat="25.07563" lon="121.53684000000001">
        <time>2023-05-01T07:24:41.924Z</time>
        <ele>3.683279276264218</ele>
      </trkpt>
      <trkpt lat="25.07569" lon="121.53701000000001">
        <time>2023-05-01T07:24:47.924Z</time>
        <ele>3.733072097308221</ele>
      </trkpt>
      <trkpt lat="25.0757" lon="121.53718">
        <time>2023-05-01T07:24:53.924Z</time>
        <ele>3.7795973198061135</ele>
      </trkpt>
      <trkpt lat="25.07569" lon="121.53743000000001">
        <time>2023-05-01T07:24:59.924Z</time>
        <ele>3.847940321048976</ele>
      </trkpt>
      <trkpt lat="25.075680000000002" lon="121.53760000000001">
        <time>2023-05-01T07:25:05.924Z</time>
        <ele>3.8944655473095002</ele>
      </trkpt>
      <trkpt lat="25.07562" lon="121.53779000000002">
        <time>2023-05-01T07:25:11.924Z</time>
        <ele>3.9493869647053517</ele>
      </trkpt>
      <trkpt lat="25.075550000000003" lon="121.53788000000002">
        <time>2023-05-01T07:25:17.924Z</time>
        <ele>3.981710104911955</ele>
      </trkpt>
      <trkpt lat="25.07541" lon="121.53796000000001">
        <time>2023-05-01T07:25:23.924Z</time>
        <ele>4.029037063942379</ele>
      </trkpt>
      <trkpt lat="25.07531" lon="121.53798">
        <time>2023-05-01T07:25:29.924Z</time>
        <ele>4.059517496908841</ele>
      </trkpt>
      <trkpt lat="25.07523" lon="121.53797000000002">
        <time>2023-05-01T07:25:35.924Z</time>
        <ele>4.083662071761811</ele>
      </trkpt>
      <trkpt lat="25.075110000000002" lon="121.53795000000001">
        <time>2023-05-01T07:25:41.924Z</time>
        <ele>4.120058694999388</ele>
      </trkpt>
      <trkpt lat="25.075020000000002" lon="121.53793">
        <time>2023-05-01T07:25:47.924Z</time>
        <ele>4.14759421452697</ele>
      </trkpt>
      <trkpt lat="25.07497" lon="121.53819000000001">
        <time>2023-05-01T07:25:53.924Z</time>
        <ele>4.220168569232938</ele>
      </trkpt>
      <trkpt lat="25.07496" lon="121.53862000000001">
        <time>2023-05-01T07:25:59.924Z</time>
        <ele>4.235645776483627</ele>
      </trkpt>
      <trkpt lat="25.074920000000002" lon="121.53891000000002">
        <time>2023-05-01T07:26:05.924Z</time>
        <ele>4.238770605789416</ele>
      </trkpt>
      <trkpt lat="25.074920000000002" lon="121.53925000000001">
        <time>2023-05-01T07:26:11.924Z</time>
        <ele>4.242392894798363</ele>
      </trkpt>
      <trkpt lat="25.07497" lon="121.53939000000001">
        <time>2023-05-01T07:26:17.924Z</time>
        <ele>4.2439950032430325</ele>
      </trkpt>
      <trkpt lat="25.075190000000003" lon="121.53951">
        <time>2023-05-01T07:26:23.924Z</time>
        <ele>4.246868550402204</ele>
      </trkpt>
      <trkpt lat="25.07534" lon="121.53960000000001">
        <time>2023-05-01T07:26:29.924Z</time>
        <ele>4.248399532862228</ele>
      </trkpt>
      <trkpt lat="25.07562" lon="121.53961000000001">
        <time>2023-05-01T07:26:35.924Z</time>
        <ele>4.2490632827574295</ele>
      </trkpt>
      <trkpt lat="25.07562" lon="121.53971000000001">
        <time>2023-05-01T07:26:41.924Z</time>
        <ele>4.249279066818173</ele>
      </trkpt>
      <trkpt lat="25.07569" lon="121.53996000000001">
        <time>2023-05-01T07:26:47.924Z</time>
        <ele>4.249843445445227</ele>
      </trkpt>
      <trkpt lat="25.075290000000003" lon="121.54787">
        <time>2023-05-01T07:26:53.924Z</time>
        <ele>5.055120264731722</ele>
      </trkpt>
      <trkpt lat="25.075280000000003" lon="121.54798000000001">
        <time>2023-05-01T07:26:59.924Z</time>
        <ele>5.074603173781856</ele>
      </trkpt>
      <trkpt lat="25.075020000000002" lon="121.54837">
        <time>2023-05-01T07:27:05.924Z</time>
        <ele>5.159783994301083</ele>
      </trkpt>
      <trkpt lat="25.07522" lon="121.54903000000002">
        <time>2023-05-01T07:27:11.924Z</time>
        <ele>5.2226860113876965</ele>
      </trkpt>
      <trkpt lat="25.075190000000003" lon="121.54927">
        <time>2023-05-01T07:27:17.924Z</time>
        <ele>4.9791257163010005</ele>
      </trkpt>
      <trkpt lat="25.075090000000003" lon="121.55041000000001">
        <time>2023-05-01T07:27:23.924Z</time>
        <ele>3.8276546123443493</ele>
      </trkpt>
      <trkpt lat="25.074990000000003" lon="121.55074">
        <time>2023-05-01T07:27:29.924Z</time>
        <ele>3.351195546090054</ele>
      </trkpt>
      <trkpt lat="25.07496" lon="121.55094000000001">
        <time>2023-05-01T07:27:35.924Z</time>
        <ele>3.0329405279262778</ele>
      </trkpt>
      <trkpt lat="25.074920000000002" lon="121.55124">
        <time>2023-05-01T07:27:41.924Z</time>
        <ele>2.5568826761069934</ele>
      </trkpt>
      <trkpt lat="25.074930000000002" lon="121.55161000000001">
        <time>2023-05-01T07:27:47.924Z</time>
        <ele>1.9756813270381754</ele>
      </trkpt>
      <trkpt lat="25.074790000000004" lon="121.55271">
        <time>2023-05-01T07:27:53.924Z</time>
        <ele>2.8648582383602577</ele>
      </trkpt>
      <trkpt lat="25.07478" lon="121.55271">
        <time>2023-05-01T07:27:59.924Z</time>
        <ele>2.8814868977165005</ele>
      </trkpt>
      <trkpt lat="25.074550000000002" lon="121.55434000000001">
        <time>2023-05-01T07:28:05.924Z</time>
        <ele>4.709678251894543</ele>
      </trkpt>
      <trkpt lat="25.074530000000003" lon="121.55445000000002">
        <time>2023-05-01T07:28:11.924Z</time>
        <ele>4.752622014431957</ele>
      </trkpt>
      <trkpt lat="25.07429" lon="121.55524000000001">
        <time>2023-05-01T07:28:17.924Z</time>
        <ele>5.071450843483992</ele>
      </trkpt>
      <trkpt lat="25.0741" lon="121.55541000000001">
        <time>2023-05-01T07:28:23.924Z</time>
        <ele>5.174478257772221</ele>
      </trkpt>
      <trkpt lat="25.074080000000002" lon="121.55546000000001">
        <time>2023-05-01T07:28:29.924Z</time>
        <ele>5.195385306949767</ele>
      </trkpt>
      <trkpt lat="25.07354" lon="121.55726000000001">
        <time>2023-05-01T07:28:35.924Z</time>
        <ele>5.0699361412864565</ele>
      </trkpt>
      <trkpt lat="25.073480000000004" lon="121.55733000000001">
        <time>2023-05-01T07:28:41.924Z</time>
        <ele>5.048682049407645</ele>
      </trkpt>
      <trkpt lat="25.07345" lon="121.55736000000002">
        <time>2023-05-01T07:28:47.924Z</time>
        <ele>5.038830906755797</ele>
      </trkpt>
      <trkpt lat="25.073040000000002" lon="121.55759">
        <time>2023-05-01T07:28:53.924Z</time>
        <ele>4.927055362531403</ele>
      </trkpt>
      <trkpt lat="25.073" lon="121.55761000000001">
        <time>2023-05-01T07:28:59.924Z</time>
        <ele>4.916384982404959</ele>
      </trkpt>
      <trkpt lat="25.072840000000003" lon="121.55788000000001">
        <time>2023-05-01T07:29:05.924Z</time>
        <ele>4.854668044165929</ele>
      </trkpt>
      <trkpt lat="25.0728" lon="121.55805000000001">
        <time>2023-05-01T07:29:11.924Z</time>
        <ele>4.8373352462732875</ele>
      </trkpt>
      <trkpt lat="25.072770000000002" lon="121.55818000000001">
        <time>2023-05-01T07:29:17.924Z</time>
        <ele>4.824096553992483</ele>
      </trkpt>
      <trkpt lat="25.072730000000004" lon="121.55847000000001">
        <time>2023-05-01T07:29:23.924Z</time>
        <ele>4.795142299744287</ele>
      </trkpt>
      <trkpt lat="25.072540000000004" lon="121.55897000000002">
        <time>2023-05-01T07:29:29.924Z</time>
        <ele>4.741660129728366</ele>
      </trkpt>
      <trkpt lat="25.07253" lon="121.55897000000002">
        <time>2023-05-01T07:29:35.924Z</time>
        <ele>4.740576258902542</ele>
      </trkpt>
      <trkpt lat="25.072300000000002" lon="121.55958000000001">
        <time>2023-05-01T07:29:41.924Z</time>
        <ele>4.675402786517473</ele>
      </trkpt>
      <trkpt lat="25.071810000000003" lon="121.56089000000001">
        <time>2023-05-01T07:29:47.924Z</time>
        <ele>2.448826778950344</ele>
      </trkpt>
      <trkpt lat="25.07178" lon="121.56102000000001">
        <time>2023-05-01T07:29:53.924Z</time>
        <ele>2.2663463485805186</ele>
      </trkpt>
      <trkpt lat="25.07159" lon="121.56187000000001">
        <time>2023-05-01T07:29:59.924Z</time>
        <ele>1.0754288199106758</ele>
      </trkpt>
      <trkpt lat="25.071540000000002" lon="121.56262000000001">
        <time>2023-05-01T07:30:05.924Z</time>
        <ele>0.052173378466916796</ele>
      </trkpt>
      <trkpt lat="25.071520000000003" lon="121.56286000000001">
        <time>2023-05-01T07:30:11.924Z</time>
        <ele>0.36910488209481307</ele>
      </trkpt>
      <trkpt lat="25.071690000000004" lon="121.56358000000002">
        <time>2023-05-01T07:30:17.924Z</time>
        <ele>1.7237919301615616</ele>
      </trkpt>
      <trkpt lat="25.071690000000004" lon="121.56359">
        <time>2023-05-01T07:30:23.924Z</time>
        <ele>1.7420049658448997</ele>
      </trkpt>
      <trkpt lat="25.071910000000003" lon="121.56424000000001">
        <time>2023-05-01T07:30:29.924Z</time>
        <ele>3.0049517863564956</ele>
      </trkpt>
      <trkpt lat="25.07205" lon="121.56452000000002">
        <time>2023-05-01T07:30:35.924Z</time>
        <ele>3.5867076408718654</ele>
      </trkpt>
      <trkpt lat="25.07205" lon="121.56453">
        <time>2023-05-01T07:30:41.924Z</time>
        <ele>3.6049206233123603</ele>
      </trkpt>
      <trkpt lat="25.07242" lon="121.56530000000001">
        <time>2023-05-01T07:30:47.924Z</time>
        <ele>2.6023853743717322</ele>
      </trkpt>
      <trkpt lat="25.0726" lon="121.56576000000001">
        <time>2023-05-01T07:30:53.924Z</time>
        <ele>1.8287087536428288</ele>
      </trkpt>
      <trkpt lat="25.072630000000004" lon="121.56579">
        <time>2023-05-01T07:30:59.924Z</time>
        <ele>1.7598602998533193</ele>
      </trkpt>
      <trkpt lat="25.072630000000004" lon="121.56580000000001">
        <time>2023-05-01T07:31:05.924Z</time>
        <ele>1.7444071266872285</ele>
      </trkpt>
      <trkpt lat="25.07317" lon="121.56652000000001">
        <time>2023-05-01T07:31:11.924Z</time>
        <ele>0.5726779726378486</ele>
      </trkpt>
      <trkpt lat="25.07337" lon="121.56687000000001">
        <time>2023-05-01T07:31:17.924Z</time>
        <ele>0.43872270952824155</ele>
      </trkpt>
      <trkpt lat="25.073760000000004" lon="121.56745000000001">
        <time>2023-05-01T07:31:23.924Z</time>
        <ele>0.2049911911304076</ele>
      </trkpt>
      <trkpt lat="25.073760000000004" lon="121.56746000000001">
        <time>2023-05-01T07:31:29.924Z</time>
        <ele>0.20174918135193284</ele>
      </trkpt>
      <trkpt lat="25.07403" lon="121.56778000000001">
        <time>2023-05-01T07:31:35.924Z</time>
        <ele>0.06032781137263753</ele>
      </trkpt>
      <trkpt lat="25.074430000000003" lon="121.56843">
        <time>2023-05-01T07:31:41.924Z</time>
        <ele>0</ele>
      </trkpt>
      <trkpt lat="25.074540000000002" lon="121.56865">
        <time>2023-05-01T07:31:47.924Z</time>
        <ele>0</ele>
      </trkpt>
      <trkpt lat="25.07457" lon="121.56885000000001">
        <time>2023-05-01T07:31:53.924Z</time>
        <ele>0</ele>
      </trkpt>
      <trkpt lat="25.07456" lon="121.56896">
        <time>2023-05-01T07:31:59.924Z</time>
        <ele>0</ele>
      </trkpt>
      <trkpt lat="25.074550000000002" lon="121.56904000000002">
        <time>2023-05-01T07:32:05.924Z</time>
        <ele>0</ele>
      </trkpt>
      <trkpt lat="25.07431" lon="121.5695">
        <time>2023-05-01T07:32:11.924Z</time>
        <ele>0</ele>
      </trkpt>
      <trkpt lat="25.074040000000004" lon="121.56995">
        <time>2023-05-01T07:32:17.924Z</time>
        <ele>0</ele>
      </trkpt>
      <trkpt lat="25.073880000000003" lon="121.57010000000001">
        <time>2023-05-01T07:32:23.924Z</time>
        <ele>0</ele>
      </trkpt>
      <trkpt lat="25.073710000000002" lon="121.57021">
        <time>2023-05-01T07:32:29.924Z</time>
        <ele>0</ele>
      </trkpt>
      <trkpt lat="25.073710000000002" lon="121.57020000000001">
        <time>2023-05-01T07:32:35.924Z</time>
        <ele>0</ele>
      </trkpt>
      <trkpt lat="25.07346" lon="121.57027000000001">
        <time>2023-05-01T07:32:41.924Z</time>
        <ele>0</ele>
      </trkpt>
      <trkpt lat="25.0729" lon="121.57035">
        <time>2023-05-01T07:32:47.924Z</time>
        <ele>0</ele>
      </trkpt>
      <trkpt lat="25.07185" lon="121.57043000000002">
        <time>2023-05-01T07:32:53.924Z</time>
        <ele>0</ele>
      </trkpt>
      <trkpt lat="25.071610000000003" lon="121.57042000000001">
        <time>2023-05-01T07:32:59.924Z</time>
        <ele>0</ele>
      </trkpt>
      <trkpt lat="25.07147" lon="121.57046000000001">
        <time>2023-05-01T07:33:05.924Z</time>
        <ele>0</ele>
      </trkpt>
      <trkpt lat="25.07137" lon="121.57059000000001">
        <time>2023-05-01T07:33:11.924Z</time>
        <ele>0</ele>
      </trkpt>
      <trkpt lat="25.071360000000002" lon="121.57067">
        <time>2023-05-01T07:33:17.924Z</time>
        <ele>0</ele>
      </trkpt>
      <trkpt lat="25.07137" lon="121.57059000000001">
        <time>2023-05-01T07:33:23.924Z</time>
        <ele>0</ele>
      </trkpt>
      <trkpt lat="25.071230000000003" lon="121.57086000000001">
        <time>2023-05-01T07:33:29.924Z</time>
        <ele>0</ele>
      </trkpt>
      <trkpt lat="25.0711" lon="121.57094000000001">
        <time>2023-05-01T07:33:35.924Z</time>
        <ele>0</ele>
      </trkpt>
      <trkpt lat="25.07062" lon="121.57105000000001">
        <time>2023-05-01T07:33:41.924Z</time>
        <ele>0</ele>
      </trkpt>
      <trkpt lat="25.070570000000004" lon="121.57106000000002">
        <time>2023-05-01T07:33:47.924Z</time>
        <ele>0</ele>
      </trkpt>
      <trkpt lat="25.06987" lon="121.57103000000001">
        <time>2023-05-01T07:33:53.924Z</time>
        <ele>0</ele>
      </trkpt>
      <trkpt lat="25.06951" lon="121.57093">
        <time>2023-05-01T07:33:59.924Z</time>
        <ele>0.0018037147389338933</ele>
      </trkpt>
      <trkpt lat="25.068980000000003" lon="121.57072000000001">
        <time>2023-05-01T07:34:05.924Z</time>
        <ele>0.00874106172901654</ele>
      </trkpt>
      <trkpt lat="25.068990000000003" lon="121.57072000000001">
        <time>2023-05-01T07:34:11.924Z</time>
        <ele>0.008864182856669399</ele>
      </trkpt>
      <trkpt lat="25.068410000000004" lon="121.57046000000001">
        <time>2023-05-01T07:34:17.924Z</time>
        <ele>0.01657749419089327</ele>
      </trkpt>
      <trkpt lat="25.06735" lon="121.56995">
        <time>2023-05-01T07:34:23.924Z</time>
        <ele>0.9644729287072571</ele>
      </trkpt>
      <trkpt lat="25.06736" lon="121.56995">
        <time>2023-05-01T07:34:29.924Z</time>
        <ele>0.9766302873380471</ele>
      </trkpt>
      <trkpt lat="25.066720000000004" lon="121.56964">
        <time>2023-05-01T07:34:35.924Z</time>
        <ele>1.8270582711772863</ele>
      </trkpt>
      <trkpt lat="25.066070000000003" lon="121.56927">
        <time>2023-05-01T07:34:41.924Z</time>
        <ele>2.7171834667201096</ele>
      </trkpt>
      <trkpt lat="25.06537" lon="121.56883">
        <time>2023-05-01T07:34:47.924Z</time>
        <ele>2.552808461724244</ele>
      </trkpt>
      <trkpt lat="25.06537" lon="121.56884000000001">
        <time>2023-05-01T07:34:53.924Z</time>
        <ele>2.550899688421663</ele>
      </trkpt>
      <trkpt lat="25.065260000000002" lon="121.56877000000001">
        <time>2023-05-01T07:34:59.924Z</time>
        <ele>2.524255362407823</ele>
      </trkpt>
      <trkpt lat="25.064970000000002" lon="121.56865">
        <time>2023-05-01T07:35:05.924Z</time>
        <ele>2.4593088314391536</ele>
      </trkpt>
      <trkpt lat="25.06433" lon="121.56847">
        <time>2023-05-01T07:35:11.924Z</time>
        <ele>2.320857485860807</ele>
      </trkpt>
      <trkpt lat="25.064210000000003" lon="121.56847">
        <time>2023-05-01T07:35:17.924Z</time>
        <ele>2.1603000910226577</ele>
      </trkpt>
      <trkpt lat="25.0635" lon="121.56855000000002">
        <time>2023-05-01T07:35:23.924Z</time>
        <ele>1.2010327052386316</ele>
      </trkpt>
      <trkpt lat="25.06322" lon="121.5686">
        <time>2023-05-01T07:35:29.924Z</time>
        <ele>0.8197613706174512</ele>
      </trkpt>
      <trkpt lat="25.06311" lon="121.56866000000001">
        <time>2023-05-01T07:35:35.924Z</time>
        <ele>0.6546778636610231</ele>
      </trkpt>
      <trkpt lat="25.06277" lon="121.56883">
        <time>2023-05-01T07:35:41.924Z</time>
        <ele>1.2012213011419286</ele>
      </trkpt>
      <trkpt lat="25.06238" lon="121.56908000000001">
        <time>2023-05-01T07:35:47.924Z</time>
        <ele>2.5652420366286233</ele>
      </trkpt>
      <trkpt lat="25.062310000000004" lon="121.56909000000002">
        <time>2023-05-01T07:35:53.924Z</time>
        <ele>2.7784479621117373</ele>
      </trkpt>
      <trkpt lat="25.061870000000003" lon="121.56916000000001">
        <time>2023-05-01T07:35:59.924Z</time>
        <ele>4.1212765177057955</ele>
      </trkpt>
      <trkpt lat="25.061180000000004" lon="121.56930000000001">
        <time>2023-05-01T07:36:05.924Z</time>
        <ele>6.140240384330213</ele>
      </trkpt>
      <trkpt lat="25.060930000000003" lon="121.56941">
        <time>2023-05-01T07:36:11.924Z</time>
        <ele>6.329461605265634</ele>
      </trkpt>
      <trkpt lat="25.06086" lon="121.56953000000001">
        <time>2023-05-01T07:36:17.924Z</time>
        <ele>6.42065220951853</ele>
      </trkpt>
      <trkpt lat="25.060820000000003" lon="121.56962000000001">
        <time>2023-05-01T07:36:23.924Z</time>
        <ele>6.484737184880869</ele>
      </trkpt>
      <trkpt lat="25.059120000000004" lon="121.56993000000001">
        <time>2023-05-01T07:36:29.924Z</time>
        <ele>7.358861012062468</ele>
      </trkpt>
      <trkpt lat="25.058220000000002" lon="121.57005000000001">
        <time>2023-05-01T07:36:35.924Z</time>
        <ele>7.112473896133974</ele>
      </trkpt>
      <trkpt lat="25.056900000000002" lon="121.57027000000001">
        <time>2023-05-01T07:36:41.924Z</time>
        <ele>6.542424330667662</ele>
      </trkpt>
      <trkpt lat="25.056720000000002" lon="121.57025000000002">
        <time>2023-05-01T07:36:47.924Z</time>
        <ele>6.460715334240319</ele>
      </trkpt>
      <trkpt lat="25.05645" lon="121.57019000000001">
        <time>2023-05-01T07:36:53.924Z</time>
        <ele>6.336301647904563</ele>
      </trkpt>
      <trkpt lat="25.056400000000004" lon="121.57016000000002">
        <time>2023-05-01T07:36:59.924Z</time>
        <ele>6.310567496419555</ele>
      </trkpt>
      <trkpt lat="25.056400000000004" lon="121.57017">
        <time>2023-05-01T07:37:05.924Z</time>
        <ele>6.306453577659644</ele>
      </trkpt>
      <trkpt lat="25.05626" lon="121.57010000000001">
        <time>2023-05-01T07:37:11.924Z</time>
        <ele>6.236976057597408</ele>
      </trkpt>
      <trkpt lat="25.0558" lon="121.57011000000001">
        <time>2023-05-01T07:37:17.924Z</time>
        <ele>5.572276885110787</ele>
      </trkpt>
      <trkpt lat="25.055390000000003" lon="121.57016000000002">
        <time>2023-05-01T07:37:23.924Z</time>
        <ele>4.071727758342598</ele>
      </trkpt>
      <trkpt lat="25.055030000000002" lon="121.57022">
        <time>2023-05-01T07:37:29.924Z</time>
        <ele>2.7472221920861033</ele>
      </trkpt>
      <trkpt lat="25.05476" lon="121.5703">
        <time>2023-05-01T07:37:35.924Z</time>
        <ele>1.7299537843745263</ele>
      </trkpt>
      <trkpt lat="25.054520000000004" lon="121.57034000000002">
        <time>2023-05-01T07:37:41.924Z</time>
        <ele>0.846950047751738</ele>
      </trkpt>
      <trkpt lat="25.05402" lon="121.57042000000001">
        <time>2023-05-01T07:37:47.924Z</time>
        <ele>0.4651135501837745</ele>
      </trkpt>
      <trkpt lat="25.053250000000002" lon="121.57056000000001">
        <time>2023-05-01T07:37:53.924Z</time>
        <ele>1.6975060777511226</ele>
      </trkpt>
      <trkpt lat="25.052650000000003" lon="121.57068000000001">
        <time>2023-05-01T07:37:59.924Z</time>
        <ele>2.600178022593282</ele>
      </trkpt>
      <trkpt lat="25.05232" lon="121.57076">
        <time>2023-05-01T07:38:05.924Z</time>
        <ele>2.71349401392298</ele>
      </trkpt>
      <trkpt lat="25.052020000000002" lon="121.57092000000002">
        <time>2023-05-01T07:38:11.924Z</time>
        <ele>2.8253280231846736</ele>
      </trkpt>
      <trkpt lat="25.0514" lon="121.57130000000001">
        <time>2023-05-01T07:38:17.924Z</time>
        <ele>3.06342260849623</ele>
      </trkpt>
      <trkpt lat="25.051360000000003" lon="121.57137000000002">
        <time>2023-05-01T07:38:23.924Z</time>
        <ele>3.0886619923728267</ele>
      </trkpt>
      <trkpt lat="25.05112" lon="121.57183">
        <time>2023-05-01T07:38:29.924Z</time>
        <ele>3.2505784898033503</ele>
      </trkpt>
      <trkpt lat="25.05104" lon="121.57213000000002">
        <time>2023-05-01T07:38:35.924Z</time>
        <ele>3.3460565187277296</ele>
      </trkpt>
      <trkpt lat="25.050990000000002" lon="121.5725">
        <time>2023-05-01T07:38:41.924Z</time>
        <ele>2.8539283377684446</ele>
      </trkpt>
      <trkpt lat="25.050950000000004" lon="121.57300000000001">
        <time>2023-05-01T07:38:47.924Z</time>
        <ele>2.178962487876097</ele>
      </trkpt>
      <trkpt lat="25.05094" lon="121.57332000000001">
        <time>2023-05-01T07:38:53.924Z</time>
        <ele>1.7483873737016045</ele>
      </trkpt>
      <trkpt lat="25.050970000000003" lon="121.57381000000001">
        <time>2023-05-01T07:38:59.924Z</time>
        <ele>1.0879703174927307</ele>
      </trkpt>
      <trkpt lat="25.050970000000003" lon="121.57382000000001">
        <time>2023-05-01T07:39:05.924Z</time>
        <ele>1.0745227583980481</ele>
      </trkpt>
      <trkpt lat="25.050990000000002" lon="121.57416">
        <time>2023-05-01T07:39:11.924Z</time>
        <ele>0.7674478589497834</ele>
      </trkpt>
      <trkpt lat="25.05102" lon="121.57442">
        <time>2023-05-01T07:39:17.924Z</time>
        <ele>0.6576200096559318</ele>
      </trkpt>
      <trkpt lat="25.05102" lon="121.57443">
        <time>2023-05-01T07:39:23.924Z</time>
        <ele>0.6534293459805811</ele>
      </trkpt>
      <trkpt lat="25.051270000000002" lon="121.57538000000001">
        <time>2023-05-01T07:39:29.924Z</time>
        <ele>0.2390373017070283</ele>
      </trkpt>
      <trkpt lat="25.051270000000002" lon="121.57539000000001">
        <time>2023-05-01T07:39:35.924Z</time>
        <ele>0.23484664653106752</ele>
      </trkpt>
      <trkpt lat="25.051450000000003" lon="121.57616000000002">
        <time>2023-05-01T07:39:41.924Z</time>
        <ele>0</ele>
      </trkpt>
      <trkpt lat="25.051460000000002" lon="121.57616000000002">
        <time>2023-05-01T07:39:47.924Z</time>
        <ele>0</ele>
      </trkpt>
      <trkpt lat="25.051650000000002" lon="121.57710000000002">
        <time>2023-05-01T07:39:53.924Z</time>
        <ele>0</ele>
      </trkpt>
      <trkpt lat="25.051650000000002" lon="121.57711">
        <time>2023-05-01T07:39:59.924Z</time>
        <ele>0</ele>
      </trkpt>
      <trkpt lat="25.051910000000003" lon="121.57829000000001">
        <time>2023-05-01T07:40:05.924Z</time>
        <ele>0.18048943030837586</ele>
      </trkpt>
      <trkpt lat="25.051910000000003" lon="121.57830000000001">
        <time>2023-05-01T07:40:11.924Z</time>
        <ele>0.1827927487974093</ele>
      </trkpt>
      <trkpt lat="25.052100000000003" lon="121.57921">
        <time>2023-05-01T07:40:17.924Z</time>
        <ele>0.3978298305481434</ele>
      </trkpt>
      <trkpt lat="25.052100000000003" lon="121.57922">
        <time>2023-05-01T07:40:23.924Z</time>
        <ele>0.40013314548666246</ele>
      </trkpt>
      <trkpt lat="25.05223" lon="121.57979000000002">
        <time>2023-05-01T07:40:29.924Z</time>
        <ele>0.535474410300256</ele>
      </trkpt>
      <trkpt lat="25.05223" lon="121.5798">
        <time>2023-05-01T07:40:35.924Z</time>
        <ele>0.5377777228061856</ele>
      </trkpt>
      <trkpt lat="25.052360000000004" lon="121.58045000000001">
        <time>2023-05-01T07:40:41.924Z</time>
        <ele>0.40370807916410145</ele>
      </trkpt>
      <trkpt lat="25.052370000000003" lon="121.58045000000001">
        <time>2023-05-01T07:40:47.924Z</time>
        <ele>0.4008435898662314</ele>
      </trkpt>
      <trkpt lat="25.052490000000002" lon="121.58105">
        <time>2023-05-01T07:40:53.924Z</time>
        <ele>0.24055332549109507</ele>
      </trkpt>
      <trkpt lat="25.052490000000002" lon="121.58106000000001">
        <time>2023-05-01T07:40:59.924Z</time>
        <ele>0.23794397361662478</ele>
      </trkpt>
      <trkpt lat="25.05254" lon="121.58128">
        <time>2023-05-01T07:41:05.924Z</time>
        <ele>0.17877852533763683</ele>
      </trkpt>
      <trkpt lat="25.05254" lon="121.58129000000001">
        <time>2023-05-01T07:41:11.924Z</time>
        <ele>0.17616917452165257</ele>
      </trkpt>
      <trkpt lat="25.052650000000003" lon="121.58182000000001">
        <time>2023-05-01T07:41:17.924Z</time>
        <ele>0.034329492965958955</ele>
      </trkpt>
      <trkpt lat="25.052650000000003" lon="121.58183000000001">
        <time>2023-05-01T07:41:23.924Z</time>
        <ele>0.03172014447872672</ele>
      </trkpt>
      <trkpt lat="25.0528" lon="121.58257">
        <time>2023-05-01T07:41:29.924Z</time>
        <ele>0.0025911783459212083</ele>
      </trkpt>
      <trkpt lat="25.05281" lon="121.58257">
        <time>2023-05-01T07:41:35.924Z</time>
        <ele>0.0025690800321286804</ele>
      </trkpt>
      <trkpt lat="25.052960000000002" lon="121.58312000000001">
        <time>2023-05-01T07:41:41.924Z</time>
        <ele>0.001413375419557371</ele>
      </trkpt>
      <trkpt lat="25.053020000000004" lon="121.58323000000001">
        <time>2023-05-01T07:41:47.924Z</time>
        <ele>0.0011552841545345726</ele>
      </trkpt>
      <trkpt lat="25.053020000000004" lon="121.58324">
        <time>2023-05-01T07:41:53.924Z</time>
        <ele>0.0011351542049728956</ele>
      </trkpt>
      <trkpt lat="25.053110000000004" lon="121.58342">
        <time>2023-05-01T07:41:59.924Z</time>
        <ele>0.0007218205647092165</ele>
      </trkpt>
      <trkpt lat="25.053110000000004" lon="121.58343">
        <time>2023-05-01T07:42:05.924Z</time>
        <ele>0.000701690629817995</ele>
      </trkpt>
      <trkpt lat="25.053250000000002" lon="121.58355000000002">
        <time>2023-05-01T07:42:11.924Z</time>
        <ele>0.00030918005391099057</ele>
      </trkpt>
      <trkpt lat="25.053250000000002" lon="121.58356">
        <time>2023-05-01T07:42:17.924Z</time>
        <ele>0.00028905014191376167</ele>
      </trkpt>
      <trkpt lat="25.05327" lon="121.58357000000001">
        <time>2023-05-01T07:42:23.924Z</time>
        <ele>0.00024048518105637318</ele>
      </trkpt>
      <trkpt lat="25.053410000000003" lon="121.58409">
        <time>2023-05-01T07:42:29.924Z</time>
        <ele>0.9671552604103035</ele>
      </trkpt>
      <trkpt lat="25.053410000000003" lon="121.5841">
        <time>2023-05-01T07:42:35.924Z</time>
        <ele>0.9900318761658529</ele>
      </trkpt>
      <trkpt lat="25.053770000000004" lon="121.58539">
        <time>2023-05-01T07:42:41.924Z</time>
        <ele>3.55799006456401</ele>
      </trkpt>
      <trkpt lat="25.053770000000004" lon="121.5854">
        <time>2023-05-01T07:42:47.924Z</time>
        <ele>3.566162521620761</ele>
      </trkpt>
      <trkpt lat="25.05404" lon="121.58633">
        <time>2023-05-01T07:42:53.924Z</time>
        <ele>4.363868421110042</ele>
      </trkpt>
      <trkpt lat="25.05404" lon="121.58634">
        <time>2023-05-01T07:42:59.924Z</time>
        <ele>4.3720408602633745</ele>
      </trkpt>
      <trkpt lat="25.054560000000002" lon="121.58730000000001">
        <time>2023-05-01T07:43:05.924Z</time>
        <ele>5.881768385543676</ele>
      </trkpt>
      <trkpt lat="25.054560000000002" lon="121.58731000000002">
        <time>2023-05-01T07:43:11.924Z</time>
        <ele>5.900357193618772</ele>
      </trkpt>
      <trkpt lat="25.05498" lon="121.58805000000001">
        <time>2023-05-01T07:43:17.924Z</time>
        <ele>7.521092334775503</ele>
      </trkpt>
      <trkpt lat="25.05498" lon="121.58806000000001">
        <time>2023-05-01T07:43:23.924Z</time>
        <ele>7.539681079501962</ele>
      </trkpt>
      <trkpt lat="25.055270000000004" lon="121.58859000000001">
        <time>2023-05-01T07:43:29.924Z</time>
        <ele>8.425869835055193</ele>
      </trkpt>
      <trkpt lat="25.055280000000003" lon="121.58859000000001">
        <time>2023-05-01T07:43:35.924Z</time>
        <ele>8.419703178437045</ele>
      </trkpt>
      <trkpt lat="25.055410000000002" lon="121.5888">
        <time>2023-05-01T07:43:41.924Z</time>
        <ele>8.277078339604413</ele>
      </trkpt>
      <trkpt lat="25.055410000000002" lon="121.58881000000001">
        <time>2023-05-01T07:43:47.924Z</time>
        <ele>8.271461076699602</ele>
      </trkpt>
      <trkpt lat="25.055840000000003" lon="121.58936000000001">
        <time>2023-05-01T07:43:53.924Z</time>
        <ele>7.864321574570504</ele>
      </trkpt>
      <trkpt lat="25.055850000000003" lon="121.58936000000001">
        <time>2023-05-01T07:43:59.924Z</time>
        <ele>7.858154917484042</ele>
      </trkpt>
      <trkpt lat="25.0562" lon="121.58980000000001">
        <time>2023-05-01T07:44:05.924Z</time>
        <ele>7.530022127897348</ele>
      </trkpt>
      <trkpt lat="25.0562" lon="121.58981000000001">
        <time>2023-05-01T07:44:11.924Z</time>
        <ele>7.524404901001358</ele>
      </trkpt>
      <trkpt lat="25.05626" lon="121.58988000000001">
        <time>2023-05-01T07:44:17.924Z</time>
        <ele>7.470413199794297</ele>
      </trkpt>
      <trkpt lat="25.056510000000003" lon="121.59012000000001">
        <time>2023-05-01T07:44:23.924Z</time>
        <ele>6.856590386179851</ele>
      </trkpt>
      <trkpt lat="25.056520000000003" lon="121.59012000000001">
        <time>2023-05-01T07:44:29.924Z</time>
        <ele>6.835333262093076</ele>
      </trkpt>
      <trkpt lat="25.05703" lon="121.59060000000001">
        <time>2023-05-01T07:44:35.924Z</time>
        <ele>5.407349167033063</ele>
      </trkpt>
      <trkpt lat="25.05704" lon="121.59060000000001">
        <time>2023-05-01T07:44:41.924Z</time>
        <ele>5.386092041467956</ele>
      </trkpt>
      <trkpt lat="25.057360000000003" lon="121.59091000000001">
        <time>2023-05-01T07:44:47.924Z</time>
        <ele>4.478890511993357</ele>
      </trkpt>
      <trkpt lat="25.057370000000002" lon="121.59091000000001">
        <time>2023-05-01T07:44:53.924Z</time>
        <ele>4.457633385476296</ele>
      </trkpt>
      <trkpt lat="25.05795" lon="121.59150000000001">
        <time>2023-05-01T07:44:59.924Z</time>
        <ele>3.474851581944678</ele>
      </trkpt>
      <trkpt lat="25.05795" lon="121.59151000000001">
        <time>2023-05-01T07:45:05.924Z</time>
        <ele>3.5096281451959848</ele>
      </trkpt>
      <trkpt lat="25.058380000000003" lon="121.59204000000001">
        <time>2023-05-01T07:45:11.924Z</time>
        <ele>5.977895043971412</ele>
      </trkpt>
      <trkpt lat="25.058390000000003" lon="121.59207">
        <time>2023-05-01T07:45:17.924Z</time>
        <ele>6.08899058054765</ele>
      </trkpt>
      <trkpt lat="25.058390000000003" lon="121.59208000000001">
        <time>2023-05-01T07:45:23.924Z</time>
        <ele>6.12376701962109</ele>
      </trkpt>
      <trkpt lat="25.05861" lon="121.59259000000002">
        <time>2023-05-01T07:45:29.924Z</time>
        <ele>8.086196472720996</ele>
      </trkpt>
      <trkpt lat="25.05861" lon="121.5926">
        <time>2023-05-01T07:45:35.924Z</time>
        <ele>8.120972849655347</ele>
      </trkpt>
      <trkpt lat="25.058690000000002" lon="121.59285000000001">
        <time>2023-05-01T07:45:41.924Z</time>
        <ele>9.042471283371922</ele>
      </trkpt>
      <trkpt lat="25.058690000000002" lon="121.59286000000002">
        <time>2023-05-01T07:45:47.924Z</time>
        <ele>9.077247637777676</ele>
      </trkpt>
      <trkpt lat="25.058860000000003" lon="121.59325000000001">
        <time>2023-05-01T07:45:53.924Z</time>
        <ele>10.580822244327242</ele>
      </trkpt>
      <trkpt lat="25.059" lon="121.59369000000001">
        <time>2023-05-01T07:45:59.924Z</time>
        <ele>12.201646431871723</ele>
      </trkpt>
      <trkpt lat="25.059" lon="121.59370000000001">
        <time>2023-05-01T07:46:05.924Z</time>
        <ele>12.198290280908305</ele>
      </trkpt>
      <trkpt lat="25.059160000000002" lon="121.59437000000001">
        <time>2023-05-01T07:46:11.924Z</time>
        <ele>11.333435958558617</ele>
      </trkpt>
      <trkpt lat="25.059160000000002" lon="121.59438000000002">
        <time>2023-05-01T07:46:17.924Z</time>
        <ele>11.320949674211718</ele>
      </trkpt>
      <trkpt lat="25.05919" lon="121.59459000000001">
        <time>2023-05-01T07:46:23.924Z</time>
        <ele>11.055532520165894</ele>
      </trkpt>
      <trkpt lat="25.05919" lon="121.59514000000001">
        <time>2023-05-01T07:46:29.924Z</time>
        <ele>10.687911662597587</ele>
      </trkpt>
      <trkpt lat="25.05919" lon="121.59531000000001">
        <time>2023-05-01T07:46:35.924Z</time>
        <ele>10.740197035496639</ele>
      </trkpt>
      <trkpt lat="25.059130000000003" lon="121.59575000000001">
        <time>2023-05-01T07:46:41.924Z</time>
        <ele>10.877031963462024</ele>
      </trkpt>
      <trkpt lat="25.059040000000003" lon="121.59612000000001">
        <time>2023-05-01T07:46:47.924Z</time>
        <ele>10.994817295898262</ele>
      </trkpt>
      <trkpt lat="25.059" lon="121.59629000000001">
        <time>2023-05-01T07:46:53.924Z</time>
        <ele>11.048818984713165</ele>
      </trkpt>
      <trkpt lat="25.058760000000003" lon="121.59691000000001">
        <time>2023-05-01T07:46:59.924Z</time>
        <ele>11.256012030462239</ele>
      </trkpt>
      <trkpt lat="25.058580000000003" lon="121.59748">
        <time>2023-05-01T07:47:05.924Z</time>
        <ele>10.658864852915922</ele>
      </trkpt>
      <trkpt lat="25.058560000000003" lon="121.59760000000001">
        <time>2023-05-01T07:47:11.924Z</time>
        <ele>10.45418855216581</ele>
      </trkpt>
      <trkpt lat="25.05842" lon="121.59828000000002">
        <time>2023-05-01T07:47:17.924Z</time>
        <ele>9.997739788405333</ele>
      </trkpt>
      <trkpt lat="25.058380000000003" lon="121.59864">
        <time>2023-05-01T07:47:23.924Z</time>
        <ele>10.072572901783431</ele>
      </trkpt>
      <trkpt lat="25.058390000000003" lon="121.59895000000002">
        <time>2023-05-01T07:47:29.924Z</time>
        <ele>10.136578505379754</ele>
      </trkpt>
      <trkpt lat="25.058390000000003" lon="121.59896">
        <time>2023-05-01T07:47:35.924Z</time>
        <ele>10.138641908685091</ele>
      </trkpt>
      <trkpt lat="25.058470000000003" lon="121.60114000000002">
        <time>2023-05-01T07:47:41.924Z</time>
        <ele>9.910648666008782</ele>
      </trkpt>
      <trkpt lat="25.058470000000003" lon="121.60115">
        <time>2023-05-01T07:47:47.924Z</time>
        <ele>9.906803872435042</ele>
      </trkpt>
      <trkpt lat="25.058480000000003" lon="121.60139000000001">
        <time>2023-05-01T07:47:53.924Z</time>
        <ele>9.814432341533836</ele>
      </trkpt>
      <trkpt lat="25.05863" lon="121.60300000000001">
        <time>2023-05-01T07:47:59.924Z</time>
        <ele>9.33623592670905</ele>
      </trkpt>
      <trkpt lat="25.05863" lon="121.60301000000001">
        <time>2023-05-01T07:48:05.924Z</time>
        <ele>9.334405273643641</ele>
      </trkpt>
      <trkpt lat="25.058850000000003" lon="121.60498000000001">
        <time>2023-05-01T07:48:11.924Z</time>
        <ele>9.224278145137236</ele>
      </trkpt>
      <trkpt lat="25.058850000000003" lon="121.60499000000002">
        <time>2023-05-01T07:48:17.924Z</time>
        <ele>9.226483728799849</ele>
      </trkpt>
      <trkpt lat="25.058980000000002" lon="121.60578000000001">
        <time>2023-05-01T07:48:23.924Z</time>
        <ele>9.400810991285775</ele>
      </trkpt>
      <trkpt lat="25.059130000000003" lon="121.60660000000001">
        <time>2023-05-01T07:48:29.924Z</time>
        <ele>9.159399690511407</ele>
      </trkpt>
      <trkpt lat="25.05928" lon="121.60713000000001">
        <time>2023-05-01T07:48:35.924Z</time>
        <ele>8.999205876601941</ele>
      </trkpt>
      <trkpt lat="25.05928" lon="121.60714000000002">
        <time>2023-05-01T07:48:41.924Z</time>
        <ele>8.996319471149828</ele>
      </trkpt>
      <trkpt lat="25.059450000000002" lon="121.60774">
        <time>2023-05-01T07:48:47.924Z</time>
        <ele>8.910786751867931</ele>
      </trkpt>
      <trkpt lat="25.05983" lon="121.60889000000002">
        <time>2023-05-01T07:48:53.924Z</time>
        <ele>9.119265975209174</ele>
      </trkpt>
      <trkpt lat="25.05983" lon="121.6089">
        <time>2023-05-01T07:48:59.924Z</time>
        <ele>9.12097016529427</ele>
      </trkpt>
      <trkpt lat="25.060060000000004" lon="121.60949000000001">
        <time>2023-05-01T07:49:05.924Z</time>
        <ele>9.230338514188675</ele>
      </trkpt>
      <trkpt lat="25.060160000000003" lon="121.60966">
        <time>2023-05-01T07:49:11.924Z</time>
        <ele>9.264825737276928</ele>
      </trkpt>
      <trkpt lat="25.060160000000003" lon="121.60967000000001">
        <time>2023-05-01T07:49:17.924Z</time>
        <ele>9.266529922800173</ele>
      </trkpt>
      <trkpt lat="25.06039" lon="121.61005000000002">
        <time>2023-05-01T07:49:23.924Z</time>
        <ele>9.815058817208353</ele>
      </trkpt>
      <trkpt lat="25.06086" lon="121.61068000000002">
        <time>2023-05-01T07:49:29.924Z</time>
        <ele>10.805751663795219</ele>
      </trkpt>
      <trkpt lat="25.06086" lon="121.61069">
        <time>2023-05-01T07:49:35.924Z</time>
        <ele>10.817917266038384</ele>
      </trkpt>
      <trkpt lat="25.06097" lon="121.61082">
        <time>2023-05-01T07:49:41.924Z</time>
        <ele>11.033780140930164</ele>
      </trkpt>
      <trkpt lat="25.06144" lon="121.61126000000002">
        <time>2023-05-01T07:49:47.924Z</time>
        <ele>11.091904974254751</ele>
      </trkpt>
      <trkpt lat="25.06144" lon="121.61127">
        <time>2023-05-01T07:49:53.924Z</time>
        <ele>11.091783870128058</ele>
      </trkpt>
      <trkpt lat="25.06221" lon="121.61193000000002">
        <time>2023-05-01T07:49:59.924Z</time>
        <ele>11.078795676406978</ele>
      </trkpt>
      <trkpt lat="25.06221" lon="121.61194">
        <time>2023-05-01T07:50:05.924Z</time>
        <ele>11.078674573037162</ele>
      </trkpt>
      <trkpt lat="25.062890000000003" lon="121.61251000000001">
        <time>2023-05-01T07:50:11.924Z</time>
        <ele>11.067299661418698</ele>
      </trkpt>
      <trkpt lat="25.063250000000004" lon="121.61279">
        <time>2023-05-01T07:50:17.924Z</time>
        <ele>11.061433867165706</ele>
      </trkpt>
      <trkpt lat="25.063250000000004" lon="121.61280000000001">
        <time>2023-05-01T07:50:23.924Z</time>
        <ele>11.061312764818027</ele>
      </trkpt>
      <trkpt lat="25.06352" lon="121.61308000000001">
        <time>2023-05-01T07:50:29.924Z</time>
        <ele>11.056374692162297</ele>
      </trkpt>
      <trkpt lat="25.063670000000002" lon="121.61333">
        <time>2023-05-01T07:50:35.924Z</time>
        <ele>11.200276004277056</ele>
      </trkpt>
      <trkpt lat="25.06379" lon="121.61369">
        <time>2023-05-01T07:50:41.924Z</time>
        <ele>11.611389183427914</ele>
      </trkpt>
      <trkpt lat="25.06379" lon="121.61387">
        <time>2023-05-01T07:50:47.924Z</time>
        <ele>11.804425357664261</ele>
      </trkpt>
      <trkpt lat="25.06379" lon="121.61388000000001">
        <time>2023-05-01T07:50:53.924Z</time>
        <ele>11.815149589569675</ele>
      </trkpt>
      <trkpt lat="25.0638" lon="121.61403000000001">
        <time>2023-05-01T07:50:59.924Z</time>
        <ele>11.976443364788398</ele>
      </trkpt>
      <trkpt lat="25.06369" lon="121.61462000000002">
        <time>2023-05-01T07:51:05.924Z</time>
        <ele>12.744558147806757</ele>
      </trkpt>
      <trkpt lat="25.063200000000002" lon="121.61652000000001">
        <time>2023-05-01T07:51:11.924Z</time>
        <ele>13.72731756952774</ele>
      </trkpt>
      <trkpt lat="25.063070000000003" lon="121.61701000000001">
        <time>2023-05-01T07:51:17.924Z</time>
        <ele>13.898384914115974</ele>
      </trkpt>
      <trkpt lat="25.062600000000003" lon="121.61789000000002">
        <time>2023-05-01T07:51:23.924Z</time>
        <ele>14.364441096351232</ele>
      </trkpt>
      <trkpt lat="25.062420000000003" lon="121.61819000000001">
        <time>2023-05-01T07:51:29.924Z</time>
        <ele>14.528563795024496</ele>
      </trkpt>
      <trkpt lat="25.06201" lon="121.61891000000001">
        <time>2023-05-01T07:51:35.924Z</time>
        <ele>14.760892284809072</ele>
      </trkpt>
      <trkpt lat="25.06114" lon="121.61998000000001">
        <time>2023-05-01T07:51:41.924Z</time>
        <ele>13.432566830475714</ele>
      </trkpt>
      <trkpt lat="25.06021" lon="121.62085">
        <time>2023-05-01T07:51:47.924Z</time>
        <ele>14.467491652364528</ele>
      </trkpt>
      <trkpt lat="25.059220000000003" lon="121.62157">
        <time>2023-05-01T07:51:53.924Z</time>
        <ele>16.756494493445494</ele>
      </trkpt>
      <trkpt lat="25.05919" lon="121.62153">
        <time>2023-05-01T07:51:59.924Z</time>
        <ele>16.767556062060372</ele>
      </trkpt>
      <trkpt lat="25.059060000000002" lon="121.62133000000001">
        <time>2023-05-01T07:52:05.924Z</time>
        <ele>16.820009383997508</ele>
      </trkpt>
      <trkpt lat="25.059050000000003" lon="121.62133000000001">
        <time>2023-05-01T07:52:11.924Z</time>
        <ele>16.822353102266245</ele>
      </trkpt>
      <trkpt lat="25.059050000000003" lon="121.62133000000001">
        <time>2023-05-01T07:52:17.924Z</time>
        <ele>16.822353102266245</ele>
      </trkpt>
      <trkpt lat="25.058130000000002" lon="121.62199000000001">
        <time>2023-05-01T07:52:23.924Z</time>
        <ele>17.94638869995309</ele>
      </trkpt>
      <trkpt lat="25.057990000000004" lon="121.62207000000001">
        <time>2023-05-01T07:52:29.924Z</time>
        <ele>18.39178453995124</ele>
      </trkpt>
      <trkpt lat="25.057840000000002" lon="121.62209000000001">
        <time>2023-05-01T07:52:35.924Z</time>
        <ele>18.81819558968253</ele>
      </trkpt>
      <trkpt lat="25.057740000000003" lon="121.6221">
        <time>2023-05-01T07:52:41.924Z</time>
        <ele>19.10156424743122</ele>
      </trkpt>
      <trkpt lat="25.057440000000003" lon="121.62202">
        <time>2023-05-01T07:52:47.924Z</time>
        <ele>19.97278317325228</ele>
      </trkpt>
      <trkpt lat="25.057290000000002" lon="121.62187000000002">
        <time>2023-05-01T07:52:53.924Z</time>
        <ele>20.545370950744317</ele>
      </trkpt>
      <trkpt lat="25.057170000000003" lon="121.62173000000001">
        <time>2023-05-01T07:52:59.924Z</time>
        <ele>21.039525479096106</ele>
      </trkpt>
      <trkpt lat="25.057180000000002" lon="121.62173000000001">
        <time>2023-05-01T07:53:05.924Z</time>
        <ele>21.06774551038412</ele>
      </trkpt>
      <trkpt lat="25.05639" lon="121.62078000000001">
        <time>2023-05-01T07:53:11.924Z</time>
        <ele>20.49440214775007</ele>
      </trkpt>
      <trkpt lat="25.056400000000004" lon="121.62078000000001">
        <time>2023-05-01T07:53:17.924Z</time>
        <ele>20.47656623111249</ele>
      </trkpt>
      <trkpt lat="25.05637" lon="121.62075000000002">
        <time>2023-05-01T07:53:23.924Z</time>
        <ele>20.40418739550212</ele>
      </trkpt>
      <trkpt lat="25.056700000000003" lon="121.62026000000002">
        <time>2023-05-01T07:53:29.924Z</time>
        <ele>19.414140542929815</ele>
      </trkpt>
      <trkpt lat="25.056770000000004" lon="121.62012000000001">
        <time>2023-05-01T07:53:35.924Z</time>
        <ele>19.471224308814936</ele>
      </trkpt>
      <trkpt lat="25.05676" lon="121.62012000000001">
        <time>2023-05-01T07:53:41.924Z</time>
        <ele>19.489947218167984</ele>
      </trkpt>
      <trkpt lat="25.056790000000003" lon="121.62007000000001">
        <time>2023-05-01T07:53:47.924Z</time>
        <ele>19.592057323550026</ele>
      </trkpt>
      <trkpt lat="25.056700000000003" lon="121.62002000000001">
        <time>2023-05-01T07:53:53.924Z</time>
        <ele>19.78091146058984</ele>
      </trkpt>
      <trkpt lat="25.056710000000002" lon="121.62002000000001">
        <time>2023-05-01T07:53:59.924Z</time>
        <ele>19.799634369784986</ele>
      </trkpt>
      <trkpt lat="25.05601" lon="121.61953000000001">
        <time>2023-05-01T07:54:05.924Z</time>
        <ele>21.5651789922216</ele>
      </trkpt>
      <trkpt lat="25.05516" lon="121.61898000000001">
        <time>2023-05-01T07:54:11.924Z</time>
        <ele>24.704238406480417</ele>
      </trkpt>
      <trkpt lat="25.05517" lon="121.61898000000001">
        <time>2023-05-01T07:54:17.924Z</time>
        <ele>24.736053374218955</ele>
      </trkpt>
      <trkpt lat="25.05477" lon="121.61875">
        <time>2023-05-01T07:54:23.924Z</time>
        <ele>26.17264750710909</ele>
      </trkpt>
      <trkpt lat="25.05478" lon="121.61876000000001">
        <time>2023-05-01T07:54:29.924Z</time>
        <ele>26.21568321831891</ele>
      </trkpt>
      <trkpt lat="25.05477" lon="121.61875">
        <time>2023-05-01T07:54:35.924Z</time>
        <ele>26.25871892953458</ele>
      </trkpt>
      <trkpt lat="25.054820000000003" lon="121.61852">
        <time>2023-05-01T07:54:41.924Z</time>
        <ele>26.800296489688794</ele>
      </trkpt>
      <trkpt lat="25.055090000000003" lon="121.61668000000002">
        <time>2023-05-01T07:54:47.924Z</time>
        <ele>30.48479016203549</ele>
      </trkpt>
      <trkpt lat="25.054930000000002" lon="121.61664">
        <time>2023-05-01T07:54:53.924Z</time>
        <ele>30.762434210292266</ele>
      </trkpt>
      <trkpt lat="25.054940000000002" lon="121.61664">
        <time>2023-05-01T07:54:59.924Z</time>
        <ele>30.779353783463655</ele>
      </trkpt>
      <trkpt lat="25.05432" lon="121.61651">
        <time>2023-05-01T07:55:05.924Z</time>
        <ele>31.847330068097612</ele>
      </trkpt>
      <trkpt lat="25.053220000000003" lon="121.61633">
        <time>2023-05-01T07:55:11.924Z</time>
        <ele>33.72904555872155</ele>
      </trkpt>
      <trkpt lat="25.053220000000003" lon="121.61632000000002">
        <time>2023-05-01T07:55:17.924Z</time>
        <ele>33.74445802445406</ele>
      </trkpt>
      <trkpt lat="25.053220000000003" lon="121.61633">
        <time>2023-05-01T07:55:23.924Z</time>
        <ele>33.75756672399205</ele>
      </trkpt>
      <trkpt lat="25.051930000000002" lon="121.6161">
        <time>2023-05-01T07:55:29.924Z</time>
        <ele>31.964473110882693</ele>
      </trkpt>
      <trkpt lat="25.051660000000002" lon="121.61597">
        <time>2023-05-01T07:55:35.924Z</time>
        <ele>32.674214318142326</ele>
      </trkpt>
      <trkpt lat="25.05167" lon="121.61597">
        <time>2023-05-01T07:55:41.924Z</time>
        <ele>32.77012758767634</ele>
      </trkpt>
      <trkpt lat="25.051190000000002" lon="121.61573000000001">
        <time>2023-05-01T07:55:47.924Z</time>
        <ele>37.829014018484074</ele>
      </trkpt>
      <trkpt lat="25.051000000000002" lon="121.61568000000001">
        <time>2023-05-01T07:55:53.924Z</time>
        <ele>39.70299657098121</ele>
      </trkpt>
      <trkpt lat="25.050330000000002" lon="121.61560000000001">
        <time>2023-05-01T07:55:59.924Z</time>
        <ele>45.78679881810484</ele>
      </trkpt>
      <trkpt lat="25.05027" lon="121.61560000000001">
        <time>2023-05-01T07:56:05.924Z</time>
        <ele>46.18134651765141</ele>
      </trkpt>
      <trkpt lat="25.050240000000002" lon="121.61562">
        <time>2023-05-01T07:56:11.924Z</time>
        <ele>46.41214945306991</ele>
      </trkpt>
      <trkpt lat="25.048260000000003" lon="121.61597">
        <time>2023-05-01T07:56:17.924Z</time>
        <ele>61.05179527512978</ele>
      </trkpt>
      <trkpt lat="25.046960000000002" lon="121.61549000000001">
        <time>2023-05-01T07:56:23.924Z</time>
        <ele>68.42871251419788</ele>
      </trkpt>
      <trkpt lat="25.046270000000003" lon="121.61519000000001">
        <time>2023-05-01T07:56:29.924Z</time>
        <ele>65.50795044161363</ele>
      </trkpt>
      <trkpt lat="25.045610000000003" lon="121.61528000000001">
        <time>2023-05-01T07:56:35.924Z</time>
        <ele>63.599403958725134</ele>
      </trkpt>
      <trkpt lat="25.043660000000003" lon="121.61634000000001">
        <time>2023-05-01T07:56:41.924Z</time>
        <ele>66.51586527857843</ele>
      </trkpt>
      <trkpt lat="25.042600000000004" lon="121.61692000000001">
        <time>2023-05-01T07:56:47.924Z</time>
        <ele>67.87195603073125</ele>
      </trkpt>
      <trkpt lat="25.042430000000003" lon="121.61698000000001">
        <time>2023-05-01T07:56:53.924Z</time>
        <ele>68.09067932368</ele>
      </trkpt>
      <trkpt lat="25.042340000000003" lon="121.61685000000001">
        <time>2023-05-01T07:56:59.924Z</time>
        <ele>68.2870794253012</ele>
      </trkpt>
      <trkpt lat="25.042170000000002" lon="121.61677000000002">
        <time>2023-05-01T07:57:05.924Z</time>
        <ele>68.53129765328471</ele>
      </trkpt>
      <trkpt lat="25.042040000000004" lon="121.61675000000001">
        <time>2023-05-01T07:57:11.924Z</time>
        <ele>68.70462176959852</ele>
      </trkpt>
      <trkpt lat="25.041790000000002" lon="121.61682">
        <time>2023-05-01T07:57:17.924Z</time>
        <ele>69.04528086414138</ele>
      </trkpt>
      <trkpt lat="25.041600000000003" lon="121.61690000000002">
        <time>2023-05-01T07:57:23.924Z</time>
        <ele>69.31397156050727</ele>
      </trkpt>
      <trkpt lat="25.040940000000003" lon="121.61752000000001">
        <time>2023-05-01T07:57:29.924Z</time>
        <ele>72.56273876525897</ele>
      </trkpt>
      <trkpt lat="25.04062" lon="121.61764000000001">
        <time>2023-05-01T07:57:35.924Z</time>
        <ele>76.710850901973</ele>
      </trkpt>
      <trkpt lat="25.04033" lon="121.61763">
        <time>2023-05-01T07:57:41.924Z</time>
        <ele>80.2699657073472</ele>
      </trkpt>
      <trkpt lat="25.039720000000003" lon="121.6175">
        <time>2023-05-01T07:57:47.924Z</time>
        <ele>87.89241495667686</ele>
      </trkpt>
      <trkpt lat="25.039240000000003" lon="121.61736">
        <time>2023-05-01T07:57:53.924Z</time>
        <ele>91.39747159710691</ele>
      </trkpt>
      <trkpt lat="25.0389" lon="121.61728000000001">
        <time>2023-05-01T07:57:59.924Z</time>
        <ele>89.42689609236712</ele>
      </trkpt>
      <trkpt lat="25.03854" lon="121.61706000000001">
        <time>2023-05-01T07:58:05.924Z</time>
        <ele>87.09187603283428</ele>
      </trkpt>
      <trkpt lat="25.03854" lon="121.61707000000001">
        <time>2023-05-01T07:58:11.924Z</time>
        <ele>87.04024700109869</ele>
      </trkpt>
      <trkpt lat="25.03855" lon="121.61707000000001">
        <time>2023-05-01T07:58:17.924Z</time>
        <ele>86.98357629929308</ele>
      </trkpt>
      <trkpt lat="25.038410000000002" lon="121.61699000000002">
        <time>2023-05-01T07:58:23.924Z</time>
        <ele>86.08911377228435</ele>
      </trkpt>
      <trkpt lat="25.03818" lon="121.61696">
        <time>2023-05-01T07:58:29.924Z</time>
        <ele>84.77651722380551</ele>
      </trkpt>
      <trkpt lat="25.0376" lon="121.617">
        <time>2023-05-01T07:58:35.924Z</time>
        <ele>83.89709663393543</ele>
      </trkpt>
      <trkpt lat="25.0364" lon="121.61691">
        <time>2023-05-01T07:58:41.924Z</time>
        <ele>85.66533821595318</ele>
      </trkpt>
      <trkpt lat="25.03602" lon="121.61690000000002">
        <time>2023-05-01T07:58:47.924Z</time>
        <ele>86.2721650797623</ele>
      </trkpt>
      <trkpt lat="25.03602" lon="121.61692000000001">
        <time>2023-05-01T07:58:53.924Z</time>
        <ele>86.35610372039022</ele>
      </trkpt>
      <trkpt lat="25.03602" lon="121.61690000000002">
        <time>2023-05-01T07:58:59.924Z</time>
        <ele>86.44004236101816</ele>
      </trkpt>
      <trkpt lat="25.035860000000003" lon="121.61687">
        <time>2023-05-01T07:59:05.924Z</time>
        <ele>87.1877869301187</ele>
      </trkpt>
      <trkpt lat="25.03535" lon="121.61667000000001">
        <time>2023-05-01T07:59:11.924Z</time>
        <ele>89.68263618006216</ele>
      </trkpt>
      <trkpt lat="25.035130000000002" lon="121.61649000000001">
        <time>2023-05-01T07:59:17.924Z</time>
        <ele>90.94668780232507</ele>
      </trkpt>
      <trkpt lat="25.035030000000003" lon="121.61637">
        <time>2023-05-01T07:59:23.924Z</time>
        <ele>91.62922962912418</ele>
      </trkpt>
      <trkpt lat="25.0349" lon="121.61612000000001">
        <time>2023-05-01T07:59:29.924Z</time>
        <ele>92.83734847197114</ele>
      </trkpt>
      <trkpt lat="25.034630000000003" lon="121.61552">
        <time>2023-05-01T07:59:35.924Z</time>
        <ele>95.63783037339505</ele>
      </trkpt>
      <trkpt lat="25.03461" lon="121.61543">
        <time>2023-05-01T07:59:41.924Z</time>
        <ele>95.92702608781933</ele>
      </trkpt>
      <trkpt lat="25.03462" lon="121.61505000000001">
        <time>2023-05-01T07:59:47.924Z</time>
        <ele>97.11379105865504</ele>
      </trkpt>
      <trkpt lat="25.034650000000003" lon="121.61446000000001">
        <time>2023-05-01T07:59:53.924Z</time>
        <ele>98.95849766137243</ele>
      </trkpt>
      <trkpt lat="25.034670000000002" lon="121.61446000000001">
        <time>2023-05-01T07:59:59.924Z</time>
        <ele>99.02702763848048</ele>
      </trkpt>
      <trkpt lat="25.03469" lon="121.61441">
        <time>2023-05-01T08:00:05.924Z</time>
        <ele>99.19749714805445</ele>
      </trkpt>
      <trkpt lat="25.03469" lon="121.61442000000001">
        <time>2023-05-01T08:00:11.924Z</time>
        <ele>99.22871476613963</ele>
      </trkpt>
      <trkpt lat="25.034670000000002" lon="121.61446000000001">
        <time>2023-05-01T08:00:17.924Z</time>
        <ele>99.37115420999389</ele>
      </trkpt>
      <trkpt lat="25.034650000000003" lon="121.61446000000001">
        <time>2023-05-01T08:00:23.924Z</time>
        <ele>99.43968418710193</ele>
      </trkpt>
      <trkpt lat="25.03462" lon="121.61423">
        <time>2023-05-01T08:00:29.924Z</time>
        <ele>100.16501084070796</ele>
      </trkpt>
      <trkpt lat="25.034550000000003" lon="121.61408000000002">
        <time>2023-05-01T08:00:35.924Z</time>
        <ele>100.6911307721583</ele>
      </trkpt>
      <trkpt lat="25.03423" lon="121.61374">
        <time>2023-05-01T08:00:41.924Z</time>
        <ele>103.19191072350313</ele>
      </trkpt>
      <trkpt lat="25.03387" lon="121.61329">
        <time>2023-05-01T08:00:47.924Z</time>
        <ele>106.54068041806487</ele>
      </trkpt>
      <trkpt lat="25.03357" lon="121.61283000000002">
        <time>2023-05-01T08:00:53.924Z</time>
        <ele>109.44069440838793</ele>
      </trkpt>
      <trkpt lat="25.03349" lon="121.61267000000001">
        <time>2023-05-01T08:00:59.924Z</time>
        <ele>110.01321832903562</ele>
      </trkpt>
      <trkpt lat="25.033330000000003" lon="121.61231000000001">
        <time>2023-05-01T08:01:05.924Z</time>
        <ele>111.26971868223075</ele>
      </trkpt>
      <trkpt lat="25.03328" lon="121.61210000000001">
        <time>2023-05-01T08:01:11.924Z</time>
        <ele>111.95059769474454</ele>
      </trkpt>
      <trkpt lat="25.03327" lon="121.61193000000002">
        <time>2023-05-01T08:01:17.924Z</time>
        <ele>112.48498640161421</ele>
      </trkpt>
      <trkpt lat="25.03328" lon="121.6119">
        <time>2023-05-01T08:01:23.924Z</time>
        <ele>112.58519520833389</ele>
      </trkpt>
      <trkpt lat="25.033320000000003" lon="121.61175000000001">
        <time>2023-05-01T08:01:29.924Z</time>
        <ele>113.07547628412145</ele>
      </trkpt>
      <trkpt lat="25.033450000000002" lon="121.61151000000001">
        <time>2023-05-01T08:01:35.924Z</time>
        <ele>113.95134843087074</ele>
      </trkpt>
      <trkpt lat="25.033620000000003" lon="121.611">
        <time>2023-05-01T08:01:41.924Z</time>
        <ele>115.65489498511221</ele>
      </trkpt>
      <trkpt lat="25.033330000000003" lon="121.61074">
        <time>2023-05-01T08:01:47.924Z</time>
        <ele>118.16485170290144</ele>
      </trkpt>
      <trkpt lat="25.033340000000003" lon="121.61074">
        <time>2023-05-01T08:01:53.924Z</time>
        <ele>118.32145533940466</ele>
      </trkpt>
      <trkpt lat="25.03329" lon="121.61070000000001">
        <time>2023-05-01T08:01:59.924Z</time>
        <ele>119.2903867290112</ele>
      </trkpt>
      <trkpt lat="25.03318" lon="121.61074">
        <time>2023-05-01T08:02:05.924Z</time>
        <ele>121.10510419589386</ele>
      </trkpt>
      <trkpt lat="25.033070000000002" lon="121.61081000000001">
        <time>2023-05-01T08:02:11.924Z</time>
        <ele>123.09632997188814</ele>
      </trkpt>
      <trkpt lat="25.032890000000002" lon="121.61099000000002">
        <time>2023-05-01T08:02:17.924Z</time>
        <ele>126.90968499162028</ele>
      </trkpt>
      <trkpt lat="25.032560000000004" lon="121.61116000000001">
        <time>2023-05-01T08:02:23.924Z</time>
        <ele>132.61850239795487</ele>
      </trkpt>
      <trkpt lat="25.03246" lon="121.61119000000001">
        <time>2023-05-01T08:02:29.924Z</time>
        <ele>134.2419813591457</ele>
      </trkpt>
      <trkpt lat="25.03226" lon="121.61119000000001">
        <time>2023-05-01T08:02:35.924Z</time>
        <ele>137.37405367848035</ele>
      </trkpt>
      <trkpt lat="25.03227" lon="121.61119000000001">
        <time>2023-05-01T08:02:41.924Z</time>
        <ele>137.53065729254308</ele>
      </trkpt>
      <trkpt lat="25.032210000000003" lon="121.61119000000001">
        <time>2023-05-01T08:02:47.924Z</time>
        <ele>138.4702789732268</ele>
      </trkpt>
      <trkpt lat="25.03205" lon="121.61110000000001">
        <time>2023-05-01T08:02:53.924Z</time>
        <ele>140.54442175018295</ele>
      </trkpt>
      <trkpt lat="25.031000000000002" lon="121.61041000000002">
        <time>2023-05-01T08:02:59.924Z</time>
        <ele>154.45077926519716</ele>
      </trkpt>
      <trkpt lat="25.030900000000003" lon="121.61032000000002">
        <time>2023-05-01T08:03:05.924Z</time>
        <ele>155.92027115166385</ele>
      </trkpt>
      <trkpt lat="25.030690000000003" lon="121.60996000000002">
        <time>2023-05-01T08:03:11.924Z</time>
        <ele>158.15446120675497</ele>
      </trkpt>
      <trkpt lat="25.03037" lon="121.60934">
        <time>2023-05-01T08:03:17.924Z</time>
        <ele>161.05644167663027</ele>
      </trkpt>
      <trkpt lat="25.03037" lon="121.60935">
        <time>2023-05-01T08:03:23.924Z</time>
        <ele>161.09716714729166</ele>
      </trkpt>
      <trkpt lat="25.0301" lon="121.60883000000001">
        <time>2023-05-01T08:03:29.924Z</time>
        <ele>163.53465228398778</ele>
      </trkpt>
      <trkpt lat="25.02992" lon="121.60863">
        <time>2023-05-01T08:03:35.924Z</time>
        <ele>164.67955076902726</ele>
      </trkpt>
      <trkpt lat="25.029750000000003" lon="121.6085">
        <time>2023-05-01T08:03:41.924Z</time>
        <ele>165.88336972422442</ele>
      </trkpt>
      <trkpt lat="25.029290000000003" lon="121.60783">
        <time>2023-05-01T08:03:47.924Z</time>
        <ele>172.34924879727117</ele>
      </trkpt>
      <trkpt lat="25.028620000000004" lon="121.60722000000001">
        <time>2023-05-01T08:03:53.924Z</time>
        <ele>179.0141332345443</ele>
      </trkpt>
      <trkpt lat="25.0284" lon="121.60673000000001">
        <time>2023-05-01T08:03:59.924Z</time>
        <ele>167.48258391416002</ele>
      </trkpt>
      <trkpt lat="25.028370000000002" lon="121.60661">
        <time>2023-05-01T08:04:05.924Z</time>
        <ele>167.57040863357494</ele>
      </trkpt>
      <trkpt lat="25.028370000000002" lon="121.60662">
        <time>2023-05-01T08:04:11.924Z</time>
        <ele>167.57746648969155</ele>
      </trkpt>
      <trkpt lat="25.028360000000003" lon="121.60649000000001">
        <time>2023-05-01T08:04:17.924Z</time>
        <ele>167.66954504834038</ele>
      </trkpt>
      <trkpt lat="25.02842" lon="121.60634">
        <time>2023-05-01T08:04:23.924Z</time>
        <ele>167.78516619192695</ele>
      </trkpt>
      <trkpt lat="25.028430000000004" lon="121.60623000000001">
        <time>2023-05-01T08:04:29.924Z</time>
        <ele>167.86318807941305</ele>
      </trkpt>
      <trkpt lat="25.0284" lon="121.60616000000002">
        <time>2023-05-01T08:04:35.924Z</time>
        <ele>167.91778583283013</ele>
      </trkpt>
      <trkpt lat="25.027980000000003" lon="121.60573000000001">
        <time>2023-05-01T08:04:41.924Z</time>
        <ele>168.362709974018</ele>
      </trkpt>
      <trkpt lat="25.02775" lon="121.60555000000001">
        <time>2023-05-01T08:04:47.924Z</time>
        <ele>168.49638208870385</ele>
      </trkpt>
      <trkpt lat="25.027620000000002" lon="121.60531">
        <time>2023-05-01T08:04:53.924Z</time>
        <ele>168.55022439505572</ele>
      </trkpt>
      <trkpt lat="25.027530000000002" lon="121.60486000000002">
        <time>2023-05-01T08:04:59.924Z</time>
        <ele>168.63906770866544</ele>
      </trkpt>
      <trkpt lat="25.027530000000002" lon="121.60487">
        <time>2023-05-01T08:05:05.924Z</time>
        <ele>168.64099609234887</ele>
      </trkpt>
      <trkpt lat="25.027500000000003" lon="121.60474">
        <time>2023-05-01T08:05:11.924Z</time>
        <ele>168.66685669035053</ele>
      </trkpt>
      <trkpt lat="25.027350000000002" lon="121.60464">
        <time>2023-05-01T08:05:17.924Z</time>
        <ele>168.704001979473</ele>
      </trkpt>
      <trkpt lat="25.0271" lon="121.60456">
        <time>2023-05-01T08:05:23.924Z</time>
        <ele>168.75911761263615</ele>
      </trkpt>
      <trkpt lat="25.02682" lon="121.60410000000002">
        <time>2023-05-01T08:05:29.924Z</time>
        <ele>167.57445448708415</ele>
      </trkpt>
      <trkpt lat="25.026770000000003" lon="121.60397">
        <time>2023-05-01T08:05:35.924Z</time>
        <ele>167.2501332050423</ele>
      </trkpt>
      <trkpt lat="25.02663" lon="121.60378000000001">
        <time>2023-05-01T08:05:41.924Z</time>
        <ele>166.68850610329199</ele>
      </trkpt>
      <trkpt lat="25.026470000000003" lon="121.60361">
        <time>2023-05-01T08:05:47.924Z</time>
        <ele>166.12674876442088</ele>
      </trkpt>
      <trkpt lat="25.026110000000003" lon="121.60335">
        <time>2023-05-01T08:05:53.924Z</time>
        <ele>165.03963928860117</ele>
      </trkpt>
      <trkpt lat="25.02589" lon="121.60327000000001">
        <time>2023-05-01T08:05:59.924Z</time>
        <ele>165.2044261024235</ele>
      </trkpt>
      <trkpt lat="25.025730000000003" lon="121.60318000000001">
        <time>2023-05-01T08:06:05.924Z</time>
        <ele>165.37816293698992</ele>
      </trkpt>
      <trkpt lat="25.025740000000003" lon="121.60318000000001">
        <time>2023-05-01T08:06:11.924Z</time>
        <ele>165.38782627905766</ele>
      </trkpt>
      <trkpt lat="25.025660000000002" lon="121.60314000000001">
        <time>2023-05-01T08:06:17.924Z</time>
        <ele>165.472777216648</ele>
      </trkpt>
      <trkpt lat="25.02558" lon="121.60302000000001">
        <time>2023-05-01T08:06:23.924Z</time>
        <ele>165.60369443786522</ele>
      </trkpt>
      <trkpt lat="25.025540000000003" lon="121.60288000000001">
        <time>2023-05-01T08:06:29.924Z</time>
        <ele>165.73287711422105</ele>
      </trkpt>
      <trkpt lat="25.025530000000003" lon="121.60270000000001">
        <time>2023-05-01T08:06:35.924Z</time>
        <ele>165.8916541169462</ele>
      </trkpt>
      <trkpt lat="25.02559" lon="121.60244000000002">
        <time>2023-05-01T08:06:41.924Z</time>
        <ele>166.1278018711499</ele>
      </trkpt>
      <trkpt lat="25.025520000000004" lon="121.60196">
        <time>2023-05-01T08:06:47.924Z</time>
        <ele>166.3353891602767</ele>
      </trkpt>
      <trkpt lat="25.025660000000002" lon="121.60175000000001">
        <time>2023-05-01T08:06:53.924Z</time>
        <ele>165.54338728853782</ele>
      </trkpt>
      <trkpt lat="25.02569" lon="121.60163000000001">
        <time>2023-05-01T08:06:59.924Z</time>
        <ele>165.16464531649785</ele>
      </trkpt>
      <trkpt lat="25.02567" lon="121.60153000000001">
        <time>2023-05-01T08:07:05.924Z</time>
        <ele>164.85303006415722</ele>
      </trkpt>
      <trkpt lat="25.02558" lon="121.60137">
        <time>2023-05-01T08:07:11.924Z</time>
        <ele>164.2807103176577</ele>
      </trkpt>
      <trkpt lat="25.025560000000002" lon="121.60127000000001">
        <time>2023-05-01T08:07:17.924Z</time>
        <ele>163.9690948005738</ele>
      </trkpt>
      <trkpt lat="25.025560000000002" lon="121.60128000000002">
        <time>2023-05-01T08:07:23.924Z</time>
        <ele>163.9386578950336</ele>
      </trkpt>
      <trkpt lat="25.025550000000003" lon="121.60123000000002">
        <time>2023-05-01T08:07:29.924Z</time>
        <ele>163.78285011842206</ele>
      </trkpt>
      <trkpt lat="25.025620000000004" lon="121.60096000000001">
        <time>2023-05-01T08:07:35.924Z</time>
        <ele>162.92843233655557</ele>
      </trkpt>
      <trkpt lat="25.025630000000003" lon="121.60087000000001">
        <time>2023-05-01T08:07:41.924Z</time>
        <ele>162.65247097228382</ele>
      </trkpt>
      <trkpt lat="25.02561" lon="121.60078000000001">
        <time>2023-05-01T08:07:47.924Z</time>
        <ele>162.370509142478</ele>
      </trkpt>
      <trkpt lat="25.025550000000003" lon="121.60067000000001">
        <time>2023-05-01T08:07:53.924Z</time>
        <ele>161.98029316581224</ele>
      </trkpt>
      <trkpt lat="25.025350000000003" lon="121.60044">
        <time>2023-05-01T08:07:59.924Z</time>
        <ele>160.79954000159222</ele>
      </trkpt>
      <trkpt lat="25.025090000000002" lon="121.59991000000001">
        <time>2023-05-01T08:08:05.924Z</time>
        <ele>156.87925885629267</ele>
      </trkpt>
      <trkpt lat="25.024420000000003" lon="121.59831000000001">
        <time>2023-05-01T08:08:11.924Z</time>
        <ele>150.19489122167658</ele>
      </trkpt>
      <trkpt lat="25.024420000000003" lon="121.59832000000002">
        <time>2023-05-01T08:08:17.924Z</time>
        <ele>150.17548848029196</ele>
      </trkpt>
      <trkpt lat="25.024330000000003" lon="121.59808000000001">
        <time>2023-05-01T08:08:23.924Z</time>
        <ele>149.67192483155824</ele>
      </trkpt>
      <trkpt lat="25.024220000000003" lon="121.59786000000001">
        <time>2023-05-01T08:08:29.924Z</time>
        <ele>149.18501544348183</ele>
      </trkpt>
      <trkpt lat="25.02417" lon="121.59776000000001">
        <time>2023-05-01T08:08:35.924Z</time>
        <ele>148.9636928846395</ele>
      </trkpt>
      <trkpt lat="25.02408" lon="121.59766">
        <time>2023-05-01T08:08:41.924Z</time>
        <ele>148.69096889571244</ele>
      </trkpt>
      <trkpt lat="25.02364" lon="121.59721">
        <time>2023-05-01T08:08:47.924Z</time>
        <ele>145.32569622325008</ele>
      </trkpt>
      <trkpt lat="25.02352" lon="121.59706000000001">
        <time>2023-05-01T08:08:53.924Z</time>
        <ele>144.28556250287002</ele>
      </trkpt>
      <trkpt lat="25.02334" lon="121.59689000000002">
        <time>2023-05-01T08:08:59.924Z</time>
        <ele>142.92749292878707</ele>
      </trkpt>
      <trkpt lat="25.023120000000002" lon="121.59668">
        <time>2023-05-01T08:09:05.924Z</time>
        <ele>141.26005294717902</ele>
      </trkpt>
      <trkpt lat="25.022910000000003" lon="121.59640000000002">
        <time>2023-05-01T08:09:11.924Z</time>
        <ele>138.2939239610572</ele>
      </trkpt>
      <trkpt lat="25.022630000000003" lon="121.59624000000001">
        <time>2023-05-01T08:09:17.924Z</time>
        <ele>134.592648412876</ele>
      </trkpt>
      <trkpt lat="25.02155" lon="121.59601">
        <time>2023-05-01T08:09:23.924Z</time>
        <ele>128.5398956757817</ele>
      </trkpt>
      <trkpt lat="25.02091" lon="121.59590000000001">
        <time>2023-05-01T08:09:29.924Z</time>
        <ele>125.40841164601632</ele>
      </trkpt>
      <trkpt lat="25.020590000000002" lon="121.59598000000001">
        <time>2023-05-01T08:09:35.924Z</time>
        <ele>123.84195050206765</ele>
      </trkpt>
      <trkpt lat="25.019830000000002" lon="121.59657000000001">
        <time>2023-05-01T08:09:41.924Z</time>
        <ele>119.73953588710245</ele>
      </trkpt>
      <trkpt lat="25.01978" lon="121.59660000000001">
        <time>2023-05-01T08:09:47.924Z</time>
        <ele>119.4884140064855</ele>
      </trkpt>
      <trkpt lat="25.01968" lon="121.59665000000001">
        <time>2023-05-01T08:09:53.924Z</time>
        <ele>119.00414872738888</ele>
      </trkpt>
      <trkpt lat="25.01951" lon="121.59656000000001">
        <time>2023-05-01T08:09:59.924Z</time>
        <ele>118.17237314737575</ele>
      </trkpt>
      <trkpt lat="25.019440000000003" lon="121.59646000000001">
        <time>2023-05-01T08:10:05.924Z</time>
        <ele>117.2768390251102</ele>
      </trkpt>
      <trkpt lat="25.01941" lon="121.59634000000001">
        <time>2023-05-01T08:10:11.924Z</time>
        <ele>116.2036706871247</ele>
      </trkpt>
      <trkpt lat="25.01939" lon="121.596">
        <time>2023-05-01T08:10:17.924Z</time>
        <ele>113.26528908267906</ele>
      </trkpt>
      <trkpt lat="25.01929" lon="121.59588000000001">
        <time>2023-05-01T08:10:23.924Z</time>
        <ele>111.86281532423386</ele>
      </trkpt>
      <trkpt lat="25.019190000000002" lon="121.59543000000001">
        <time>2023-05-01T08:10:29.924Z</time>
        <ele>107.86810326318708</ele>
      </trkpt>
      <trkpt lat="25.019140000000004" lon="121.59504000000001">
        <time>2023-05-01T08:10:35.924Z</time>
        <ele>104.47147141190729</ele>
      </trkpt>
      <trkpt lat="25.0191" lon="121.59458000000001">
        <time>2023-05-01T08:10:41.924Z</time>
        <ele>103.81231779369361</ele>
      </trkpt>
      <trkpt lat="25.01901" lon="121.59438000000002">
        <time>2023-05-01T08:10:47.924Z</time>
        <ele>103.81236685510041</ele>
      </trkpt>
      <trkpt lat="25.018880000000003" lon="121.59401000000001">
        <time>2023-05-01T08:10:53.924Z</time>
        <ele>103.8124540758648</ele>
      </trkpt>
      <trkpt lat="25.01883" lon="121.59366000000001">
        <time>2023-05-01T08:10:59.924Z</time>
        <ele>103.81253199763006</ele>
      </trkpt>
      <trkpt lat="25.018810000000002" lon="121.59298000000001">
        <time>2023-05-01T08:11:05.924Z</time>
        <ele>101.22044434825463</ele>
      </trkpt>
      <trkpt lat="25.018720000000002" lon="121.59261000000001">
        <time>2023-05-01T08:11:11.924Z</time>
        <ele>97.9712778883234</ele>
      </trkpt>
      <trkpt lat="25.01873" lon="121.59261000000001">
        <time>2023-05-01T08:11:17.924Z</time>
        <ele>97.87816369963204</ele>
      </trkpt>
      <trkpt lat="25.018720000000002" lon="121.59261000000001">
        <time>2023-05-01T08:11:23.924Z</time>
        <ele>97.78504951094067</ele>
      </trkpt>
      <trkpt lat="25.018590000000003" lon="121.59245000000001">
        <time>2023-05-01T08:11:29.924Z</time>
        <ele>95.96623109703285</ele>
      </trkpt>
      <trkpt lat="25.018440000000002" lon="121.59232000000002">
        <time>2023-05-01T08:11:35.924Z</time>
        <ele>94.18652221761205</ele>
      </trkpt>
      <trkpt lat="25.018030000000003" lon="121.59206">
        <time>2023-05-01T08:11:41.924Z</time>
        <ele>89.88290033450637</ele>
      </trkpt>
      <trkpt lat="25.0179" lon="121.59193">
        <time>2023-05-01T08:11:47.924Z</time>
        <ele>88.5322244479824</ele>
      </trkpt>
      <trkpt lat="25.01751" lon="121.59125000000002">
        <time>2023-05-01T08:11:53.924Z</time>
        <ele>82.90958921028036</ele>
      </trkpt>
      <trkpt lat="25.017300000000002" lon="121.59098000000002">
        <time>2023-05-01T08:11:59.924Z</time>
        <ele>80.53232598228885</ele>
      </trkpt>
      <trkpt lat="25.01696" lon="121.59025000000001">
        <time>2023-05-01T08:12:05.924Z</time>
        <ele>76.95389769455502</ele>
      </trkpt>
      <trkpt lat="25.016890000000004" lon="121.58967000000001">
        <time>2023-05-01T08:12:11.924Z</time>
        <ele>74.40019246778967</ele>
      </trkpt>
      <trkpt lat="25.016890000000004" lon="121.58968000000002">
        <time>2023-05-01T08:12:17.924Z</time>
        <ele>74.3565442599428</ele>
      </trkpt>
      <trkpt lat="25.01686" lon="121.58946000000002">
        <time>2023-05-01T08:12:23.924Z</time>
        <ele>73.38559009143563</ele>
      </trkpt>
      <trkpt lat="25.01632" lon="121.58836000000001">
        <time>2023-05-01T08:12:29.924Z</time>
        <ele>64.60536897191999</ele>
      </trkpt>
      <trkpt lat="25.01604" lon="121.58786">
        <time>2023-05-01T08:12:35.924Z</time>
        <ele>56.5151914454896</ele>
      </trkpt>
      <trkpt lat="25.016050000000003" lon="121.58786">
        <time>2023-05-01T08:12:41.924Z</time>
        <ele>56.363906555549214</ele>
      </trkpt>
      <trkpt lat="25.015800000000002" lon="121.58751000000001">
        <time>2023-05-01T08:12:47.924Z</time>
        <ele>53.28116686153329</ele>
      </trkpt>
      <trkpt lat="25.015" lon="121.58646000000002">
        <time>2023-05-01T08:12:53.924Z</time>
        <ele>44.23992705914278</ele>
      </trkpt>
      <trkpt lat="25.014920000000004" lon="121.5862">
        <time>2023-05-01T08:12:59.924Z</time>
        <ele>42.36908288994618</ele>
      </trkpt>
      <trkpt lat="25.014850000000003" lon="121.58576000000001">
        <time>2023-05-01T08:13:05.924Z</time>
        <ele>39.324061319811506</ele>
      </trkpt>
      <trkpt lat="25.014840000000003" lon="121.58537000000001">
        <time>2023-05-01T08:13:11.924Z</time>
        <ele>36.66423053748919</ele>
      </trkpt>
      <trkpt lat="25.014840000000003" lon="121.58538000000001">
        <time>2023-05-01T08:13:17.924Z</time>
        <ele>36.596056731012844</ele>
      </trkpt>
      <trkpt lat="25.0148" lon="121.58527000000001">
        <time>2023-05-01T08:13:23.924Z</time>
        <ele>35.788636070243726</ele>
      </trkpt>
      <trkpt lat="25.014580000000002" lon="121.58499">
        <time>2023-05-01T08:13:29.924Z</time>
        <ele>33.26812536402267</ele>
      </trkpt>
      <trkpt lat="25.0145" lon="121.58486">
        <time>2023-05-01T08:13:35.924Z</time>
        <ele>32.84287659128046</ele>
      </trkpt>
      <trkpt lat="25.01442" lon="121.58452000000001">
        <time>2023-05-01T08:13:41.924Z</time>
        <ele>34.213807242413495</ele>
      </trkpt>
      <trkpt lat="25.014370000000003" lon="121.58442000000001">
        <time>2023-05-01T08:13:47.924Z</time>
        <ele>34.65912900878306</ele>
      </trkpt>
      <trkpt lat="25.014300000000002" lon="121.58435000000001">
        <time>2023-05-01T08:13:53.924Z</time>
        <ele>35.064880073763256</ele>
      </trkpt>
      <trkpt lat="25.014070000000004" lon="121.58421000000001">
        <time>2023-05-01T08:13:59.924Z</time>
        <ele>36.19174198018888</ele>
      </trkpt>
      <trkpt lat="25.01396" lon="121.58414">
        <time>2023-05-01T08:14:05.924Z</time>
        <ele>36.736538490865534</ele>
      </trkpt>
      <trkpt lat="25.01386" lon="121.58402000000001">
        <time>2023-05-01T08:14:11.924Z</time>
        <ele>37.3714036200102</ele>
      </trkpt>
      <trkpt lat="25.013800000000003" lon="121.58389000000001">
        <time>2023-05-01T08:14:17.924Z</time>
        <ele>37.940328696264984</ele>
      </trkpt>
      <trkpt lat="25.013800000000003" lon="121.58390000000001">
        <time>2023-05-01T08:14:23.924Z</time>
        <ele>37.97936982198521</ele>
      </trkpt>
      <trkpt lat="25.013710000000003" lon="121.58352000000001">
        <time>2023-05-01T08:14:29.924Z</time>
        <ele>39.51222668266921</ele>
      </trkpt>
      <trkpt lat="25.01358" lon="121.58319000000002">
        <time>2023-05-01T08:14:35.924Z</time>
        <ele>36.74657768581761</ele>
      </trkpt>
      <trkpt lat="25.01341" lon="121.58289">
        <time>2023-05-01T08:14:41.924Z</time>
        <ele>32.77846933124118</ele>
      </trkpt>
      <trkpt lat="25.013340000000003" lon="121.58265000000002">
        <time>2023-05-01T08:14:47.924Z</time>
        <ele>29.9480011365999</ele>
      </trkpt>
      <trkpt lat="25.0133" lon="121.58217">
        <time>2023-05-01T08:14:53.924Z</time>
        <ele>24.534015900366725</ele>
      </trkpt>
      <trkpt lat="25.013150000000003" lon="121.58151000000001">
        <time>2023-05-01T08:14:59.924Z</time>
        <ele>23.74965667724609</ele>
      </trkpt>
      <trkpt lat="25.012900000000002" lon="121.58091">
        <time>2023-05-01T08:15:05.924Z</time>
        <ele>23.74965667724609</ele>
      </trkpt>
      <trkpt lat="25.012710000000002" lon="121.58054000000001">
        <time>2023-05-01T08:15:11.924Z</time>
        <ele>23.74965667724609</ele>
      </trkpt>
      <trkpt lat="25.01263" lon="121.58028000000002">
        <time>2023-05-01T08:15:17.924Z</time>
        <ele>23.74965667724609</ele>
      </trkpt>
      <trkpt lat="25.01264" lon="121.58028000000002">
        <time>2023-05-01T08:15:23.924Z</time>
        <ele>23.74965667724609</ele>
      </trkpt>
      <trkpt lat="25.012500000000003" lon="121.5798">
        <time>2023-05-01T08:15:29.924Z</time>
        <ele>23.74965667724609</ele>
      </trkpt>
      <trkpt lat="25.012430000000002" lon="121.5793">
        <time>2023-05-01T08:15:35.924Z</time>
        <ele>23.74965667724609</ele>
      </trkpt>
      <trkpt lat="25.012400000000003" lon="121.57924000000001">
        <time>2023-05-01T08:15:41.924Z</time>
        <ele>23.74965667724609</ele>
      </trkpt>
      <trkpt lat="25.012400000000003" lon="121.57925000000002">
        <time>2023-05-01T08:15:47.924Z</time>
        <ele>23.74965667724609</ele>
      </trkpt>
      <trkpt lat="25.012300000000003" lon="121.57909000000001">
        <time>2023-05-01T08:15:53.924Z</time>
        <ele>23.74965667724609</ele>
      </trkpt>
      <trkpt lat="25.01217" lon="121.57899">
        <time>2023-05-01T08:15:59.924Z</time>
        <ele>23.74965667724609</ele>
      </trkpt>
      <trkpt lat="25.012040000000002" lon="121.57896000000001">
        <time>2023-05-01T08:16:05.924Z</time>
        <ele>23.74965667724609</ele>
      </trkpt>
      <trkpt lat="25.012050000000002" lon="121.57909000000001">
        <time>2023-05-01T08:16:11.924Z</time>
        <ele>23.74965667724609</ele>
      </trkpt>
      <trkpt lat="25.01206" lon="121.57909000000001">
        <time>2023-05-01T08:16:17.924Z</time>
        <ele>23.74965667724609</ele>
      </trkpt>
      <trkpt lat="25.012230000000002" lon="121.57934000000002">
        <time>2023-05-01T08:16:23.924Z</time>
        <ele>23.74965667724609</ele>
      </trkpt>
      <trkpt lat="25.01227" lon="121.57945000000001">
        <time>2023-05-01T08:16:29.924Z</time>
        <ele>23.74965667724609</ele>
      </trkpt>
      <trkpt lat="25.01226" lon="121.57957">
        <time>2023-05-01T08:16:35.924Z</time>
        <ele>23.74965667724609</ele>
      </trkpt>
      <trkpt lat="25.012150000000002" lon="121.57982000000001">
        <time>2023-05-01T08:16:41.924Z</time>
        <ele>23.74965667724609</ele>
      </trkpt>
      <trkpt lat="25.01208" lon="121.57990000000001">
        <time>2023-05-01T08:16:47.924Z</time>
        <ele>23.74965667724609</ele>
      </trkpt>
      <trkpt lat="25.01199" lon="121.58002">
        <time>2023-05-01T08:16:53.924Z</time>
        <ele>23.74965667724609</ele>
      </trkpt>
      <trkpt lat="25.01191" lon="121.58017000000001">
        <time>2023-05-01T08:16:59.924Z</time>
        <ele>23.74965667724609</ele>
      </trkpt>
      <trkpt lat="25.011860000000002" lon="121.58030000000001">
        <time>2023-05-01T08:17:05.924Z</time>
        <ele>23.74965667724609</ele>
      </trkpt>
      <trkpt lat="25.011830000000003" lon="121.58055000000002">
        <time>2023-05-01T08:17:11.924Z</time>
        <ele>23.74965667724609</ele>
      </trkpt>
      <trkpt lat="25.01189" lon="121.58087">
        <time>2023-05-01T08:17:17.924Z</time>
        <ele>23.74965667724609</ele>
      </trkpt>
      <trkpt lat="25.01208" lon="121.58126000000001">
        <time>2023-05-01T08:17:23.924Z</time>
        <ele>23.74965667724609</ele>
      </trkpt>
      <trkpt lat="25.012130000000003" lon="121.58139000000001">
        <time>2023-05-01T08:17:29.924Z</time>
        <ele>23.74965667724609</ele>
      </trkpt>
      <trkpt lat="25.012150000000002" lon="121.58146">
        <time>2023-05-01T08:17:35.924Z</time>
        <ele>23.74965667724609</ele>
      </trkpt>
      <trkpt lat="25.012150000000002" lon="121.58160000000001">
        <time>2023-05-01T08:17:41.924Z</time>
        <ele>23.74965667724609</ele>
      </trkpt>
      <trkpt lat="25.01209" lon="121.58184000000001">
        <time>2023-05-01T08:17:47.924Z</time>
        <ele>23.74965667724609</ele>
      </trkpt>
      <trkpt lat="25.012" lon="121.58199">
        <time>2023-05-01T08:17:53.924Z</time>
        <ele>23.74965667724609</ele>
      </trkpt>
      <trkpt lat="25.01191" lon="121.58218000000001">
        <time>2023-05-01T08:17:59.924Z</time>
        <ele>23.74965667724609</ele>
      </trkpt>
      <trkpt lat="25.01179" lon="121.58237000000001">
        <time>2023-05-01T08:18:05.924Z</time>
        <ele>23.74965667724609</ele>
      </trkpt>
      <trkpt lat="25.011730000000004" lon="121.58248">
        <time>2023-05-01T08:18:11.924Z</time>
        <ele>23.74965667724609</ele>
      </trkpt>
      <trkpt lat="25.01171" lon="121.58262">
        <time>2023-05-01T08:18:17.924Z</time>
        <ele>23.74965667724609</ele>
      </trkpt>
      <trkpt lat="25.01172" lon="121.58273000000001">
        <time>2023-05-01T08:18:23.924Z</time>
        <ele>23.74965667724609</ele>
      </trkpt>
      <trkpt lat="25.011760000000002" lon="121.58285000000001">
        <time>2023-05-01T08:18:29.924Z</time>
        <ele>23.74965667724609</ele>
      </trkpt>
      <trkpt lat="25.0118" lon="121.58292000000002">
        <time>2023-05-01T08:18:35.924Z</time>
        <ele>23.74965667724609</ele>
      </trkpt>
      <trkpt lat="25.011850000000003" lon="121.58296000000001">
        <time>2023-05-01T08:18:41.924Z</time>
        <ele>23.74965667724609</ele>
      </trkpt>
      <trkpt lat="25.011960000000002" lon="121.58298">
        <time>2023-05-01T08:18:47.924Z</time>
        <ele>23.74965667724609</ele>
      </trkpt>
      <trkpt lat="25.012040000000002" lon="121.58295000000001">
        <time>2023-05-01T08:18:53.924Z</time>
        <ele>23.74965667724609</ele>
      </trkpt>
      <trkpt lat="25.012210000000003" lon="121.58296000000001">
        <time>2023-05-01T08:18:59.924Z</time>
        <ele>23.74965667724609</ele>
      </trkpt>
      <trkpt lat="25.012300000000003" lon="121.58299000000001">
        <time>2023-05-01T08:19:05.924Z</time>
        <ele>23.74965667724609</ele>
      </trkpt>
      <trkpt lat="25.01236" lon="121.58306">
        <time>2023-05-01T08:19:11.924Z</time>
        <ele>23.74965667724609</ele>
      </trkpt>
      <trkpt lat="25.01244" lon="121.58323000000001">
        <time>2023-05-01T08:19:17.924Z</time>
        <ele>23.74965667724609</ele>
      </trkpt>
      <trkpt lat="25.01247" lon="121.58334">
        <time>2023-05-01T08:19:23.924Z</time>
        <ele>23.74965667724609</ele>
      </trkpt>
      <trkpt lat="25.01244" lon="121.58382">
        <time>2023-05-01T08:19:29.924Z</time>
        <ele>23.74965667724609</ele>
      </trkpt>
      <trkpt lat="25.012430000000002" lon="121.58399000000001">
        <time>2023-05-01T08:19:35.924Z</time>
        <ele>23.74965667724609</ele>
      </trkpt>
      <trkpt lat="25.01237" lon="121.58417000000001">
        <time>2023-05-01T08:19:41.924Z</time>
        <ele>23.74965667724609</ele>
      </trkpt>
      <trkpt lat="25.01235" lon="121.58427">
        <time>2023-05-01T08:19:47.924Z</time>
        <ele>23.74965667724609</ele>
      </trkpt>
      <trkpt lat="25.01236" lon="121.58435000000001">
        <time>2023-05-01T08:19:53.924Z</time>
        <ele>23.74965667724609</ele>
      </trkpt>
      <trkpt lat="25.01244" lon="121.58442000000001">
        <time>2023-05-01T08:19:59.924Z</time>
        <ele>23.74965667724609</ele>
      </trkpt>
      <trkpt lat="25.012500000000003" lon="121.58451000000001">
        <time>2023-05-01T08:20:05.924Z</time>
        <ele>23.74965667724609</ele>
      </trkpt>
      <trkpt lat="25.012520000000002" lon="121.58469000000001">
        <time>2023-05-01T08:20:11.924Z</time>
        <ele>23.74965667724609</ele>
      </trkpt>
      <trkpt lat="25.012420000000002" lon="121.58485">
        <time>2023-05-01T08:20:17.924Z</time>
        <ele>23.74965667724609</ele>
      </trkpt>
      <trkpt lat="25.01235" lon="121.58500000000001">
        <time>2023-05-01T08:20:23.924Z</time>
        <ele>23.74965667724609</ele>
      </trkpt>
      <trkpt lat="25.01237" lon="121.58545000000001">
        <time>2023-05-01T08:20:29.924Z</time>
        <ele>23.74965667724609</ele>
      </trkpt>
      <trkpt lat="25.01228" lon="121.58562">
        <time>2023-05-01T08:20:35.924Z</time>
        <ele>23.74965667724609</ele>
      </trkpt>
      <trkpt lat="25.01225" lon="121.58571">
        <time>2023-05-01T08:20:41.924Z</time>
        <ele>23.74965667724609</ele>
      </trkpt>
      <trkpt lat="25.012290000000004" lon="121.5858">
        <time>2023-05-01T08:20:47.924Z</time>
        <ele>23.74965667724609</ele>
      </trkpt>
      <trkpt lat="25.01235" lon="121.58586000000001">
        <time>2023-05-01T08:20:53.924Z</time>
        <ele>23.74965667724609</ele>
      </trkpt>
      <trkpt lat="25.01254" lon="121.58598">
        <time>2023-05-01T08:20:59.924Z</time>
        <ele>23.74965667724609</ele>
      </trkpt>
      <trkpt lat="25.01254" lon="121.58599000000001">
        <time>2023-05-01T08:21:05.924Z</time>
        <ele>23.74965667724609</ele>
      </trkpt>
      <trkpt lat="25.012580000000003" lon="121.58601000000002">
        <time>2023-05-01T08:21:11.924Z</time>
        <ele>23.74965667724609</ele>
      </trkpt>
      <trkpt lat="25.012620000000002" lon="121.58611">
        <time>2023-05-01T08:21:17.924Z</time>
        <ele>23.74965667724609</ele>
      </trkpt>
      <trkpt lat="25.012610000000002" lon="121.58622000000001">
        <time>2023-05-01T08:21:23.924Z</time>
        <ele>23.74965667724609</ele>
      </trkpt>
      <trkpt lat="25.01238" lon="121.58659000000002">
        <time>2023-05-01T08:21:29.924Z</time>
        <ele>23.74965667724609</ele>
      </trkpt>
      <trkpt lat="25.01236" lon="121.58672000000001">
        <time>2023-05-01T08:21:35.924Z</time>
        <ele>23.74965667724609</ele>
      </trkpt>
      <trkpt lat="25.01238" lon="121.58688000000001">
        <time>2023-05-01T08:21:41.924Z</time>
        <ele>23.74965667724609</ele>
      </trkpt>
      <trkpt lat="25.01236" lon="121.58699000000001">
        <time>2023-05-01T08:21:47.924Z</time>
        <ele>23.74965667724609</ele>
      </trkpt>
      <trkpt lat="25.012230000000002" lon="121.58711000000001">
        <time>2023-05-01T08:21:53.924Z</time>
        <ele>23.74965667724609</ele>
      </trkpt>
      <trkpt lat="25.01217" lon="121.58715000000001">
        <time>2023-05-01T08:21:59.924Z</time>
        <ele>23.74965667724609</ele>
      </trkpt>
      <trkpt lat="25.01208" lon="121.58716000000001">
        <time>2023-05-01T08:22:05.924Z</time>
        <ele>23.74965667724609</ele>
      </trkpt>
      <trkpt lat="25.011490000000002" lon="121.58714">
        <time>2023-05-01T08:22:11.924Z</time>
        <ele>23.74965667724609</ele>
      </trkpt>
      <trkpt lat="25.011290000000002" lon="121.58719">
        <time>2023-05-01T08:22:17.924Z</time>
        <ele>23.74965667724609</ele>
      </trkpt>
      <trkpt lat="25.01114" lon="121.58718">
        <time>2023-05-01T08:22:23.924Z</time>
        <ele>23.74965667724609</ele>
      </trkpt>
      <trkpt lat="25.01104" lon="121.58715000000001">
        <time>2023-05-01T08:22:29.924Z</time>
        <ele>23.74965667724609</ele>
      </trkpt>
      <trkpt lat="25.010980000000004" lon="121.58717000000001">
        <time>2023-05-01T08:22:35.924Z</time>
        <ele>23.74965667724609</ele>
      </trkpt>
      <trkpt lat="25.01096" lon="121.58718">
        <time>2023-05-01T08:22:41.924Z</time>
        <ele>23.74965667724609</ele>
      </trkpt>
      <trkpt lat="25.010900000000003" lon="121.58731000000002">
        <time>2023-05-01T08:22:47.924Z</time>
        <ele>23.74965667724609</ele>
      </trkpt>
      <trkpt lat="25.01094" lon="121.58765000000001">
        <time>2023-05-01T08:22:53.924Z</time>
        <ele>23.74965667724609</ele>
      </trkpt>
      <trkpt lat="25.010890000000003" lon="121.58783000000001">
        <time>2023-05-01T08:22:59.924Z</time>
        <ele>23.74965667724609</ele>
      </trkpt>
      <trkpt lat="25.010790000000004" lon="121.58800000000001">
        <time>2023-05-01T08:23:05.924Z</time>
        <ele>23.74965667724609</ele>
      </trkpt>
      <trkpt lat="25.01077" lon="121.58822">
        <time>2023-05-01T08:23:11.924Z</time>
        <ele>23.74965667724609</ele>
      </trkpt>
      <trkpt lat="25.010790000000004" lon="121.58833000000001">
        <time>2023-05-01T08:23:17.924Z</time>
        <ele>23.74965667724609</ele>
      </trkpt>
      <trkpt lat="25.01084" lon="121.58843000000002">
        <time>2023-05-01T08:23:23.924Z</time>
        <ele>23.74965667724609</ele>
      </trkpt>
      <trkpt lat="25.010930000000002" lon="121.58851000000001">
        <time>2023-05-01T08:23:29.924Z</time>
        <ele>23.74965667724609</ele>
      </trkpt>
      <trkpt lat="25.01104" lon="121.58852000000002">
        <time>2023-05-01T08:23:35.924Z</time>
        <ele>23.74965667724609</ele>
      </trkpt>
      <trkpt lat="25.01122" lon="121.58844">
        <time>2023-05-01T08:23:41.924Z</time>
        <ele>23.74965667724609</ele>
      </trkpt>
      <trkpt lat="25.01133" lon="121.58836000000001">
        <time>2023-05-01T08:23:47.924Z</time>
        <ele>23.74965667724609</ele>
      </trkpt>
      <trkpt lat="25.011450000000004" lon="121.58832000000001">
        <time>2023-05-01T08:23:53.924Z</time>
        <ele>23.74965667724609</ele>
      </trkpt>
      <trkpt lat="25.011540000000004" lon="121.58835">
        <time>2023-05-01T08:23:59.924Z</time>
        <ele>23.74965667724609</ele>
      </trkpt>
      <trkpt lat="25.011540000000004" lon="121.58836000000001">
        <time>2023-05-01T08:24:05.924Z</time>
        <ele>23.74965667724609</ele>
      </trkpt>
      <trkpt lat="25.011640000000003" lon="121.58842000000001">
        <time>2023-05-01T08:24:11.924Z</time>
        <ele>23.74965667724609</ele>
      </trkpt>
      <trkpt lat="25.011830000000003" lon="121.58858000000001">
        <time>2023-05-01T08:24:17.924Z</time>
        <ele>23.74965667724609</ele>
      </trkpt>
      <trkpt lat="25.01206" lon="121.58872000000001">
        <time>2023-05-01T08:24:23.924Z</time>
        <ele>23.74965667724609</ele>
      </trkpt>
      <trkpt lat="25.012200000000004" lon="121.58882000000001">
        <time>2023-05-01T08:24:29.924Z</time>
        <ele>23.74965667724609</ele>
      </trkpt>
      <trkpt lat="25.012300000000003" lon="121.58900000000001">
        <time>2023-05-01T08:24:35.924Z</time>
        <ele>23.74965667724609</ele>
      </trkpt>
      <trkpt lat="25.012330000000002" lon="121.58912000000001">
        <time>2023-05-01T08:24:41.924Z</time>
        <ele>23.74965667724609</ele>
      </trkpt>
      <trkpt lat="25.01237" lon="121.58946000000002">
        <time>2023-05-01T08:24:47.924Z</time>
        <ele>23.74965667724609</ele>
      </trkpt>
      <trkpt lat="25.012340000000002" lon="121.58947">
        <time>2023-05-01T08:24:53.924Z</time>
        <ele>23.74965667724609</ele>
      </trkpt>
      <trkpt lat="25.01172" lon="121.58963000000001">
        <time>2023-05-01T08:24:59.924Z</time>
        <ele>23.74965667724609</ele>
      </trkpt>
      <trkpt lat="25.01142" lon="121.58964000000002">
        <time>2023-05-01T08:25:05.924Z</time>
        <ele>23.74965667724609</ele>
      </trkpt>
      <trkpt lat="25.011260000000004" lon="121.5896">
        <time>2023-05-01T08:25:11.924Z</time>
        <ele>23.74965667724609</ele>
      </trkpt>
      <trkpt lat="25.011270000000003" lon="121.5896">
        <time>2023-05-01T08:25:17.924Z</time>
        <ele>23.74965667724609</ele>
      </trkpt>
      <trkpt lat="25.01103" lon="121.58953000000001">
        <time>2023-05-01T08:25:23.924Z</time>
        <ele>23.74965667724609</ele>
      </trkpt>
      <trkpt lat="25.010930000000002" lon="121.58956">
        <time>2023-05-01T08:25:29.924Z</time>
        <ele>23.74965667724609</ele>
      </trkpt>
      <trkpt lat="25.01078" lon="121.58971000000001">
        <time>2023-05-01T08:25:35.924Z</time>
        <ele>23.74965667724609</ele>
      </trkpt>
      <trkpt lat="25.010700000000003" lon="121.58981000000001">
        <time>2023-05-01T08:25:41.924Z</time>
        <ele>23.74965667724609</ele>
      </trkpt>
      <trkpt lat="25.01068" lon="121.58981000000001">
        <time>2023-05-01T08:25:47.924Z</time>
        <ele>23.74965667724609</ele>
      </trkpt>
      <trkpt lat="25.01059" lon="121.58984000000001">
        <time>2023-05-01T08:25:53.924Z</time>
        <ele>23.74965667724609</ele>
      </trkpt>
      <trkpt lat="25.010510000000004" lon="121.58977000000002">
        <time>2023-05-01T08:25:59.924Z</time>
        <ele>23.74965667724609</ele>
      </trkpt>
      <trkpt lat="25.01049" lon="121.58966000000001">
        <time>2023-05-01T08:26:05.924Z</time>
        <ele>23.74965667724609</ele>
      </trkpt>
      <trkpt lat="25.010510000000004" lon="121.58952000000001">
        <time>2023-05-01T08:26:11.924Z</time>
        <ele>23.74965667724609</ele>
      </trkpt>
      <trkpt lat="25.01058" lon="121.58940000000001">
        <time>2023-05-01T08:26:17.924Z</time>
        <ele>23.74965667724609</ele>
      </trkpt>
      <trkpt lat="25.010720000000003" lon="121.58935000000001">
        <time>2023-05-01T08:26:23.924Z</time>
        <ele>23.74965667724609</ele>
      </trkpt>
      <trkpt lat="25.011290000000002" lon="121.58940000000001">
        <time>2023-05-01T08:26:29.924Z</time>
        <ele>23.74965667724609</ele>
      </trkpt>
      <trkpt lat="25.011400000000002" lon="121.58934">
        <time>2023-05-01T08:26:35.924Z</time>
        <ele>23.74965667724609</ele>
      </trkpt>
      <trkpt lat="25.01144" lon="121.58921000000001">
        <time>2023-05-01T08:26:41.924Z</time>
        <ele>23.74965667724609</ele>
      </trkpt>
      <trkpt lat="25.01144" lon="121.58913000000001">
        <time>2023-05-01T08:26:47.924Z</time>
        <ele>23.74965667724609</ele>
      </trkpt>
      <trkpt lat="25.011450000000004" lon="121.58907">
        <time>2023-05-01T08:26:53.924Z</time>
        <ele>23.74965667724609</ele>
      </trkpt>
      <trkpt lat="25.011400000000002" lon="121.58893">
        <time>2023-05-01T08:26:59.924Z</time>
        <ele>23.74965667724609</ele>
      </trkpt>
      <trkpt lat="25.011290000000002" lon="121.58883000000002">
        <time>2023-05-01T08:27:05.924Z</time>
        <ele>23.74965667724609</ele>
      </trkpt>
      <trkpt lat="25.011100000000003" lon="121.58882000000001">
        <time>2023-05-01T08:27:11.924Z</time>
        <ele>23.74965667724609</ele>
      </trkpt>
      <trkpt lat="25.01085" lon="121.58885000000001">
        <time>2023-05-01T08:27:17.924Z</time>
        <ele>23.74965667724609</ele>
      </trkpt>
      <trkpt lat="25.010600000000004" lon="121.58886000000001">
        <time>2023-05-01T08:27:23.924Z</time>
        <ele>23.74965667724609</ele>
      </trkpt>
      <trkpt lat="25.01048" lon="121.58884">
        <time>2023-05-01T08:27:29.924Z</time>
        <ele>23.74965667724609</ele>
      </trkpt>
      <trkpt lat="25.00962" lon="121.58853">
        <time>2023-05-01T08:27:35.924Z</time>
        <ele>23.74965667724609</ele>
      </trkpt>
      <trkpt lat="25.00937" lon="121.58851000000001">
        <time>2023-05-01T08:27:41.924Z</time>
        <ele>23.74965667724609</ele>
      </trkpt>
      <trkpt lat="25.009200000000003" lon="121.58855000000001">
        <time>2023-05-01T08:27:47.924Z</time>
        <ele>23.74965667724609</ele>
      </trkpt>
      <trkpt lat="25.00897" lon="121.58867000000001">
        <time>2023-05-01T08:27:53.924Z</time>
        <ele>23.74965667724609</ele>
      </trkpt>
      <trkpt lat="25.008740000000003" lon="121.58882000000001">
        <time>2023-05-01T08:27:59.924Z</time>
        <ele>23.74965667724609</ele>
      </trkpt>
      <trkpt lat="25.008560000000003" lon="121.58907">
        <time>2023-05-01T08:28:05.924Z</time>
        <ele>23.74965667724609</ele>
      </trkpt>
      <trkpt lat="25.008470000000003" lon="121.58935000000001">
        <time>2023-05-01T08:28:11.924Z</time>
        <ele>23.74965667724609</ele>
      </trkpt>
      <trkpt lat="25.008450000000003" lon="121.58963000000001">
        <time>2023-05-01T08:28:17.924Z</time>
        <ele>23.74965667724609</ele>
      </trkpt>
      <trkpt lat="25.008440000000004" lon="121.58966000000001">
        <time>2023-05-01T08:28:23.924Z</time>
        <ele>23.74965667724609</ele>
      </trkpt>
      <trkpt lat="25.0084" lon="121.58974">
        <time>2023-05-01T08:28:29.924Z</time>
        <ele>23.74965667724609</ele>
      </trkpt>
      <trkpt lat="25.008190000000003" lon="121.58989000000001">
        <time>2023-05-01T08:28:35.924Z</time>
        <ele>23.74965667724609</ele>
      </trkpt>
      <trkpt lat="25.008000000000003" lon="121.58999000000001">
        <time>2023-05-01T08:28:41.924Z</time>
        <ele>23.74965667724609</ele>
      </trkpt>
      <trkpt lat="25.00776" lon="121.59007000000001">
        <time>2023-05-01T08:28:47.924Z</time>
        <ele>23.74965667724609</ele>
      </trkpt>
      <trkpt lat="25.00738" lon="121.59004000000002">
        <time>2023-05-01T08:28:53.924Z</time>
        <ele>23.74965667724609</ele>
      </trkpt>
      <trkpt lat="25.007060000000003" lon="121.58991">
        <time>2023-05-01T08:28:59.924Z</time>
        <ele>23.74965667724609</ele>
      </trkpt>
      <trkpt lat="25.007" lon="121.58976000000001">
        <time>2023-05-01T08:29:05.924Z</time>
        <ele>23.74965667724609</ele>
      </trkpt>
      <trkpt lat="25.007" lon="121.58977000000002">
        <time>2023-05-01T08:29:11.924Z</time>
        <ele>23.74965667724609</ele>
      </trkpt>
      <trkpt lat="25.006970000000003" lon="121.58965">
        <time>2023-05-01T08:29:17.924Z</time>
        <ele>23.74965667724609</ele>
      </trkpt>
      <trkpt lat="25.007080000000002" lon="121.58866">
        <time>2023-05-01T08:29:23.924Z</time>
        <ele>23.74965667724609</ele>
      </trkpt>
      <trkpt lat="25.007070000000002" lon="121.58857">
        <time>2023-05-01T08:29:29.924Z</time>
        <ele>23.74965667724609</ele>
      </trkpt>
      <trkpt lat="25.00702" lon="121.58838000000002">
        <time>2023-05-01T08:29:35.924Z</time>
        <ele>23.74965667724609</ele>
      </trkpt>
      <trkpt lat="25.006970000000003" lon="121.58829000000001">
        <time>2023-05-01T08:29:41.924Z</time>
        <ele>23.74965667724609</ele>
      </trkpt>
      <trkpt lat="25.006950000000003" lon="121.58818000000001">
        <time>2023-05-01T08:29:47.924Z</time>
        <ele>23.74965667724609</ele>
      </trkpt>
      <trkpt lat="25.006960000000003" lon="121.58811000000001">
        <time>2023-05-01T08:29:53.924Z</time>
        <ele>23.74965667724609</ele>
      </trkpt>
      <trkpt lat="25.00702" lon="121.58802000000001">
        <time>2023-05-01T08:29:59.924Z</time>
        <ele>23.74965667724609</ele>
      </trkpt>
      <trkpt lat="25.007150000000003" lon="121.58792000000001">
        <time>2023-05-01T08:30:05.924Z</time>
        <ele>23.74965667724609</ele>
      </trkpt>
      <trkpt lat="25.007260000000002" lon="121.58787000000001">
        <time>2023-05-01T08:30:11.924Z</time>
        <ele>23.74965667724609</ele>
      </trkpt>
      <trkpt lat="25.007360000000002" lon="121.58774000000001">
        <time>2023-05-01T08:30:17.924Z</time>
        <ele>23.74965667724609</ele>
      </trkpt>
      <trkpt lat="25.0074" lon="121.58767000000002">
        <time>2023-05-01T08:30:23.924Z</time>
        <ele>23.74965667724609</ele>
      </trkpt>
      <trkpt lat="25.007430000000003" lon="121.58755000000001">
        <time>2023-05-01T08:30:29.924Z</time>
        <ele>23.74965667724609</ele>
      </trkpt>
      <trkpt lat="25.00737" lon="121.58727">
        <time>2023-05-01T08:30:35.924Z</time>
        <ele>23.74965667724609</ele>
      </trkpt>
      <trkpt lat="25.00728" lon="121.58711000000001">
        <time>2023-05-01T08:30:41.924Z</time>
        <ele>23.74965667724609</ele>
      </trkpt>
      <trkpt lat="25.00728" lon="121.58712000000001">
        <time>2023-05-01T08:30:47.924Z</time>
        <ele>23.74965667724609</ele>
      </trkpt>
      <trkpt lat="25.00711" lon="121.58682">
        <time>2023-05-01T08:30:53.924Z</time>
        <ele>23.74965667724609</ele>
      </trkpt>
      <trkpt lat="25.007040000000003" lon="121.5866">
        <time>2023-05-01T08:30:59.924Z</time>
        <ele>23.74965667724609</ele>
      </trkpt>
      <trkpt lat="25.007" lon="121.58640000000001">
        <time>2023-05-01T08:31:05.924Z</time>
        <ele>23.74965667724609</ele>
      </trkpt>
      <trkpt lat="25.006960000000003" lon="121.58628000000002">
        <time>2023-05-01T08:31:11.924Z</time>
        <ele>23.74965667724609</ele>
      </trkpt>
      <trkpt lat="25.006890000000002" lon="121.58619000000002">
        <time>2023-05-01T08:31:17.924Z</time>
        <ele>23.74965667724609</ele>
      </trkpt>
      <trkpt lat="25.006790000000002" lon="121.58614000000001">
        <time>2023-05-01T08:31:23.924Z</time>
        <ele>23.74965667724609</ele>
      </trkpt>
      <trkpt lat="25.00665" lon="121.58612000000001">
        <time>2023-05-01T08:31:29.924Z</time>
        <ele>23.74965667724609</ele>
      </trkpt>
      <trkpt lat="25.00636" lon="121.58611">
        <time>2023-05-01T08:31:35.924Z</time>
        <ele>23.74965667724609</ele>
      </trkpt>
      <trkpt lat="25.00616" lon="121.58595000000001">
        <time>2023-05-01T08:31:41.924Z</time>
        <ele>23.74965667724609</ele>
      </trkpt>
      <trkpt lat="25.00615" lon="121.58590000000001">
        <time>2023-05-01T08:31:47.924Z</time>
        <ele>23.74965667724609</ele>
      </trkpt>
      <trkpt lat="25.00615" lon="121.58591000000001">
        <time>2023-05-01T08:31:53.924Z</time>
        <ele>23.74965667724609</ele>
      </trkpt>
      <trkpt lat="25.006120000000003" lon="121.58582000000001">
        <time>2023-05-01T08:31:59.924Z</time>
        <ele>23.74965667724609</ele>
      </trkpt>
      <trkpt lat="25.006140000000002" lon="121.58564000000001">
        <time>2023-05-01T08:32:05.924Z</time>
        <ele>23.74965667724609</ele>
      </trkpt>
      <trkpt lat="25.00626" lon="121.58552000000002">
        <time>2023-05-01T08:32:11.924Z</time>
        <ele>23.74965667724609</ele>
      </trkpt>
      <trkpt lat="25.006400000000003" lon="121.58541000000001">
        <time>2023-05-01T08:32:17.924Z</time>
        <ele>23.74965667724609</ele>
      </trkpt>
      <trkpt lat="25.006870000000003" lon="121.58510000000001">
        <time>2023-05-01T08:32:23.924Z</time>
        <ele>23.74965667724609</ele>
      </trkpt>
      <trkpt lat="25.006990000000002" lon="121.58504">
        <time>2023-05-01T08:32:29.924Z</time>
        <ele>23.74965667724609</ele>
      </trkpt>
      <trkpt lat="25.00703" lon="121.58504">
        <time>2023-05-01T08:32:35.924Z</time>
        <ele>23.74965667724609</ele>
      </trkpt>
      <trkpt lat="25.007260000000002" lon="121.58503">
        <time>2023-05-01T08:32:41.924Z</time>
        <ele>23.74965667724609</ele>
      </trkpt>
      <trkpt lat="25.008020000000002" lon="121.58515000000001">
        <time>2023-05-01T08:32:47.924Z</time>
        <ele>23.74965667724609</ele>
      </trkpt>
      <trkpt lat="25.00872" lon="121.58579">
        <time>2023-05-01T08:32:53.924Z</time>
        <ele>23.74965667724609</ele>
      </trkpt>
      <trkpt lat="25.008850000000002" lon="121.58585000000001">
        <time>2023-05-01T08:32:59.924Z</time>
        <ele>23.74965667724609</ele>
      </trkpt>
      <trkpt lat="25.00898" lon="121.58579">
        <time>2023-05-01T08:33:05.924Z</time>
        <ele>23.74965667724609</ele>
      </trkpt>
      <trkpt lat="25.009030000000003" lon="121.58577000000001">
        <time>2023-05-01T08:33:11.924Z</time>
        <ele>23.74965667724609</ele>
      </trkpt>
      <trkpt lat="25.009050000000002" lon="121.58565000000002">
        <time>2023-05-01T08:33:17.924Z</time>
        <ele>23.74965667724609</ele>
      </trkpt>
      <trkpt lat="25.009" lon="121.58553">
        <time>2023-05-01T08:33:23.924Z</time>
        <ele>23.74965667724609</ele>
      </trkpt>
      <trkpt lat="25.008650000000003" lon="121.58482000000001">
        <time>2023-05-01T08:33:29.924Z</time>
        <ele>23.74965667724609</ele>
      </trkpt>
      <trkpt lat="25.00834" lon="121.58448000000001">
        <time>2023-05-01T08:33:35.924Z</time>
        <ele>23.74965667724609</ele>
      </trkpt>
      <trkpt lat="25.008190000000003" lon="121.58437">
        <time>2023-05-01T08:33:41.924Z</time>
        <ele>23.74965667724609</ele>
      </trkpt>
      <trkpt lat="25.007820000000002" lon="121.58424000000001">
        <time>2023-05-01T08:33:47.924Z</time>
        <ele>23.74965667724609</ele>
      </trkpt>
      <trkpt lat="25.00759" lon="121.58420000000001">
        <time>2023-05-01T08:33:53.924Z</time>
        <ele>23.74965667724609</ele>
      </trkpt>
      <trkpt lat="25.007270000000002" lon="121.58428">
        <time>2023-05-01T08:33:59.924Z</time>
        <ele>23.74965667724609</ele>
      </trkpt>
      <trkpt lat="25.006700000000002" lon="121.58459">
        <time>2023-05-01T08:34:05.924Z</time>
        <ele>23.74965667724609</ele>
      </trkpt>
      <trkpt lat="25.00645" lon="121.58466000000001">
        <time>2023-05-01T08:34:11.924Z</time>
        <ele>23.74965667724609</ele>
      </trkpt>
      <trkpt lat="25.00625" lon="121.58467000000002">
        <time>2023-05-01T08:34:17.924Z</time>
        <ele>23.74965667724609</ele>
      </trkpt>
      <trkpt lat="25.00598" lon="121.58465000000001">
        <time>2023-05-01T08:34:23.924Z</time>
        <ele>23.74965667724609</ele>
      </trkpt>
      <trkpt lat="25.00589" lon="121.58467000000002">
        <time>2023-05-01T08:34:29.924Z</time>
        <ele>23.74965667724609</ele>
      </trkpt>
      <trkpt lat="25.0056" lon="121.58474000000001">
        <time>2023-05-01T08:34:35.924Z</time>
        <ele>23.74965667724609</ele>
      </trkpt>
      <trkpt lat="25.005380000000002" lon="121.58480000000002">
        <time>2023-05-01T08:34:41.924Z</time>
        <ele>23.74965667724609</ele>
      </trkpt>
      <trkpt lat="25.005180000000003" lon="121.58480000000002">
        <time>2023-05-01T08:34:47.924Z</time>
        <ele>23.74965667724609</ele>
      </trkpt>
      <trkpt lat="25.004830000000002" lon="121.58473000000001">
        <time>2023-05-01T08:34:53.924Z</time>
        <ele>23.74965667724609</ele>
      </trkpt>
      <trkpt lat="25.00446" lon="121.58476000000002">
        <time>2023-05-01T08:34:59.924Z</time>
        <ele>23.74965667724609</ele>
      </trkpt>
      <trkpt lat="25.00438" lon="121.58479000000001">
        <time>2023-05-01T08:35:05.924Z</time>
        <ele>23.74965667724609</ele>
      </trkpt>
      <trkpt lat="25.00421" lon="121.58485">
        <time>2023-05-01T08:35:11.924Z</time>
        <ele>23.74965667724609</ele>
      </trkpt>
      <trkpt lat="25.00392" lon="121.58492000000001">
        <time>2023-05-01T08:35:17.924Z</time>
        <ele>23.74965667724609</ele>
      </trkpt>
      <trkpt lat="25.003780000000003" lon="121.58492000000001">
        <time>2023-05-01T08:35:23.924Z</time>
        <ele>23.74965667724609</ele>
      </trkpt>
      <trkpt lat="25.00371" lon="121.58492000000001">
        <time>2023-05-01T08:35:29.924Z</time>
        <ele>23.74965667724609</ele>
      </trkpt>
      <trkpt lat="25.00362" lon="121.58489000000002">
        <time>2023-05-01T08:35:35.924Z</time>
        <ele>23.74965667724609</ele>
      </trkpt>
      <trkpt lat="25.003220000000002" lon="121.58483000000001">
        <time>2023-05-01T08:35:41.924Z</time>
        <ele>23.74965667724609</ele>
      </trkpt>
      <trkpt lat="25.003110000000003" lon="121.58479000000001">
        <time>2023-05-01T08:35:47.924Z</time>
        <ele>23.74965667724609</ele>
      </trkpt>
      <trkpt lat="25.003020000000003" lon="121.58479000000001">
        <time>2023-05-01T08:35:53.924Z</time>
        <ele>23.74965667724609</ele>
      </trkpt>
      <trkpt lat="25.003020000000003" lon="121.58483000000001">
        <time>2023-05-01T08:35:59.924Z</time>
        <ele>23.74965667724609</ele>
      </trkpt>
      <trkpt lat="25.003020000000003" lon="121.58484000000001">
        <time>2023-05-01T08:36:05.924Z</time>
        <ele>23.74965667724609</ele>
      </trkpt>
      <trkpt lat="25.00298" lon="121.58441">
        <time>2023-05-01T08:36:11.924Z</time>
        <ele>23.74965667724609</ele>
      </trkpt>
      <trkpt lat="25.00289" lon="121.58404000000002">
        <time>2023-05-01T08:36:17.924Z</time>
        <ele>23.74965667724609</ele>
      </trkpt>
    </trkseg>
  </trk>
</gpx>